src,dst,support_c3,trussness_c3,support_c4,trussness_c4,support_c5,trussness_c5,support_c6,trussness_c6
I:4b0587b8f964a52012a122e3,I:4b35a0aaf964a5204a2e25e3,19,16,290,240,4464,3360,64256,43680
I:4b0587b8f964a52012a122e3,I:4b582d82f964a520084d28e3,17,16,282,240,4334,3360,62610,43680
I:4b0587b8f964a52012a122e3,I:4b5bad9cf964a520820f29e3,16,16,289,240,4462,3360,64178,43680
I:4b0587b8f964a52012a122e3,I:4b5bb41df964a520111129e3,19,16,302,240,4646,3360,66681,43680
I:4b0587b8f964a52012a122e3,I:4b5beeb7f964a520d61d29e3,17,16,287,240,4443,3360,64003,43680
I:4b0587b8f964a52012a122e3,I:4b6154f1f964a52056102ae3,17,16,274,240,4204,3360,60907,43680
I:4b0587b8f964a52012a122e3,I:4b6a851bf964a52093d72be3,18,16,292,240,4504,3360,64818,43680
I:4b0587b8f964a52012a122e3,I:4b7520b8f964a520b6fe2de3,19,16,278,240,4255,3360,61552,43680
I:4b0587b8f964a52012a122e3,I:4b91b2e9f964a520c9d033e3,17,16,267,240,4101,3360,59503,43680
I:4b0587b8f964a52012a122e3,I:4bb596022ea1952114a4aa2f,16,16,259,240,3974,3360,57763,43680
I:4b0587b8f964a52012a122e3,I:4c56628e30d82d7f9490d762,16,16,258,240,3960,3360,57570,43680
I:4b0587b8f964a52012a122e3,I:4d3a7f9317312c0fc7e629f2,16,16,258,240,3960,3360,57570,43680
I:4b0587b8f964a52012a122e3,I:4dd3951cd22dc96be80944d4,19,16,295,240,4523,3360,64828,43680
I:4b0587b8f964a52012a122e3,I:4e13d537b61c18a826fcd777,16,16,259,240,3973,3360,57802,43680
I:4b0587b8f964a52012a122e3,I:4e910f436d8615aa713956d3,16,16,289,240,4444,3360,63962,43680
I:4b0587b8f964a52012a122e3,I:4eb3c2e3469073bbc565879d,16,16,258,240,3960,3360,57570,43680
I:4b0587b8f964a52012a122e3,I:4f533277e4b036244b07dbd3,16,16,261,240,4003,3360,58165,43680
I:4b0587b8f964a52012a122e3,U:1049,0,0,0,0,0,0,0,0
I:4b0587b8f964a52012a122e3,U:1120,2,2,35,34,593,555,9147,8245
I:4b0587b8f964a52012a122e3,U:1143,0,0,2,2,32,31,647,625
I:4b0587b8f964a52012a122e3,U:1152,3,3,54,50,863,778,13198,11361
I:4b0587b8f964a52012a122e3,U:120,0,0,0,0,0,0,0,0
I:4b0587b8f964a52012a122e3,U:1389,0,0,0,0,0,0,0,0
I:4b0587b8f964a52012a122e3,U:1512,1,1,16,16,291,282,4508,4320
I:4b0587b8f964a52012a122e3,U:1689,0,0,0,0,19,14,440,270
I:4b0587b8f964a52012a122e3,U:1733,0,0,0,0,0,0,0,0
I:4b0587b8f964a52012a122e3,U:1780,0,0,0,0,15,11,302,233
I:4b0587b8f964a52012a122e3,U:1961,3,3,58,50,955,780,15384,11365
I:4b0587b8f964a52012a122e3,U:2081,2,2,36,35,569,549,8704,8221
I:4b0587b8f964a52012a122e3,U:2231,2,2,39,35,641,562,10617,8550
I:4b0587b8f964a52012a122e3,U:232,0,0,0,0,0,0,0,0
I:4b0587b8f964a52012a122e3,U:338,0,0,0,0,0,0,0,0
I:4b0587b8f964a52012a122e3,U:852,2,2,33,32,635,555,10464,8508
I:4b0587b8f964a52012a122e3,U:92,0,0,2,2,32,31,647,625
I:4b0587b8f964a52012a122e3,U:935,2,2,33,33,557,537,8588,8046
I:4b0587b8f964a52012a122e3,U:991,1,1,18,18,290,289,4464,4404
I:4b35a0aaf964a5204a2e25e3,I:4b582d82f964a520084d28e3,17,16,302,240,4655,3360,66906,43680
I:4b35a0aaf964a5204a2e25e3,I:4b5bad9cf964a520820f29e3,18,16,305,240,4738,3360,67611,43680
I:4b35a0aaf964a5204a2e25e3,I:4b5bb41df964a520111129e3,20,16,320,240,5050,3360,70782,43680
I:4b35a0aaf964a5204a2e25e3,I:4b5beeb7f964a520d61d29e3,22,16,297,240,4648,3360,66110,43680
I:4b35a0aaf964a5204a2e25e3,I:4b6154f1f964a52056102ae3,19,16,290,240,4443,3360,64138,43680
I:4b35a0aaf964a5204a2e25e3,I:4b6a851bf964a52093d72be3,23,16,302,240,4717,3360,66932,43680
I:4b35a0aaf964a5204a2e25e3,I:4b7520b8f964a520b6fe2de3,18,16,300,240,4599,3360,66202,43680
I:4b35a0aaf964a5204a2e25e3,I:4b91b2e9f964a520c9d033e3,18,16,285,240,4365,3360,63007,43680
I:4b35a0aaf964a5204a2e25e3,I:4bb596022ea1952114a4aa2f,16,16,279,240,4235,3360,61608,43680
I:4b35a0aaf964a5204a2e25e3,I:4c56628e30d82d7f9490d762,16,16,278,240,4220,3360,61385,43680
I:4b35a0aaf964a5204a2e25e3,I:4d3a7f9317312c0fc7e629f2,16,16,278,240,4220,3360,61385,43680
I:4b35a0aaf964a5204a2e25e3,I:4dd3951cd22dc96be80944d4,20,16,313,240,4827,3360,68852,43680
I:4b35a0aaf964a5204a2e25e3,I:4e13d537b61c18a826fcd777,16,16,279,240,4239,3360,61637,43680
I:4b35a0aaf964a5204a2e25e3,I:4e910f436d8615aa713956d3,20,16,301,240,4637,3360,66468,43680
I:4b35a0aaf964a5204a2e25e3,I:4eb3c2e3469073bbc565879d,16,16,278,240,4220,3360,61385,43680
I:4b35a0aaf964a5204a2e25e3,I:4f533277e4b036244b07dbd3,16,16,281,240,4268,3360,62027,43680
I:4b35a0aaf964a5204a2e25e3,U:1961,3,3,65,50,1025,780,17238,11365
I:4b35a0aaf964a5204a2e25e3,U:2231,2,2,43,35,697,562,12054,8550
I:4b35a0aaf964a5204a2e25e3,U:991,1,1,18,18,290,289,4464,4404
I:4b35a0aaf964a5204a2e25e3,U:1005,5,5,111,80,1648,1200,27123,16800
I:4b35a0aaf964a5204a2e25e3,I:4d32a9c2b60937042bc8f9df,3,3,62,51,910,780,14392,11361
I:4b35a0aaf964a5204a2e25e3,U:1044,0,0,0,0,0,0,0,0
I:4b35a0aaf964a5204a2e25e3,U:1159,1,1,21,18,345,289,5954,4404
I:4b35a0aaf964a5204a2e25e3,U:1170,1,1,22,22,302,296,4717,4488
I:4b35a0aaf964a5204a2e25e3,U:1187,1,1,21,21,297,293,4648,4455
I:4b35a0aaf964a5204a2e25e3,U:1312,0,0,0,0,0,0,0,0
I:4b35a0aaf964a5204a2e25e3,U:1339,0,0,0,0,1,1,45,43
I:4b35a0aaf964a5204a2e25e3,U:1447,0,0,0,0,9,8,164,162
I:4b35a0aaf964a5204a2e25e3,U:1553,0,0,1,1,5,5,115,108
I:4b35a0aaf964a5204a2e25e3,U:1600,1,1,22,22,302,296,4717,4488
I:4b35a0aaf964a5204a2e25e3,U:1772,4,4,85,64,1249,1003,20291,14335
I:4b35a0aaf964a5204a2e25e3,U:1790,0,0,0,0,0,0,0,0
I:4b35a0aaf964a5204a2e25e3,U:1792,4,4,95,64,1399,1003,23625,14335
I:4b35a0aaf964a5204a2e25e3,U:1820,0,0,0,0,7,7,155,155
I:4b35a0aaf964a5204a2e25e3,U:1830,0,0,0,0,0,0,0,0
I:4b35a0aaf964a5204a2e25e3,U:1893,0,0,4,4,50,37,1277,935
I:4b35a0aaf964a5204a2e25e3,U:1945,0,0,0,0,0,0,0,0
I:4b35a0aaf964a5204a2e25e3,U:1966,0,0,0,0,0,0,0,0
I:4b35a0aaf964a5204a2e25e3,U:1994,0,0,3,3,47,41,1325,1122
I:4b35a0aaf964a5204a2e25e3,U:2044,0,0,8,4,90,48,2424,1325
I:4b35a0aaf964a5204a2e25e3,U:2056,0,0,0,0,2,2,40,38
I:4b35a0aaf964a5204a2e25e3,U:2187,1,1,21,19,329,293,5449,4455
I:4b35a0aaf964a5204a2e25e3,U:259,0,0,0,0,0,0,0,0
I:4b35a0aaf964a5204a2e25e3,U:263,0,0,1,1,4,4,121,120
I:4b35a0aaf964a5204a2e25e3,U:367,2,2,35,34,591,549,9116,8222
I:4b35a0aaf964a5204a2e25e3,U:572,0,0,0,0,0,0,0,0
I:4b35a0aaf964a5204a2e25e3,U:591,0,0,0,0,0,0,0,0
I:4b35a0aaf964a5204a2e25e3,U:64,0,0,0,0,1,1,30,29
I:4b35a0aaf964a5204a2e25e3,U:686,0,0,0,0,0,0,0,0
I:4b35a0aaf964a5204a2e25e3,U:733,4,4,82,64,1216,1003,19227,14279
I:4b35a0aaf964a5204a2e25e3,U:801,1,1,19,19,301,293,4637,4455
I:4b35a0aaf964a5204a2e25e3,U:808,1,1,21,19,344,302,5625,4552
I:4b35a0aaf964a5204a2e25e3,U:857,0,0,0,0,0,0,0,0
I:4b35a0aaf964a5204a2e25e3,U:861,0,0,0,0,0,0,0,0
I:4b35a0aaf964a5204a2e25e3,U:931,0,0,0,0,7,6,145,122
I:4b35a0aaf964a5204a2e25e3,U:972,3,3,52,49,903,778,13865,11361
I:4b582d82f964a520084d28e3,I:4b5bad9cf964a520820f29e3,19,16,291,240,4502,3360,64457,43680
I:4b582d82f964a520084d28e3,I:4b5bb41df964a520111129e3,21,16,306,240,4736,3360,67440,43680
I:4b582d82f964a520084d28e3,I:4b5beeb7f964a520d61d29e3,16,16,297,240,4602,3360,66144,43680
I:4b582d82f964a520084d28e3,I:4b6154f1f964a52056102ae3,17,16,282,240,4323,3360,62480,43680
I:4b582d82f964a520084d28e3,I:4b6a851bf964a52093d72be3,18,16,300,240,4630,3360,66521,43680
I:4b582d82f964a520084d28e3,I:4b7520b8f964a520b6fe2de3,19,16,286,240,4399,3360,63085,43680
I:4b582d82f964a520084d28e3,I:4b91b2e9f964a520c9d033e3,17,16,275,240,4202,3360,61042,43680
I:4b582d82f964a520084d28e3,I:4bb596022ea1952114a4aa2f,16,16,267,240,4079,3360,59234,43680
I:4b582d82f964a520084d28e3,I:4c56628e30d82d7f9490d762,16,16,266,240,4064,3360,59034,43680
I:4b582d82f964a520084d28e3,I:4d3a7f9317312c0fc7e629f2,16,16,266,240,4064,3360,59034,43680
I:4b582d82f964a520084d28e3,I:4dd3951cd22dc96be80944d4,21,16,299,240,4595,3360,65595,43680
I:4b582d82f964a520084d28e3,I:4e13d537b61c18a826fcd777,16,16,267,240,4080,3360,59268,43680
I:4b582d82f964a520084d28e3,I:4e910f436d8615aa713956d3,19,16,291,240,4472,3360,64262,43680
I:4b582d82f964a520084d28e3,I:4eb3c2e3469073bbc565879d,16,16,266,240,4064,3360,59034,43680
I:4b582d82f964a520084d28e3,I:4f533277e4b036244b07dbd3,17,16,267,240,4081,3360,59228,43680
I:4b582d82f964a520084d28e3,U:1512,1,1,16,16,291,282,4520,4320
I:4b582d82f964a520084d28e3,U:2279,0,0,0,0,19,19,427,420
I:4b582d82f964a520084d28e3,U:972,3,3,54,49,875,778,13433,11361
I:4b582d82f964a520084d28e3,U:428,2,2,34,33,624,537,10208,8245
I:4b582d82f964a520084d28e3,U:1102,1,1,19,18,313,287,5120,4397
I:4b582d82f964a520084d28e3,U:786,0,0,2,2,61,52,1529,1326
I:4b582d82f964a520084d28e3,U:285,1,1,22,20,416,297,7253,4488
I:4b582d82f964a520084d28e3,U:1042,1,1,20,20,306,297,4736,4488
I:4b582d82f964a520084d28e3,U:1144,1,1,18,18,291,285,4477,4370
I:4b582d82f964a520084d28e3,U:1299,1,1,20,20,306,297,4736,4488
I:4b582d82f964a520084d28e3,U:1358,0,0,0,0,0,0,0,0
I:4b582d82f964a520084d28e3,U:1392,0,0,0,0,0,0,0,0
I:4b582d82f964a520084d28e3,U:1497,2,2,36,34,577,549,8850,8222
I:4b582d82f964a520084d28e3,U:1740,0,0,0,0,0,0,0,0
I:4b582d82f964a520084d28e3,U:175,0,0,0,0,0,0,0,0
I:4b582d82f964a520084d28e3,U:1779,3,3,54,48,845,765,12948,11211
I:4b582d82f964a520084d28e3,U:1786,2,2,38,34,586,549,9025,8222
I:4b582d82f964a520084d28e3,U:1852,0,0,0,0,0,0,0,0
I:4b582d82f964a520084d28e3,U:1864,1,1,18,18,286,285,4399,4370
I:4b582d82f964a520084d28e3,U:19,0,0,0,0,0,0,0,0
I:4b582d82f964a520084d28e3,U:1959,0,0,0,0,0,0,0,0
I:4b582d82f964a520084d28e3,U:20,3,3,59,49,947,778,15116,11365
I:4b582d82f964a520084d28e3,U:2141,1,1,18,18,286,285,4399,4370
I:4b582d82f964a520084d28e3,U:2262,0,0,0,0,0,0,0,0
I:4b582d82f964a520084d28e3,U:30,1,1,20,18,362,297,6326,4690
I:4b582d82f964a520084d28e3,U:434,2,2,38,34,593,549,9156,8222
I:4b582d82f964a520084d28e3,U:51,0,0,0,0,0,0,0,0
I:4b582d82f964a520084d28e3,U:540,0,0,0,0,0,0,0,0
I:4b582d82f964a520084d28e3,U:587,0,0,0,0,0,0,0,0
I:4b582d82f964a520084d28e3,U:598,0,0,0,0,12,12,294,270
I:4b582d82f964a520084d28e3,U:977,0,0,0,0,0,0,0,0
I:4b5bad9cf964a520820f29e3,I:4b5bb41df964a520111129e3,25,16,303,240,4715,3360,66827,43680
I:4b5bad9cf964a520820f29e3,I:4b5beeb7f964a520d61d29e3,20,16,294,240,4587,3360,65468,43680
I:4b5bad9cf964a520820f29e3,I:4b6154f1f964a52056102ae3,18,16,285,240,4369,3360,63189,43680
I:4b5bad9cf964a520820f29e3,I:4b6a851bf964a52093d72be3,18,16,305,240,4763,3360,67651,43680
I:4b5bad9cf964a520820f29e3,I:4b7520b8f964a520b6fe2de3,18,16,293,240,4504,3360,64724,43680
I:4b5bad9cf964a520820f29e3,I:4b91b2e9f964a520c9d033e3,16,16,282,240,4313,3360,62601,43680
I:4b5bad9cf964a520820f29e3,I:4bb596022ea1952114a4aa2f,16,16,272,240,4144,3360,60340,43680
I:4b5bad9cf964a520820f29e3,I:4c56628e30d82d7f9490d762,16,16,271,240,4129,3360,60135,43680
I:4b5bad9cf964a520820f29e3,I:4d3a7f9317312c0fc7e629f2,16,16,271,240,4129,3360,60135,43680
I:4b5bad9cf964a520820f29e3,I:4dd3951cd22dc96be80944d4,20,16,306,240,4740,3360,67218,43680
I:4b5bad9cf964a520820f29e3,I:4e13d537b61c18a826fcd777,16,16,272,240,4146,3360,60376,43680
I:4b5bad9cf964a520820f29e3,I:4e910f436d8615aa713956d3,19,16,296,240,4565,3360,65422,43680
I:4b5bad9cf964a520820f29e3,I:4eb3c2e3469073bbc565879d,16,16,271,240,4129,3360,60135,43680
I:4b5bad9cf964a520820f29e3,I:4f533277e4b036244b07dbd3,16,16,274,240,4178,3360,60751,43680
I:4b5bad9cf964a520820f29e3,U:1005,5,5,104,80,1603,1200,25896,16800
I:4b5bad9cf964a520820f29e3,U:61,1,1,27,20,385,298,6607,4432
I:4b5bad9cf964a520820f29e3,U:789,2,2,49,35,713,556,12131,8508
I:4b5bad9cf964a520820f29e3,U:367,2,2,34,34,586,549,9041,8222
I:4b5bad9cf964a520820f29e3,U:760,4,4,78,64,1182,986,18459,14138
I:4b5bad9cf964a520820f29e3,U:1102,1,1,19,18,313,287,5165,4397
I:4b5bad9cf964a520820f29e3,U:456,1,1,18,17,327,297,5427,4488
I:4b5bad9cf964a520820f29e3,U:1786,2,2,37,34,593,549,9169,8222
I:4b5bad9cf964a520820f29e3,U:434,2,2,42,34,590,549,9139,8222
I:4b5bad9cf964a520820f29e3,U:747,0,0,2,2,38,38,944,919
I:4b5bad9cf964a520820f29e3,U:438,1,1,24,24,326,297,5227,4488
I:4b5bad9cf964a520820f29e3,U:1077,0,0,3,3,35,31,806,697
I:4b5bad9cf964a520820f29e3,U:1158,0,0,0,0,0,0,0,0
I:4b5bad9cf964a520820f29e3,U:1226,0,0,0,0,0,0,5,3
I:4b5bad9cf964a520820f29e3,U:1403,1,1,24,24,303,297,4715,4488
I:4b5bad9cf964a520820f29e3,U:1523,1,1,24,24,303,297,4715,4488
I:4b5bad9cf964a520820f29e3,U:1541,0,0,0,0,0,0,0,0
I:4b5bad9cf964a520820f29e3,U:1715,0,0,0,0,0,0,0,0
I:4b5bad9cf964a520820f29e3,U:1917,1,1,19,19,294,290,4587,4432
I:4b5bad9cf964a520820f29e3,U:1943,1,1,20,19,316,297,5010,4488
I:4b5bad9cf964a520820f29e3,U:1971,0,0,0,0,0,0,0,0
I:4b5bad9cf964a520820f29e3,U:2124,0,0,0,0,10,10,217,211
I:4b5bad9cf964a520820f29e3,U:2139,1,1,24,24,303,297,4715,4488
I:4b5bad9cf964a520820f29e3,U:2147,1,1,17,17,293,287,4504,4397
I:4b5bad9cf964a520820f29e3,U:2159,2,2,43,35,605,555,9370,8245
I:4b5bad9cf964a520820f29e3,U:2247,0,0,0,0,0,0,0,0
I:4b5bad9cf964a520820f29e3,U:236,1,1,18,18,296,290,4565,4425
I:4b5bad9cf964a520820f29e3,U:261,0,0,1,1,9,9,206,196
I:4b5bad9cf964a520820f29e3,U:406,0,0,1,1,42,38,1129,959
I:4b5bad9cf964a520820f29e3,U:578,0,0,0,0,0,0,0,0
I:4b5bad9cf964a520820f29e3,U:693,0,0,3,3,35,31,806,697
I:4b5bad9cf964a520820f29e3,U:878,0,0,1,1,11,11,290,282
I:4b5bad9cf964a520820f29e3,U:963,1,1,18,18,296,290,4565,4425
I:4b5bb41df964a520111129e3,I:4b5beeb7f964a520d61d29e3,22,16,309,240,4868,3360,68645,43680
I:4b5bb41df964a520111129e3,I:4b6154f1f964a52056102ae3,17,16,306,240,4698,3360,67464,43680
I:4b5bb41df964a520111129e3,I:4b6a851bf964a52093d72be3,23,16,314,240,4940,3360,69496,43680
I:4b5bb41df964a520111129e3,I:4b7520b8f964a520b6fe2de3,19,16,310,240,4775,3360,68157,43680
I:4b5bb41df964a520111129e3,I:4b91b2e9f964a520c9d033e3,16,16,301,240,4614,3360,66313,43680
I:4b5bb41df964a520111129e3,I:4bb596022ea1952114a4aa2f,16,16,291,240,4391,3360,63923,43680
I:4b5bb41df964a520111129e3,I:4c56628e30d82d7f9490d762,16,16,290,240,4376,3360,63686,43680
I:4b5bb41df964a520111129e3,I:4d3a7f9317312c0fc7e629f2,16,16,290,240,4376,3360,63686,43680
I:4b5bb41df964a520111129e3,I:4dd3951cd22dc96be80944d4,24,16,317,240,4910,3360,69453,43680
I:4b5bb41df964a520111129e3,I:4e13d537b61c18a826fcd777,16,16,291,240,4401,3360,63939,43680
I:4b5bb41df964a520111129e3,I:4e910f436d8615aa713956d3,20,16,313,240,4854,3360,68932,43680
I:4b5bb41df964a520111129e3,I:4eb3c2e3469073bbc565879d,16,16,290,240,4376,3360,63686,43680
I:4b5bb41df964a520111129e3,I:4f533277e4b036244b07dbd3,16,16,293,240,4432,3360,64338,43680
I:4b5bb41df964a520111129e3,U:1120,2,2,41,34,615,555,9608,8245
I:4b5bb41df964a520111129e3,U:1152,3,3,59,50,917,778,14105,11361
I:4b5bb41df964a520111129e3,U:1961,3,3,71,50,1049,780,17908,11365
I:4b5bb41df964a520111129e3,U:1005,5,5,123,80,1694,1200,28217,16800
I:4b5bb41df964a520111129e3,U:789,2,2,57,35,764,556,13571,8508
I:4b5bb41df964a520111129e3,U:1792,4,4,104,64,1445,1003,24868,14335
I:4b5bb41df964a520111129e3,U:808,1,1,23,19,345,302,5692,4552
I:4b5bb41df964a520111129e3,U:760,4,4,83,64,1242,986,19540,14138
I:4b5bb41df964a520111129e3,U:285,1,1,39,20,435,297,8173,4488
I:4b5bb41df964a520111129e3,U:1042,1,1,20,20,306,297,4736,4488
I:4b5bb41df964a520111129e3,U:1299,1,1,20,20,306,297,4736,4488
I:4b5bb41df964a520111129e3,U:20,3,3,73,49,993,778,16364,11365
I:4b5bb41df964a520111129e3,U:434,2,2,44,34,605,549,9375,8222
I:4b5bb41df964a520111129e3,U:1075,0,0,10,7,57,38,1647,1084
I:4b5bb41df964a520111129e3,U:1753,0,0,1,1,1,1,58,44
I:4b5bb41df964a520111129e3,U:28,0,0,2,2,51,46,1421,1204
I:4b5bb41df964a520111129e3,U:1693,2,2,43,37,660,555,10604,8245
I:4b5bb41df964a520111129e3,U:50,1,1,24,21,353,298,5790,4505
I:4b5bb41df964a520111129e3,U:438,1,1,27,24,332,297,5305,4488
I:4b5bb41df964a520111129e3,U:1403,1,1,24,24,303,297,4715,4488
I:4b5bb41df964a520111129e3,U:1523,1,1,24,24,303,297,4715,4488
I:4b5bb41df964a520111129e3,U:2139,1,1,24,24,303,297,4715,4488
I:4b5bb41df964a520111129e3,U:2159,2,2,47,35,616,555,9544,8245
I:4b5bb41df964a520111129e3,U:1000,0,0,0,0,13,13,228,227
I:4b5bb41df964a520111129e3,U:1024,0,0,0,0,0,0,0,0
I:4b5bb41df964a520111129e3,U:1036,0,0,0,0,0,0,0,0
I:4b5bb41df964a520111129e3,U:1412,0,0,0,0,0,0,0,0
I:4b5bb41df964a520111129e3,U:1504,0,0,2,2,15,13,372,276
I:4b5bb41df964a520111129e3,U:1627,0,0,0,0,0,0,0,0
I:4b5bb41df964a520111129e3,U:1716,0,0,0,0,0,0,0,0
I:4b5bb41df964a520111129e3,U:1731,0,0,0,0,0,0,0,0
I:4b5bb41df964a520111129e3,U:1741,1,1,36,22,402,300,7363,4514
I:4b5bb41df964a520111129e3,U:1747,2,2,37,35,619,555,9556,8245
I:4b5bb41df964a520111129e3,U:1816,0,0,2,2,16,11,335,233
I:4b5bb41df964a520111129e3,U:2005,0,0,1,1,18,18,414,392
I:4b5bb41df964a520111129e3,U:2073,1,1,23,23,317,302,4910,4552
I:4b5bb41df964a520111129e3,U:2098,0,0,0,0,0,0,0,0
I:4b5bb41df964a520111129e3,U:2206,1,1,23,23,317,302,4910,4552
I:4b5bb41df964a520111129e3,U:2236,1,1,21,21,309,298,4868,4505
I:4b5bb41df964a520111129e3,U:26,0,0,6,6,36,31,987,748
I:4b5bb41df964a520111129e3,U:291,0,0,0,0,0,0,0,0
I:4b5bb41df964a520111129e3,U:440,0,0,7,7,41,38,1245,1084
I:4b5bb41df964a520111129e3,U:62,2,2,48,37,662,555,10893,8245
I:4b5bb41df964a520111129e3,U:622,0,0,1,1,3,3,84,77
I:4b5bb41df964a520111129e3,U:843,0,0,6,6,35,31,932,748
I:4b5bb41df964a520111129e3,U:865,0,0,0,0,0,0,0,0
I:4b5bb41df964a520111129e3,U:879,0,0,7,7,41,38,1245,1084
I:4b5bb41df964a520111129e3,U:93,0,0,0,0,0,0,0,0
I:4b5bb41df964a520111129e3,U:943,1,1,21,21,331,298,5499,4505
I:4b5beeb7f964a520d61d29e3,I:4b6154f1f964a52056102ae3,18,16,285,240,4378,3360,63452,43680
I:4b5beeb7f964a520d61d29e3,I:4b6a851bf964a52093d72be3,22,16,297,240,4669,3360,66220,43680
I:4b5beeb7f964a520d61d29e3,I:4b7520b8f964a520b6fe2de3,16,16,297,240,4557,3360,65973,43680
I:4b5beeb7f964a520d61d29e3,I:4b91b2e9f964a520c9d033e3,18,16,278,240,4274,3360,61928,43680
I:4b5beeb7f964a520d61d29e3,I:4bb596022ea1952114a4aa2f,16,16,272,240,4145,3360,60524,43680
I:4b5beeb7f964a520d61d29e3,I:4c56628e30d82d7f9490d762,16,16,271,240,4129,3360,60310,43680
I:4b5beeb7f964a520d61d29e3,I:4d3a7f9317312c0fc7e629f2,16,16,271,240,4129,3360,60310,43680
I:4b5beeb7f964a520d61d29e3,I:4dd3951cd22dc96be80944d4,18,16,310,240,4801,3360,68542,43680
I:4b5beeb7f964a520d61d29e3,I:4e13d537b61c18a826fcd777,16,16,272,240,4148,3360,60563,43680
I:4b5beeb7f964a520d61d29e3,I:4e910f436d8615aa713956d3,18,16,298,240,4609,3360,66176,43680
I:4b5beeb7f964a520d61d29e3,I:4eb3c2e3469073bbc565879d,16,16,271,240,4129,3360,60310,43680
I:4b5beeb7f964a520d61d29e3,I:4f533277e4b036244b07dbd3,16,16,274,240,4172,3360,60944,43680
I:4b5beeb7f964a520d61d29e3,U:852,2,2,44,32,678,555,11471,8508
I:4b5beeb7f964a520d61d29e3,U:1005,5,5,117,80,1626,1200,26781,16800
I:4b5beeb7f964a520d61d29e3,U:61,1,1,32,20,392,298,6784,4432
I:4b5beeb7f964a520d61d29e3,U:789,2,2,53,35,748,556,12972,8508
I:4b5beeb7f964a520d61d29e3,I:4d32a9c2b60937042bc8f9df,3,3,64,51,914,780,14248,11361
I:4b5beeb7f964a520d61d29e3,U:1187,1,1,21,21,297,293,4648,4455
I:4b5beeb7f964a520d61d29e3,U:1772,4,4,83,64,1235,1003,20097,14335
I:4b5beeb7f964a520d61d29e3,U:1792,4,4,97,64,1406,1003,23645,14335
I:4b5beeb7f964a520d61d29e3,U:733,4,4,81,64,1198,1003,18966,14279
I:4b5beeb7f964a520d61d29e3,U:1463,0,0,2,2,52,46,1492,1292
I:4b5beeb7f964a520d61d29e3,U:1889,0,0,3,2,45,32,1187,872
I:4b5beeb7f964a520d61d29e3,U:1819,0,0,7,7,114,81,3109,2241
I:4b5beeb7f964a520d61d29e3,U:1134,0,0,6,5,43,35,1134,876
I:4b5beeb7f964a520d61d29e3,U:50,1,1,24,21,361,298,5777,4505
I:4b5beeb7f964a520d61d29e3,U:1917,1,1,19,19,294,290,4587,4432
I:4b5beeb7f964a520d61d29e3,U:2236,1,1,21,21,309,298,4868,4505
I:4b5beeb7f964a520d61d29e3,U:943,1,1,21,21,330,298,5479,4505
I:4b5beeb7f964a520d61d29e3,U:102,0,0,0,0,0,0,0,0
I:4b5beeb7f964a520d61d29e3,U:1135,0,0,0,0,0,0,0,0
I:4b5beeb7f964a520d61d29e3,U:1322,0,0,0,0,0,0,0,0
I:4b5beeb7f964a520d61d29e3,U:1502,0,0,0,0,0,0,0,0
I:4b5beeb7f964a520d61d29e3,U:1748,0,0,0,0,0,0,0,0
I:4b5beeb7f964a520d61d29e3,U:1796,0,0,0,0,0,0,0,0
I:4b5beeb7f964a520d61d29e3,U:2094,0,0,0,0,0,0,0,0
I:4b5beeb7f964a520d61d29e3,U:2249,0,0,0,0,0,0,0,0
I:4b5beeb7f964a520d61d29e3,U:401,1,1,21,21,297,295,4669,4486
I:4b5beeb7f964a520d61d29e3,U:423,0,0,0,0,0,0,0,0
I:4b5beeb7f964a520d61d29e3,U:548,0,0,5,5,32,31,830,697
I:4b5beeb7f964a520d61d29e3,U:593,0,0,8,6,55,35,1312,803
I:4b5beeb7f964a520d61d29e3,U:672,0,0,0,0,0,0,12,6
I:4b5beeb7f964a520d61d29e3,U:680,0,0,0,0,0,0,0,0
I:4b5beeb7f964a520d61d29e3,U:691,0,0,0,0,0,0,0,0
I:4b5beeb7f964a520d61d29e3,U:884,0,0,0,0,0,0,0,0
I:4b5beeb7f964a520d61d29e3,U:974,0,0,1,1,14,14,178,170
I:4b6154f1f964a52056102ae3,I:4b6a851bf964a52093d72be3,17,16,294,240,4515,3360,65141,43680
I:4b6154f1f964a52056102ae3,I:4b7520b8f964a520b6fe2de3,18,16,280,240,4291,3360,61817,43680
I:4b6154f1f964a52056102ae3,I:4b91b2e9f964a520c9d033e3,16,16,269,240,4128,3360,59755,43680
I:4b6154f1f964a52056102ae3,I:4bb596022ea1952114a4aa2f,16,16,259,240,3973,3360,57610,43680
I:4b6154f1f964a52056102ae3,I:4c56628e30d82d7f9490d762,16,16,258,240,3960,3360,57413,43680
I:4b6154f1f964a52056102ae3,I:4d3a7f9317312c0fc7e629f2,16,16,258,240,3960,3360,57413,43680
I:4b6154f1f964a52056102ae3,I:4dd3951cd22dc96be80944d4,19,16,295,240,4504,3360,64730,43680
I:4b6154f1f964a52056102ae3,I:4e13d537b61c18a826fcd777,16,16,259,240,3974,3360,57642,43680
I:4b6154f1f964a52056102ae3,I:4e910f436d8615aa713956d3,18,16,285,240,4368,3360,62932,43680
I:4b6154f1f964a52056102ae3,I:4eb3c2e3469073bbc565879d,16,16,258,240,3960,3360,57413,43680
I:4b6154f1f964a52056102ae3,I:4f533277e4b036244b07dbd3,16,16,261,240,4005,3360,58002,43680
I:4b6154f1f964a52056102ae3,U:852,2,2,34,32,633,555,10374,8508
I:4b6154f1f964a52056102ae3,U:1159,1,1,18,18,339,289,5522,4404
I:4b6154f1f964a52056102ae3,U:1772,4,4,70,64,1183,1003,18679,14335
I:4b6154f1f964a52056102ae3,U:367,2,2,35,34,571,549,8747,8222
I:4b6154f1f964a52056102ae3,U:760,4,4,68,64,1162,986,17968,14138
I:4b6154f1f964a52056102ae3,U:1497,2,2,34,34,573,549,8757,8222
I:4b6154f1f964a52056102ae3,U:1244,0,0,0,0,5,5,139,137
I:4b6154f1f964a52056102ae3,U:153,0,0,0,0,0,0,0,0
I:4b6154f1f964a52056102ae3,U:1652,0,0,0,0,0,0,0,0
I:4b6154f1f964a52056102ae3,U:1660,0,0,0,0,0,0,0,0
I:4b6154f1f964a52056102ae3,U:1822,0,0,0,0,10,10,388,386
I:4b6154f1f964a52056102ae3,U:1896,0,0,1,1,19,18,539,512
I:4b6154f1f964a52056102ae3,U:553,3,3,52,49,848,778,12947,11361
I:4b6a851bf964a52093d72be3,I:4b7520b8f964a520b6fe2de3,16,16,304,240,4674,3360,67236,43680
I:4b6a851bf964a52093d72be3,I:4b91b2e9f964a520c9d033e3,20,16,281,240,4297,3360,62260,43680
I:4b6a851bf964a52093d72be3,I:4bb596022ea1952114a4aa2f,16,16,279,240,4235,3360,61697,43680
I:4b6a851bf964a52093d72be3,I:4c56628e30d82d7f9490d762,16,16,278,240,4220,3360,61470,43680
I:4b6a851bf964a52093d72be3,I:4d3a7f9317312c0fc7e629f2,16,16,278,240,4220,3360,61470,43680
I:4b6a851bf964a52093d72be3,I:4dd3951cd22dc96be80944d4,19,16,315,240,4878,3360,69429,43680
I:4b6a851bf964a52093d72be3,I:4e13d537b61c18a826fcd777,16,16,279,240,4241,3360,61720,43680
I:4b6a851bf964a52093d72be3,I:4e910f436d8615aa713956d3,20,16,301,240,4639,3360,66583,43680
I:4b6a851bf964a52093d72be3,I:4eb3c2e3469073bbc565879d,16,16,278,240,4220,3360,61470,43680
I:4b6a851bf964a52093d72be3,I:4f533277e4b036244b07dbd3,16,16,281,240,4268,3360,62110,43680
I:4b6a851bf964a52093d72be3,U:1120,2,2,39,34,605,555,9475,8245
I:4b6a851bf964a52093d72be3,U:935,2,2,36,33,571,537,8807,8046
I:4b6a851bf964a52093d72be3,U:1005,5,5,118,80,1645,1200,27210,16800
I:4b6a851bf964a52093d72be3,U:1931,0,0,12,11,124,83,3295,2262
I:4b6a851bf964a52093d72be3,I:4d32a9c2b60937042bc8f9df,3,3,65,51,913,780,14405,11361
I:4b6a851bf964a52093d72be3,U:1170,1,1,22,22,302,296,4717,4488
I:4b6a851bf964a52093d72be3,U:1600,1,1,22,22,302,296,4717,4488
I:4b6a851bf964a52093d72be3,U:1772,4,4,83,64,1265,1003,20705,14335
I:4b6a851bf964a52093d72be3,U:1792,4,4,97,64,1412,1003,24126,14335
I:4b6a851bf964a52093d72be3,U:733,4,4,84,64,1216,1003,19300,14279
I:4b6a851bf964a52093d72be3,U:428,2,2,40,33,658,537,11122,8245
I:4b6a851bf964a52093d72be3,U:456,1,1,18,17,342,297,5802,4488
I:4b6a851bf964a52093d72be3,U:20,3,3,65,49,989,778,16247,11365
I:4b6a851bf964a52093d72be3,U:1693,2,2,41,37,638,555,10187,8245
I:4b6a851bf964a52093d72be3,U:1741,1,1,31,22,400,300,7262,4514
I:4b6a851bf964a52093d72be3,U:62,2,2,47,37,654,555,10720,8245
I:4b6a851bf964a52093d72be3,U:401,1,1,21,21,297,295,4669,4486
I:4b6a851bf964a52093d72be3,U:207,0,0,12,11,114,71,3159,1978
I:4b6a851bf964a52093d72be3,U:1113,0,0,0,0,4,4,78,78
I:4b6a851bf964a52093d72be3,U:1040,0,0,0,0,0,0,0,0
I:4b6a851bf964a52093d72be3,U:1296,0,0,13,11,127,81,3453,2262
I:4b6a851bf964a52093d72be3,U:1349,0,0,0,0,0,0,0,0
I:4b6a851bf964a52093d72be3,U:1378,0,0,0,0,0,0,0,0
I:4b6a851bf964a52093d72be3,U:1396,0,0,0,0,0,0,0,0
I:4b6a851bf964a52093d72be3,U:1432,0,0,0,0,0,0,0,0
I:4b6a851bf964a52093d72be3,U:1449,0,0,0,0,0,0,0,0
I:4b6a851bf964a52093d72be3,U:1535,0,0,0,0,0,0,0,0
I:4b6a851bf964a52093d72be3,U:1624,0,0,0,0,0,0,0,0
I:4b6a851bf964a52093d72be3,U:1996,0,0,0,0,0,0,0,0
I:4b6a851bf964a52093d72be3,U:357,0,0,0,0,0,0,0,0
I:4b6a851bf964a52093d72be3,U:395,0,0,0,0,0,0,0,0
I:4b6a851bf964a52093d72be3,U:84,0,0,0,0,0,0,0,0
I:4b7520b8f964a520b6fe2de3,I:4b91b2e9f964a520c9d033e3,16,16,277,240,4227,3360,61266,43680
I:4b7520b8f964a520b6fe2de3,I:4bb596022ea1952114a4aa2f,16,16,267,240,4077,3360,59033,43680
I:4b7520b8f964a520b6fe2de3,I:4c56628e30d82d7f9490d762,16,16,266,240,4064,3360,58829,43680
I:4b7520b8f964a520b6fe2de3,I:4d3a7f9317312c0fc7e629f2,16,16,266,240,4064,3360,58829,43680
I:4b7520b8f964a520b6fe2de3,I:4dd3951cd22dc96be80944d4,22,16,297,240,4543,3360,64946,43680
I:4b7520b8f964a520b6fe2de3,I:4e13d537b61c18a826fcd777,16,16,267,240,4078,3360,59066,43680
I:4b7520b8f964a520b6fe2de3,I:4e910f436d8615aa713956d3,21,16,287,240,4389,3360,63190,43680
I:4b7520b8f964a520b6fe2de3,I:4eb3c2e3469073bbc565879d,16,16,266,240,4064,3360,58829,43680
I:4b7520b8f964a520b6fe2de3,I:4f533277e4b036244b07dbd3,16,16,269,240,4117,3360,59418,43680
I:4b7520b8f964a520b6fe2de3,U:1152,3,3,57,50,873,778,13347,11361
I:4b7520b8f964a520b6fe2de3,U:2081,2,2,39,35,571,549,8727,8221
I:4b7520b8f964a520b6fe2de3,U:2231,2,2,36,35,655,562,10817,8550
I:4b7520b8f964a520b6fe2de3,U:557,0,0,0,0,86,68,2065,1660
I:4b7520b8f964a520b6fe2de3,U:972,3,3,56,49,871,778,13325,11361
I:4b7520b8f964a520b6fe2de3,U:760,4,4,74,64,1173,986,18153,14138
I:4b7520b8f964a520b6fe2de3,U:1864,1,1,18,18,286,285,4399,4370
I:4b7520b8f964a520b6fe2de3,U:2141,1,1,18,18,286,285,4399,4370
I:4b7520b8f964a520b6fe2de3,U:1160,0,0,0,0,3,3,74,72
I:4b7520b8f964a520b6fe2de3,U:2147,1,1,17,17,293,287,4504,4397
I:4b7520b8f964a520b6fe2de3,U:1747,2,2,38,35,593,555,9092,8245
I:4b7520b8f964a520b6fe2de3,U:1106,0,0,0,0,4,3,77,77
I:4b7520b8f964a520b6fe2de3,U:553,3,3,58,49,852,778,13007,11361
I:4b7520b8f964a520b6fe2de3,U:1205,0,0,0,0,10,10,375,375
I:4b7520b8f964a520b6fe2de3,U:1290,1,1,21,21,301,291,4627,4408
I:4b7520b8f964a520b6fe2de3,U:1456,1,1,20,20,288,285,4410,4370
I:4b7520b8f964a520b6fe2de3,U:178,0,0,0,0,0,0,0,0
I:4b7520b8f964a520b6fe2de3,U:544,0,0,0,0,0,0,0,0
I:4b7520b8f964a520b6fe2de3,U:605,1,1,20,20,287,285,4389,4370
I:4b7520b8f964a520b6fe2de3,U:953,1,1,20,20,295,285,4733,4370
I:4b91b2e9f964a520c9d033e3,I:4bb596022ea1952114a4aa2f,16,16,252,240,3882,3360,56282,43680
I:4b91b2e9f964a520c9d033e3,I:4c56628e30d82d7f9490d762,16,16,251,240,3869,3360,56097,43680
I:4b91b2e9f964a520c9d033e3,I:4d3a7f9317312c0fc7e629f2,16,16,251,240,3869,3360,56097,43680
I:4b91b2e9f964a520c9d033e3,I:4dd3951cd22dc96be80944d4,17,16,292,240,4437,3360,64115,43680
I:4b91b2e9f964a520c9d033e3,I:4e13d537b61c18a826fcd777,16,16,252,240,3884,3360,56312,43680
I:4b91b2e9f964a520c9d033e3,I:4e910f436d8615aa713956d3,16,16,282,240,4314,3360,62329,43680
I:4b91b2e9f964a520c9d033e3,I:4eb3c2e3469073bbc565879d,16,16,251,240,3869,3360,56097,43680
I:4b91b2e9f964a520c9d033e3,I:4f533277e4b036244b07dbd3,16,16,254,240,3910,3360,56677,43680
I:4b91b2e9f964a520c9d033e3,U:935,2,2,35,33,546,537,8371,8046
I:4b91b2e9f964a520c9d033e3,I:4d32a9c2b60937042bc8f9df,3,3,53,51,859,780,13360,11361
I:4b91b2e9f964a520c9d033e3,U:733,4,4,70,64,1142,1003,17585,14279
I:4b91b2e9f964a520c9d033e3,U:1632,0,0,1,1,58,44,1322,1084
I:4b91b2e9f964a520c9d033e3,U:428,2,2,37,33,590,537,9478,8245
I:4b91b2e9f964a520c9d033e3,U:510,0,0,0,0,2,1,56,44
I:4b91b2e9f964a520c9d033e3,U:1023,0,0,0,0,0,0,1,1
I:4b91b2e9f964a520c9d033e3,U:1441,0,0,0,0,0,0,0,0
I:4b91b2e9f964a520c9d033e3,U:15,0,0,0,0,0,0,0,0
I:4b91b2e9f964a520c9d033e3,U:2105,0,0,0,0,0,0,0,0
I:4b91b2e9f964a520c9d033e3,U:2243,0,0,0,0,0,0,0,0
I:4b91b2e9f964a520c9d033e3,U:701,0,0,0,0,0,0,0,0
I:4bb596022ea1952114a4aa2f,I:4c56628e30d82d7f9490d762,16,16,241,240,3739,3360,54098,43680
I:4bb596022ea1952114a4aa2f,I:4d3a7f9317312c0fc7e629f2,16,16,241,240,3739,3360,54098,43680
I:4bb596022ea1952114a4aa2f,I:4dd3951cd22dc96be80944d4,16,16,284,240,4300,3360,62198,43680
I:4bb596022ea1952114a4aa2f,I:4e13d537b61c18a826fcd777,17,16,240,240,3724,3360,53938,43680
I:4bb596022ea1952114a4aa2f,I:4e910f436d8615aa713956d3,16,16,272,240,4142,3360,60095,43680
I:4bb596022ea1952114a4aa2f,I:4eb3c2e3469073bbc565879d,16,16,241,240,3739,3360,54098,43680
I:4bb596022ea1952114a4aa2f,I:4f533277e4b036244b07dbd3,16,16,244,240,3778,3360,54654,43680
I:4bb596022ea1952114a4aa2f,U:615,0,0,0,0,16,16,407,405
I:4bb596022ea1952114a4aa2f,U:518,1,1,16,16,240,240,3724,3724
I:4bb596022ea1952114a4aa2f,U:712,0,0,0,0,0,0,0,0
I:4bb596022ea1952114a4aa2f,U:820,0,0,0,0,0,0,0,0
I:4c56628e30d82d7f9490d762,I:4d3a7f9317312c0fc7e629f2,16,16,240,240,3726,3360,53928,43680
I:4c56628e30d82d7f9490d762,I:4dd3951cd22dc96be80944d4,16,16,283,240,4285,3360,61977,43680
I:4c56628e30d82d7f9490d762,I:4e13d537b61c18a826fcd777,16,16,241,240,3739,3360,54131,43680
I:4c56628e30d82d7f9490d762,I:4e910f436d8615aa713956d3,16,16,271,240,4129,3360,59882,43680
I:4c56628e30d82d7f9490d762,I:4eb3c2e3469073bbc565879d,16,16,240,240,3726,3360,53928,43680
I:4c56628e30d82d7f9490d762,I:4f533277e4b036244b07dbd3,16,16,243,240,3765,3360,54481,43680
I:4c56628e30d82d7f9490d762,U:148,0,0,0,0,0,0,0,0
I:4c56628e30d82d7f9490d762,U:1778,0,0,0,0,0,0,0,0
I:4c56628e30d82d7f9490d762,U:359,0,0,0,0,0,0,0,0
I:4d3a7f9317312c0fc7e629f2,I:4dd3951cd22dc96be80944d4,16,16,283,240,4285,3360,61977,43680
I:4d3a7f9317312c0fc7e629f2,I:4e13d537b61c18a826fcd777,16,16,241,240,3739,3360,54131,43680
I:4d3a7f9317312c0fc7e629f2,I:4e910f436d8615aa713956d3,16,16,271,240,4129,3360,59882,43680
I:4d3a7f9317312c0fc7e629f2,I:4eb3c2e3469073bbc565879d,16,16,240,240,3726,3360,53928,43680
I:4d3a7f9317312c0fc7e629f2,I:4f533277e4b036244b07dbd3,16,16,243,240,3765,3360,54481,43680
I:4d3a7f9317312c0fc7e629f2,U:958,0,0,0,0,0,0,0,0
I:4dd3951cd22dc96be80944d4,I:4e13d537b61c18a826fcd777,16,16,284,240,4301,3360,62231,43680
I:4dd3951cd22dc96be80944d4,I:4e910f436d8615aa713956d3,19,16,308,240,4751,3360,67506,43680
I:4dd3951cd22dc96be80944d4,I:4eb3c2e3469073bbc565879d,16,16,283,240,4285,3360,61977,43680
I:4dd3951cd22dc96be80944d4,I:4f533277e4b036244b07dbd3,17,16,284,240,4302,3360,62188,43680
I:4dd3951cd22dc96be80944d4,U:1152,3,3,62,50,897,778,13750,11361
I:4dd3951cd22dc96be80944d4,U:1961,3,3,64,50,1011,780,16621,11365
I:4dd3951cd22dc96be80944d4,U:2081,2,2,39,35,588,549,8995,8221
I:4dd3951cd22dc96be80944d4,U:1792,4,4,82,64,1378,1003,22866,14335
I:4dd3951cd22dc96be80944d4,U:733,4,4,71,64,1246,1003,19494,14279
I:4dd3951cd22dc96be80944d4,U:972,3,3,60,49,897,778,13749,11361
I:4dd3951cd22dc96be80944d4,U:760,4,4,82,64,1214,986,18908,14138
I:4dd3951cd22dc96be80944d4,U:1497,2,2,38,34,590,549,9033,8222
I:4dd3951cd22dc96be80944d4,U:1779,3,3,54,48,879,765,13448,11211
I:4dd3951cd22dc96be80944d4,U:1786,2,2,39,34,601,549,9264,8222
I:4dd3951cd22dc96be80944d4,U:20,3,3,63,49,981,778,15818,11365
I:4dd3951cd22dc96be80944d4,U:310,0,0,3,3,106,81,2768,2241
I:4dd3951cd22dc96be80944d4,U:1943,1,1,19,19,313,297,4963,4488
I:4dd3951cd22dc96be80944d4,U:2159,2,2,42,35,619,555,9564,8245
I:4dd3951cd22dc96be80944d4,U:2073,1,1,23,23,317,302,4910,4552
I:4dd3951cd22dc96be80944d4,U:2206,1,1,23,23,317,302,4910,4552
I:4dd3951cd22dc96be80944d4,U:553,3,3,57,49,888,778,13582,11361
I:4dd3951cd22dc96be80944d4,U:63,0,0,0,0,10,9,216,196
I:4dd3951cd22dc96be80944d4,U:1290,1,1,21,21,301,291,4649,4408
I:4dd3951cd22dc96be80944d4,U:1563,1,1,18,18,310,297,4796,4498
I:4dd3951cd22dc96be80944d4,U:1029,0,0,0,0,0,0,0,0
I:4dd3951cd22dc96be80944d4,U:1058,0,0,0,0,0,0,0,0
I:4dd3951cd22dc96be80944d4,U:1571,0,0,0,0,0,0,0,0
I:4dd3951cd22dc96be80944d4,U:777,0,0,0,0,0,0,0,0
I:4e13d537b61c18a826fcd777,I:4e910f436d8615aa713956d3,16,16,272,240,4145,3360,60121,43680
I:4e13d537b61c18a826fcd777,I:4eb3c2e3469073bbc565879d,16,16,241,240,3739,3360,54131,43680
I:4e13d537b61c18a826fcd777,I:4f533277e4b036244b07dbd3,16,16,244,240,3778,3360,54687,43680
I:4e13d537b61c18a826fcd777,U:1587,0,0,0,0,49,35,975,803
I:4e13d537b61c18a826fcd777,U:518,1,1,16,16,240,240,3724,3724
I:4e13d537b61c18a826fcd777,U:1766,0,0,0,0,0,0,0,0
I:4e13d537b61c18a826fcd777,U:2111,0,0,0,0,0,0,0,0
I:4e13d537b61c18a826fcd777,U:748,0,0,0,0,0,0,0,0
I:4e910f436d8615aa713956d3,I:4eb3c2e3469073bbc565879d,16,16,271,240,4129,3360,59882,43680
I:4e910f436d8615aa713956d3,I:4f533277e4b036244b07dbd3,17,16,272,240,4144,3360,60087,43680
I:4e910f436d8615aa713956d3,U:1005,5,5,96,80,1608,1200,25748,16800
I:4e910f436d8615aa713956d3,U:1772,4,4,74,64,1223,1003,19515,14335
I:4e910f436d8615aa713956d3,U:2187,1,1,20,19,322,293,5245,4455
I:4e910f436d8615aa713956d3,U:801,1,1,19,19,301,293,4637,4455
I:4e910f436d8615aa713956d3,U:1144,1,1,18,18,291,285,4477,4370
I:4e910f436d8615aa713956d3,U:1779,3,3,52,48,859,765,13169,11211
I:4e910f436d8615aa713956d3,U:30,1,1,20,18,368,297,6477,4690
I:4e910f436d8615aa713956d3,U:1693,2,2,39,37,631,555,9923,8245
I:4e910f436d8615aa713956d3,U:236,1,1,18,18,296,290,4565,4425
I:4e910f436d8615aa713956d3,U:963,1,1,18,18,296,290,4565,4425
I:4e910f436d8615aa713956d3,U:1747,2,2,39,35,596,555,9172,8245
I:4e910f436d8615aa713956d3,U:62,2,2,40,37,648,555,10351,8245
I:4e910f436d8615aa713956d3,U:553,3,3,55,49,868,778,13292,11361
I:4e910f436d8615aa713956d3,U:590,0,0,0,0,10,10,243,233
I:4e910f436d8615aa713956d3,U:1592,0,0,0,0,1,1,41,40
I:4e910f436d8615aa713956d3,U:1456,1,1,20,20,288,285,4417,4370
I:4e910f436d8615aa713956d3,U:605,1,1,20,20,287,285,4389,4370
I:4e910f436d8615aa713956d3,U:953,1,1,20,20,299,285,4829,4370
I:4e910f436d8615aa713956d3,U:2066,0,0,2,2,40,38,1004,946
I:4e910f436d8615aa713956d3,U:1563,1,1,18,18,310,297,4790,4498
I:4e910f436d8615aa713956d3,U:1682,0,0,0,0,0,0,0,0
I:4e910f436d8615aa713956d3,U:2127,0,0,0,0,0,0,0,0
I:4eb3c2e3469073bbc565879d,I:4f533277e4b036244b07dbd3,16,16,243,240,3765,3360,54481,43680
I:4eb3c2e3469073bbc565879d,U:39,0,0,0,0,0,0,0,0
I:4f533277e4b036244b07dbd3,U:1779,3,3,48,48,811,765,12327,11211
U:1120,I:4b68f365f964a5208a942be3,0,0,1,1,9,6,270,185
U:1143,I:4b5c0fe0f964a520d62229e3,0,0,2,2,32,31,647,625
U:1512,I:4b6c9fc7f964a5206b472ce3,0,0,0,0,18,14,360,275
U:1689,I:4b5c0be8f964a520562229e3,1,1,7,7,54,39,492,270
U:1689,I:4b5d6871f964a5201d5c29e3,1,1,7,7,47,39,344,270
U:1780,I:4b63f798f964a52028992ae3,0,0,1,1,14,11,258,233
U:1780,I:4b7bc5d9f964a520996d2fe3,1,1,2,1,4,3,67,57
U:1780,I:4c4bff47bad7a5939ee1a0ac,1,1,1,1,1,1,5,4
U:1961,I:4b5c0fe0f964a520d62229e3,0,0,24,13,239,110,6142,2515
U:1961,I:4b49a6bef964a5202b7226e3,2,2,54,47,1167,999,25303,20396
U:1961,I:4b5542c8f964a52027e027e3,2,2,61,47,1177,999,25622,20396
U:1961,I:4b7e29e5f964a520ebe42fe3,2,2,63,47,1193,999,26184,20396
U:2231,I:4bc04e402a89ef3bd45cf088,0,0,3,3,81,58,2073,1437
U:2231,I:4b49a6bef964a5202b7226e3,2,2,51,46,1124,999,24044,20396
U:2231,I:4b5aa058f964a52068ce28e3,2,2,57,46,1198,999,25556,20396
U:2231,I:4b7e29e5f964a520ebe42fe3,2,2,57,46,1146,999,24693,20396
U:852,I:4b35706ff964a5202b2d25e3,1,1,22,18,247,194,3981,2564
U:852,I:4b52730af964a520da7d27e3,1,1,18,18,212,194,3100,2564
U:852,I:4b5aa058f964a52068ce28e3,1,1,37,26,673,555,14624,10738
U:852,I:4d526ef4e02754816d6eb4b6,1,1,28,26,624,555,13742,10738
U:92,I:4b5c0fe0f964a520d62229e3,0,0,2,2,32,31,647,625
U:935,I:4b5e654bf964a520fa8c29e3,0,0,0,0,6,6,158,150
I:4b1df53df964a520811624e3,I:4b5a905df964a52084cb28e3,14,14,192,182,2410,2184,28133,24024
I:4b1df53df964a520811624e3,I:4b5aa58bf964a52048cf28e3,14,14,202,182,2520,2184,29444,24024
I:4b1df53df964a520811624e3,I:4b5ad3dbf964a52065d628e3,14,14,185,182,2333,2184,27226,24024
I:4b1df53df964a520811624e3,I:4b5c0fe0f964a520d62229e3,14,14,218,182,2696,2184,31225,24024
I:4b1df53df964a520811624e3,I:4b6929aaf964a520ad9a2be3,14,14,196,182,2454,2184,28758,24024
I:4b1df53df964a520811624e3,I:4b7a0c3cf964a520a2202fe3,14,14,186,182,2344,2184,27296,24024
I:4b1df53df964a520811624e3,I:4bc010634cdfc9b6eb789221,14,14,186,182,2344,2184,27307,24024
I:4b1df53df964a520811624e3,I:4bd0416e9854d13a5252f74d,14,14,197,182,2465,2184,28743,24024
I:4b1df53df964a520811624e3,I:4e33b15962e1733d7aa4f6b8,14,14,185,182,2333,2184,27170,24024
I:4b1df53df964a520811624e3,I:4ec74b6d775bf65c034080b5,14,14,183,182,2311,2184,26952,24024
I:4b1df53df964a520811624e3,I:4ec8d5df7ee537da802879a4,14,14,183,182,2311,2184,26957,24024
I:4b1df53df964a520811624e3,I:4f1548d7e4b03856f421df5e,14,14,182,182,2300,2184,26821,24024
I:4b1df53df964a520811624e3,I:4f8e3f6ce4b0dcea356eba23,14,14,185,182,2333,2184,27170,24024
I:4b1df53df964a520811624e3,I:4fab91a3e4b05cb20097aa45,14,14,182,182,2300,2184,26808,24024
I:4b1df53df964a520811624e3,I:4fe3dcaae4b0d43f1f79a1af,14,14,184,182,2322,2184,27076,24024
I:4b1df53df964a520811624e3,U:1539,0,0,0,0,0,0,0,0
I:4b5a905df964a52084cb28e3,I:4b5aa58bf964a52048cf28e3,17,14,206,182,2618,2184,29890,24024
I:4b5a905df964a52084cb28e3,I:4b5ad3dbf964a52065d628e3,14,14,195,182,2447,2184,28574,24024
I:4b5a905df964a52084cb28e3,I:4b5c0fe0f964a520d62229e3,19,14,218,182,2740,2184,31180,24024
I:4b5a905df964a52084cb28e3,I:4b6929aaf964a520ad9a2be3,15,14,204,182,2583,2184,29813,24024
I:4b5a905df964a52084cb28e3,I:4b7a0c3cf964a520a2202fe3,14,14,196,182,2462,2184,28637,24024
I:4b5a905df964a52084cb28e3,I:4bc010634cdfc9b6eb789221,14,14,196,182,2462,2184,28649,24024
I:4b5a905df964a52084cb28e3,I:4bd0416e9854d13a5252f74d,15,14,205,182,2591,2184,29793,24024
I:4b5a905df964a52084cb28e3,I:4e33b15962e1733d7aa4f6b8,14,14,195,182,2448,2184,28510,24024
I:4b5a905df964a52084cb28e3,I:4ec74b6d775bf65c034080b5,14,14,193,182,2426,2184,28272,24024
I:4b5a905df964a52084cb28e3,I:4ec8d5df7ee537da802879a4,14,14,193,182,2426,2184,28277,24024
I:4b5a905df964a52084cb28e3,I:4f1548d7e4b03856f421df5e,14,14,192,182,2410,2184,28147,24024
I:4b5a905df964a52084cb28e3,I:4f8e3f6ce4b0dcea356eba23,14,14,195,182,2448,2184,28510,24024
I:4b5a905df964a52084cb28e3,I:4fab91a3e4b05cb20097aa45,14,14,192,182,2410,2184,28133,24024
I:4b5a905df964a52084cb28e3,I:4fe3dcaae4b0d43f1f79a1af,14,14,194,182,2440,2184,28397,24024
I:4b5a905df964a52084cb28e3,U:1958,1,1,18,18,228,212,2949,2641
I:4b5a905df964a52084cb28e3,U:1893,2,2,34,30,425,383,5417,4659
I:4b5a905df964a52084cb28e3,U:78,1,1,16,16,215,205,2776,2597
I:4b5a905df964a52084cb28e3,U:1562,2,2,34,30,420,383,5282,4659
I:4b5a905df964a52084cb28e3,U:1832,1,1,18,18,218,212,2740,2641
I:4b5a905df964a52084cb28e3,U:1859,0,0,0,0,0,0,0,0
I:4b5a905df964a52084cb28e3,U:1919,0,0,0,0,0,0,0,0
I:4b5a905df964a52084cb28e3,U:2041,2,2,28,28,405,380,5116,4659
I:4b5a905df964a52084cb28e3,U:331,1,1,18,18,226,212,2890,2641
I:4b5a905df964a52084cb28e3,U:466,0,0,0,0,0,0,0,0
I:4b5a905df964a52084cb28e3,U:90,0,0,0,0,4,4,85,85
I:4b5aa58bf964a52048cf28e3,I:4b5ad3dbf964a52065d628e3,15,14,203,182,2538,2184,29638,24024
I:4b5aa58bf964a52048cf28e3,I:4b5c0fe0f964a520d62229e3,25,14,216,182,2780,2184,31204,24024
I:4b5aa58bf964a52048cf28e3,I:4b6929aaf964a520ad9a2be3,15,14,214,182,2764,2184,31177,24024
I:4b5aa58bf964a52048cf28e3,I:4b7a0c3cf964a520a2202fe3,15,14,204,182,2552,2184,29673,24024
I:4b5aa58bf964a52048cf28e3,I:4bc010634cdfc9b6eb789221,14,14,206,182,2580,2184,29985,24024
I:4b5aa58bf964a52048cf28e3,I:4bd0416e9854d13a5252f74d,16,14,213,182,2713,2184,30861,24024
I:4b5aa58bf964a52048cf28e3,I:4e33b15962e1733d7aa4f6b8,14,14,205,182,2566,2184,29833,24024
I:4b5aa58bf964a52048cf28e3,I:4ec74b6d775bf65c034080b5,14,14,203,182,2542,2184,29577,24024
I:4b5aa58bf964a52048cf28e3,I:4ec8d5df7ee537da802879a4,14,14,203,182,2543,2184,29583,24024
I:4b5aa58bf964a52048cf28e3,I:4f1548d7e4b03856f421df5e,14,14,202,182,2522,2184,29461,24024
I:4b5aa58bf964a52048cf28e3,I:4f8e3f6ce4b0dcea356eba23,14,14,205,182,2566,2184,29833,24024
I:4b5aa58bf964a52048cf28e3,I:4fab91a3e4b05cb20097aa45,14,14,202,182,2520,2184,29444,24024
I:4b5aa58bf964a52048cf28e3,I:4fe3dcaae4b0d43f1f79a1af,15,14,202,182,2528,2184,29418,24024
I:4b5aa58bf964a52048cf28e3,U:789,0,0,6,3,85,44,2301,1202
I:4b5aa58bf964a52048cf28e3,U:1893,2,2,40,30,432,383,5684,4659
I:4b5aa58bf964a52048cf28e3,U:1260,0,0,3,3,10,6,220,129
I:4b5aa58bf964a52048cf28e3,U:1948,0,0,3,3,6,6,130,129
I:4b5aa58bf964a52048cf28e3,U:78,1,1,19,16,211,205,2729,2597
I:4b5aa58bf964a52048cf28e3,U:136,1,1,24,24,225,212,2981,2641
I:4b5aa58bf964a52048cf28e3,U:1399,0,0,1,1,2,2,59,58
I:4b5aa58bf964a52048cf28e3,U:1596,0,0,1,1,2,2,59,58
I:4b5aa58bf964a52048cf28e3,U:30,1,1,25,24,251,212,3752,2641
I:4b5aa58bf964a52048cf28e3,U:1562,2,2,40,30,419,383,5331,4659
I:4b5aa58bf964a52048cf28e3,U:1176,0,0,0,0,3,3,73,71
I:4b5aa58bf964a52048cf28e3,U:762,0,0,1,1,9,9,348,335
I:4b5aa58bf964a52048cf28e3,U:1001,0,0,0,0,0,0,0,0
I:4b5aa58bf964a52048cf28e3,U:1078,0,0,0,0,0,0,0,0
I:4b5aa58bf964a52048cf28e3,U:1134,1,1,25,24,229,212,3132,2641
I:4b5aa58bf964a52048cf28e3,U:1167,0,0,0,0,0,0,0,0
I:4b5aa58bf964a52048cf28e3,U:1237,0,0,0,0,19,18,581,519
I:4b5aa58bf964a52048cf28e3,U:1414,0,0,0,0,0,0,0,0
I:4b5aa58bf964a52048cf28e3,U:1424,1,1,14,14,204,204,2552,2551
I:4b5aa58bf964a52048cf28e3,U:145,0,0,0,0,0,0,0,0
I:4b5aa58bf964a52048cf28e3,U:1477,0,0,0,0,0,0,0,0
I:4b5aa58bf964a52048cf28e3,U:1531,1,1,24,24,216,212,2780,2641
I:4b5aa58bf964a52048cf28e3,U:1635,0,0,0,0,6,5,158,144
I:4b5aa58bf964a52048cf28e3,U:1693,1,1,17,14,245,209,3636,2641
I:4b5aa58bf964a52048cf28e3,U:1732,0,0,0,0,0,0,0,0
I:4b5aa58bf964a52048cf28e3,U:1834,1,1,24,24,216,212,2780,2641
I:4b5aa58bf964a52048cf28e3,U:1849,0,0,0,0,0,0,0,0
I:4b5aa58bf964a52048cf28e3,U:1986,1,1,24,24,217,212,2785,2641
I:4b5aa58bf964a52048cf28e3,U:2029,0,0,0,0,0,0,0,0
I:4b5aa58bf964a52048cf28e3,U:2182,0,0,0,0,0,0,1,1
I:4b5aa58bf964a52048cf28e3,U:2290,0,0,0,0,0,0,0,0
I:4b5aa58bf964a52048cf28e3,U:368,2,2,38,28,414,383,5246,4659
I:4b5aa58bf964a52048cf28e3,U:417,0,0,0,0,0,0,0,0
I:4b5aa58bf964a52048cf28e3,U:436,2,2,39,30,425,383,5420,4659
I:4b5aa58bf964a52048cf28e3,U:652,1,1,15,14,219,209,2885,2641
I:4b5aa58bf964a52048cf28e3,U:798,0,0,0,0,0,0,0,0
I:4b5aa58bf964a52048cf28e3,U:838,0,0,0,0,0,0,0,0
I:4b5aa58bf964a52048cf28e3,U:944,2,2,39,30,425,383,5420,4659
I:4b5ad3dbf964a52065d628e3,I:4b5c0fe0f964a520d62229e3,14,14,221,182,2783,2184,31820,24024
I:4b5ad3dbf964a52065d628e3,I:4b6929aaf964a520ad9a2be3,14,14,199,182,2506,2184,29211,24024
I:4b5ad3dbf964a52065d628e3,I:4b7a0c3cf964a520a2202fe3,14,14,189,182,2378,2184,27724,24024
I:4b5ad3dbf964a52065d628e3,I:4bc010634cdfc9b6eb789221,15,14,187,182,2353,2184,27468,24024
I:4b5ad3dbf964a52065d628e3,I:4bd0416e9854d13a5252f74d,15,14,198,182,2478,2184,28909,24024
I:4b5ad3dbf964a52065d628e3,I:4e33b15962e1733d7aa4f6b8,14,14,188,182,2366,2184,27598,24024
I:4b5ad3dbf964a52065d628e3,I:4ec74b6d775bf65c034080b5,14,14,186,182,2344,2184,27374,24024
I:4b5ad3dbf964a52065d628e3,I:4ec8d5df7ee537da802879a4,14,14,186,182,2344,2184,27379,24024
I:4b5ad3dbf964a52065d628e3,I:4f1548d7e4b03856f421df5e,14,14,185,182,2335,2184,27238,24024
I:4b5ad3dbf964a52065d628e3,I:4f8e3f6ce4b0dcea356eba23,14,14,188,182,2366,2184,27598,24024
I:4b5ad3dbf964a52065d628e3,I:4fab91a3e4b05cb20097aa45,14,14,185,182,2333,2184,27226,24024
I:4b5ad3dbf964a52065d628e3,I:4fe3dcaae4b0d43f1f79a1af,14,14,187,182,2356,2184,27497,24024
I:4b5ad3dbf964a52065d628e3,U:1693,1,1,15,14,233,209,3140,2641
I:4b5ad3dbf964a52065d628e3,U:1045,2,2,28,28,381,374,4779,4598
I:4b5ad3dbf964a52065d628e3,U:2047,0,0,0,0,9,9,201,201
I:4b5ad3dbf964a52065d628e3,U:438,0,0,1,1,31,21,584,429
I:4b5c0fe0f964a520d62229e3,I:4b6929aaf964a520ad9a2be3,21,14,218,182,2832,2184,31644,24024
I:4b5c0fe0f964a520d62229e3,I:4b7a0c3cf964a520a2202fe3,15,14,220,182,2729,2184,31518,24024
I:4b5c0fe0f964a520d62229e3,I:4bc010634cdfc9b6eb789221,15,14,220,182,2733,2184,31512,24024
I:4b5c0fe0f964a520d62229e3,I:4bd0416e9854d13a5252f74d,20,14,221,182,2806,2184,31723,24024
I:4b5c0fe0f964a520d62229e3,I:4e33b15962e1733d7aa4f6b8,15,14,219,182,2707,2184,31391,24024
I:4b5c0fe0f964a520d62229e3,I:4ec74b6d775bf65c034080b5,15,14,217,182,2684,2184,31075,24024
I:4b5c0fe0f964a520d62229e3,I:4ec8d5df7ee537da802879a4,15,14,217,182,2685,2184,31110,24024
I:4b5c0fe0f964a520d62229e3,I:4f1548d7e4b03856f421df5e,14,14,218,182,2703,2184,31252,24024
I:4b5c0fe0f964a520d62229e3,I:4f8e3f6ce4b0dcea356eba23,15,14,219,182,2707,2184,31391,24024
I:4b5c0fe0f964a520d62229e3,I:4fab91a3e4b05cb20097aa45,14,14,218,182,2696,2184,31225,24024
I:4b5c0fe0f964a520d62229e3,I:4fe3dcaae4b0d43f1f79a1af,15,14,218,182,2704,2184,31199,24024
I:4b5c0fe0f964a520d62229e3,U:1005,0,0,45,13,321,120,8258,2564
I:4b5c0fe0f964a520d62229e3,U:1614,0,0,11,8,58,36,1774,1021
I:4b5c0fe0f964a520d62229e3,U:1958,1,1,21,18,254,212,3433,2641
I:4b5c0fe0f964a520d62229e3,U:61,0,0,20,8,117,65,2798,1437
I:4b5c0fe0f964a520d62229e3,U:1792,0,0,43,13,362,120,9057,2564
I:4b5c0fe0f964a520d62229e3,U:1893,2,2,46,30,461,383,6216,4659
I:4b5c0fe0f964a520d62229e3,U:2044,0,0,15,8,76,48,2388,1325
I:4b5c0fe0f964a520d62229e3,U:849,1,1,41,20,426,213,8342,2723
I:4b5c0fe0f964a520d62229e3,U:136,1,1,27,24,232,212,3087,2641
I:4b5c0fe0f964a520d62229e3,U:1641,0,0,3,3,17,17,334,308
I:4b5c0fe0f964a520d62229e3,U:1168,0,0,18,11,149,78,4350,2126
I:4b5c0fe0f964a520d62229e3,U:449,1,1,26,20,299,213,4891,2723
I:4b5c0fe0f964a520d62229e3,U:854,0,0,5,5,41,36,1148,993
I:4b5c0fe0f964a520d62229e3,U:285,1,1,42,20,362,212,6514,2641
I:4b5c0fe0f964a520d62229e3,U:1518,0,0,9,8,42,36,1412,1021
I:4b5c0fe0f964a520d62229e3,U:979,0,0,1,1,2,2,96,58
I:4b5c0fe0f964a520d62229e3,U:30,1,1,30,24,363,212,6230,2641
I:4b5c0fe0f964a520d62229e3,U:1562,2,2,42,30,431,383,5469,4659
I:4b5c0fe0f964a520d62229e3,U:1832,1,1,18,18,218,212,2740,2641
I:4b5c0fe0f964a520d62229e3,U:331,1,1,21,18,236,212,3085,2641
I:4b5c0fe0f964a520d62229e3,U:1028,0,0,1,1,45,36,1046,938
I:4b5c0fe0f964a520d62229e3,U:1367,0,0,4,4,39,36,1278,1021
I:4b5c0fe0f964a520d62229e3,U:1402,0,0,4,4,39,36,1278,1021
I:4b5c0fe0f964a520d62229e3,U:1621,0,0,4,4,39,36,1278,1021
I:4b5c0fe0f964a520d62229e3,U:193,0,0,7,4,114,72,3354,1999
I:4b5c0fe0f964a520d62229e3,U:1134,1,1,29,24,246,212,3550,2641
I:4b5c0fe0f964a520d62229e3,U:1531,1,1,24,24,216,212,2780,2641
I:4b5c0fe0f964a520d62229e3,U:1834,1,1,24,24,216,212,2780,2641
I:4b5c0fe0f964a520d62229e3,U:1986,1,1,24,24,217,212,2793,2641
I:4b5c0fe0f964a520d62229e3,U:368,2,2,38,28,430,383,5422,4659
I:4b5c0fe0f964a520d62229e3,U:436,2,2,43,30,433,383,5517,4659
I:4b5c0fe0f964a520d62229e3,U:944,2,2,43,30,433,383,5517,4659
I:4b5c0fe0f964a520d62229e3,U:807,0,0,1,1,1,1,37,30
I:4b5c0fe0f964a520d62229e3,U:1077,0,0,3,3,35,31,806,697
I:4b5c0fe0f964a520d62229e3,U:693,0,0,3,3,35,31,806,697
I:4b5c0fe0f964a520d62229e3,U:1741,1,1,37,20,321,212,5784,2641
I:4b5c0fe0f964a520d62229e3,U:26,0,0,6,6,36,31,1005,748
I:4b5c0fe0f964a520d62229e3,U:843,0,0,6,6,35,31,932,748
I:4b5c0fe0f964a520d62229e3,U:1004,2,2,39,28,438,381,5609,4659
I:4b5c0fe0f964a520d62229e3,U:548,0,0,6,5,31,31,814,697
I:4b5c0fe0f964a520d62229e3,U:593,0,0,9,6,49,35,1238,803
I:4b5c0fe0f964a520d62229e3,U:1514,1,1,16,14,260,212,3710,2641
I:4b5c0fe0f964a520d62229e3,U:229,3,3,44,42,687,546,8974,6552
I:4b5c0fe0f964a520d62229e3,U:1006,1,1,24,20,226,212,3119,2641
I:4b5c0fe0f964a520d62229e3,U:1950,0,0,3,3,16,7,396,234
I:4b5c0fe0f964a520d62229e3,U:2082,0,0,3,3,7,6,229,179
I:4b5c0fe0f964a520d62229e3,U:10,0,0,0,0,0,0,0,0
I:4b5c0fe0f964a520d62229e3,U:107,0,0,2,2,41,36,1049,993
I:4b5c0fe0f964a520d62229e3,U:1084,0,0,0,0,0,0,0,0
I:4b5c0fe0f964a520d62229e3,U:1178,0,0,0,0,0,0,0,0
I:4b5c0fe0f964a520d62229e3,U:1211,0,0,0,0,0,0,0,0
I:4b5c0fe0f964a520d62229e3,U:1216,0,0,0,0,0,0,0,0
I:4b5c0fe0f964a520d62229e3,U:1220,0,0,0,0,8,7,119,100
I:4b5c0fe0f964a520d62229e3,U:1229,0,0,5,5,40,36,1216,998
I:4b5c0fe0f964a520d62229e3,U:1250,0,0,4,4,18,17,452,389
I:4b5c0fe0f964a520d62229e3,U:1411,2,2,34,28,434,381,5507,4659
I:4b5c0fe0f964a520d62229e3,U:1490,0,0,0,0,0,0,0,0
I:4b5c0fe0f964a520d62229e3,U:1507,1,1,19,19,221,212,2806,2641
I:4b5c0fe0f964a520d62229e3,U:1527,0,0,1,1,8,7,178,97
I:4b5c0fe0f964a520d62229e3,U:1585,0,0,0,0,0,0,0,0
I:4b5c0fe0f964a520d62229e3,U:1636,0,0,0,0,0,0,0,0
I:4b5c0fe0f964a520d62229e3,U:164,0,0,3,3,19,17,366,329
I:4b5c0fe0f964a520d62229e3,U:1723,0,0,0,0,0,0,0,0
I:4b5c0fe0f964a520d62229e3,U:1773,1,1,15,14,224,212,2749,2641
I:4b5c0fe0f964a520d62229e3,U:190,0,0,0,0,0,0,0,0
I:4b5c0fe0f964a520d62229e3,U:1933,0,0,0,0,0,0,0,0
I:4b5c0fe0f964a520d62229e3,U:1995,0,0,2,2,5,5,185,179
I:4b5c0fe0f964a520d62229e3,U:2057,0,0,0,0,0,0,0,0
I:4b5c0fe0f964a520d62229e3,U:207,0,0,16,11,111,71,3311,1978
I:4b5c0fe0f964a520d62229e3,U:2115,0,0,0,0,0,0,0,0
I:4b5c0fe0f964a520d62229e3,U:2180,0,0,0,0,0,0,0,0
I:4b5c0fe0f964a520d62229e3,U:2184,0,0,0,0,0,0,0,0
I:4b5c0fe0f964a520d62229e3,U:2252,0,0,0,0,0,0,0,0
I:4b5c0fe0f964a520d62229e3,U:2282,0,0,0,0,0,0,0,0
I:4b5c0fe0f964a520d62229e3,U:256,0,0,0,0,0,0,0,0
I:4b5c0fe0f964a520d62229e3,U:300,0,0,0,0,0,0,0,0
I:4b5c0fe0f964a520d62229e3,U:429,0,0,0,0,0,0,0,0
I:4b5c0fe0f964a520d62229e3,U:481,0,0,0,0,0,0,0,0
I:4b5c0fe0f964a520d62229e3,U:515,0,0,0,0,0,0,0,0
I:4b5c0fe0f964a520d62229e3,U:563,0,0,0,0,0,0,0,0
I:4b5c0fe0f964a520d62229e3,U:571,0,0,0,0,0,0,0,0
I:4b5c0fe0f964a520d62229e3,U:580,0,0,0,0,0,0,0,0
I:4b5c0fe0f964a520d62229e3,U:642,0,0,0,0,0,0,0,0
I:4b5c0fe0f964a520d62229e3,U:644,0,0,0,0,0,0,0,0
I:4b5c0fe0f964a520d62229e3,U:668,0,0,0,0,0,0,0,0
I:4b5c0fe0f964a520d62229e3,U:679,0,0,0,0,0,0,0,0
I:4b5c0fe0f964a520d62229e3,U:785,1,1,20,20,218,212,2832,2641
I:4b5c0fe0f964a520d62229e3,U:815,0,0,0,0,0,0,0,0
I:4b5c0fe0f964a520d62229e3,U:818,0,0,0,0,0,0,0,0
I:4b5c0fe0f964a520d62229e3,U:825,0,0,0,0,0,0,0,0
I:4b5c0fe0f964a520d62229e3,U:83,0,0,0,0,0,0,0,0
I:4b5c0fe0f964a520d62229e3,U:836,1,1,20,20,220,212,2881,2641
I:4b5c0fe0f964a520d62229e3,U:882,0,0,0,0,16,16,226,213
I:4b6929aaf964a520ad9a2be3,I:4b7a0c3cf964a520a2202fe3,14,14,200,182,2506,2184,29289,24024
I:4b6929aaf964a520ad9a2be3,I:4bc010634cdfc9b6eb789221,15,14,198,182,2484,2184,28994,24024
I:4b6929aaf964a520ad9a2be3,I:4bd0416e9854d13a5252f74d,18,14,203,182,2579,2184,29603,24024
I:4b6929aaf964a520ad9a2be3,I:4e33b15962e1733d7aa4f6b8,14,14,199,182,2494,2184,29152,24024
I:4b6929aaf964a520ad9a2be3,I:4ec74b6d775bf65c034080b5,14,14,197,182,2472,2184,28897,24024
I:4b6929aaf964a520ad9a2be3,I:4ec8d5df7ee537da802879a4,14,14,197,182,2472,2184,28911,24024
I:4b6929aaf964a520ad9a2be3,I:4f1548d7e4b03856f421df5e,14,14,196,182,2456,2184,28772,24024
I:4b6929aaf964a520ad9a2be3,I:4f8e3f6ce4b0dcea356eba23,14,14,199,182,2494,2184,29152,24024
I:4b6929aaf964a520ad9a2be3,I:4fab91a3e4b05cb20097aa45,14,14,196,182,2454,2184,28758,24024
I:4b6929aaf964a520ad9a2be3,I:4fe3dcaae4b0d43f1f79a1af,14,14,198,182,2484,2184,29030,24024
I:4b6929aaf964a520ad9a2be3,U:1695,0,0,1,1,7,6,157,129
I:4b6929aaf964a520ad9a2be3,U:2230,0,0,1,1,7,6,157,129
I:4b6929aaf964a520ad9a2be3,U:408,1,1,18,17,220,203,3057,2565
I:4b6929aaf964a520ad9a2be3,U:475,0,0,3,2,31,23,898,686
I:4b6929aaf964a520ad9a2be3,U:285,1,1,24,20,273,212,4252,2641
I:4b6929aaf964a520ad9a2be3,U:1478,0,0,1,1,1,1,43,22
I:4b6929aaf964a520ad9a2be3,U:2041,2,2,31,28,403,380,5107,4659
I:4b6929aaf964a520ad9a2be3,U:652,1,1,14,14,220,209,2895,2641
I:4b6929aaf964a520ad9a2be3,U:1472,0,0,0,0,0,0,2,2
I:4b6929aaf964a520ad9a2be3,U:1943,0,0,1,1,17,16,495,443
I:4b6929aaf964a520ad9a2be3,U:878,0,0,1,1,11,11,290,282
I:4b6929aaf964a520ad9a2be3,U:1741,1,1,24,20,260,212,3957,2641
I:4b6929aaf964a520ad9a2be3,U:1004,2,2,37,28,419,381,5356,4659
I:4b6929aaf964a520ad9a2be3,U:2169,0,0,2,2,15,13,464,411
I:4b6929aaf964a520ad9a2be3,U:1006,1,1,20,20,226,212,3031,2641
I:4b6929aaf964a520ad9a2be3,U:1411,2,2,34,28,412,381,5258,4659
I:4b6929aaf964a520ad9a2be3,U:785,1,1,20,20,218,212,2832,2641
I:4b6929aaf964a520ad9a2be3,U:836,1,1,22,20,218,212,2833,2641
I:4b6929aaf964a520ad9a2be3,U:834,0,0,4,3,29,23,870,686
I:4b6929aaf964a520ad9a2be3,U:787,0,0,0,0,4,4,82,81
I:4b6929aaf964a520ad9a2be3,U:1209,0,0,0,0,0,0,0,0
I:4b6929aaf964a520ad9a2be3,U:1293,0,0,0,0,12,12,343,336
I:4b6929aaf964a520ad9a2be3,U:1736,0,0,0,0,0,0,0,0
I:4b6929aaf964a520ad9a2be3,U:1765,0,0,0,0,0,0,0,0
I:4b6929aaf964a520ad9a2be3,U:2238,0,0,5,3,32,23,951,686
I:4b6929aaf964a520ad9a2be3,U:234,0,0,0,0,0,0,0,0
I:4b6929aaf964a520ad9a2be3,U:612,1,1,17,17,203,203,2579,2565
I:4b6929aaf964a520ad9a2be3,U:955,0,0,0,0,0,0,0,0
I:4b7a0c3cf964a520a2202fe3,I:4bc010634cdfc9b6eb789221,14,14,190,182,2389,2184,27808,24024
I:4b7a0c3cf964a520a2202fe3,I:4bd0416e9854d13a5252f74d,14,14,201,182,2517,2184,29276,24024
I:4b7a0c3cf964a520a2202fe3,I:4e33b15962e1733d7aa4f6b8,15,14,187,182,2353,2184,27395,24024
I:4b7a0c3cf964a520a2202fe3,I:4ec74b6d775bf65c034080b5,14,14,187,182,2356,2184,27441,24024
I:4b7a0c3cf964a520a2202fe3,I:4ec8d5df7ee537da802879a4,14,14,187,182,2357,2184,27444,24024
I:4b7a0c3cf964a520a2202fe3,I:4f1548d7e4b03856f421df5e,14,14,186,182,2344,2184,27309,24024
I:4b7a0c3cf964a520a2202fe3,I:4f8e3f6ce4b0dcea356eba23,15,14,187,182,2353,2184,27395,24024
I:4b7a0c3cf964a520a2202fe3,I:4fab91a3e4b05cb20097aa45,14,14,186,182,2344,2184,27296,24024
I:4b7a0c3cf964a520a2202fe3,I:4fe3dcaae4b0d43f1f79a1af,14,14,188,182,2368,2184,27566,24024
I:4b7a0c3cf964a520a2202fe3,U:1424,1,1,14,14,204,204,2552,2551
I:4b7a0c3cf964a520a2202fe3,U:229,3,3,42,42,586,546,7393,6552
I:4bc010634cdfc9b6eb789221,I:4bd0416e9854d13a5252f74d,15,14,199,182,2495,2184,28974,24024
I:4bc010634cdfc9b6eb789221,I:4e33b15962e1733d7aa4f6b8,14,14,189,182,2378,2184,27678,24024
I:4bc010634cdfc9b6eb789221,I:4ec74b6d775bf65c034080b5,14,14,187,182,2356,2184,27452,24024
I:4bc010634cdfc9b6eb789221,I:4ec8d5df7ee537da802879a4,14,14,187,182,2356,2184,27457,24024
I:4bc010634cdfc9b6eb789221,I:4f1548d7e4b03856f421df5e,14,14,186,182,2344,2184,27321,24024
I:4bc010634cdfc9b6eb789221,I:4f8e3f6ce4b0dcea356eba23,14,14,189,182,2378,2184,27678,24024
I:4bc010634cdfc9b6eb789221,I:4fab91a3e4b05cb20097aa45,14,14,186,182,2344,2184,27307,24024
I:4bc010634cdfc9b6eb789221,I:4fe3dcaae4b0d43f1f79a1af,14,14,188,182,2367,2184,27580,24024
I:4bc010634cdfc9b6eb789221,U:1820,0,0,0,0,7,7,155,155
I:4bc010634cdfc9b6eb789221,U:1045,2,2,28,28,382,374,4796,4598
I:4bc010634cdfc9b6eb789221,U:1411,2,2,28,28,414,381,5153,4659
I:4bd0416e9854d13a5252f74d,I:4e33b15962e1733d7aa4f6b8,14,14,200,182,2504,2184,29141,24024
I:4bd0416e9854d13a5252f74d,I:4ec74b6d775bf65c034080b5,14,14,198,182,2482,2184,28884,24024
I:4bd0416e9854d13a5252f74d,I:4ec8d5df7ee537da802879a4,14,14,198,182,2482,2184,28898,24024
I:4bd0416e9854d13a5252f74d,I:4f1548d7e4b03856f421df5e,14,14,197,182,2465,2184,28756,24024
I:4bd0416e9854d13a5252f74d,I:4f8e3f6ce4b0dcea356eba23,14,14,200,182,2504,2184,29141,24024
I:4bd0416e9854d13a5252f74d,I:4fab91a3e4b05cb20097aa45,14,14,197,182,2465,2184,28743,24024
I:4bd0416e9854d13a5252f74d,I:4fe3dcaae4b0d43f1f79a1af,14,14,199,182,2495,2184,29017,24024
I:4bd0416e9854d13a5252f74d,U:849,1,1,22,20,276,213,4179,2723
I:4bd0416e9854d13a5252f74d,U:408,1,1,19,17,216,203,2916,2565
I:4bd0416e9854d13a5252f74d,U:449,1,1,22,20,241,213,3341,2723
I:4bd0416e9854d13a5252f74d,U:2041,2,2,31,28,404,380,5115,4659
I:4bd0416e9854d13a5252f74d,U:436,2,2,34,30,430,383,5441,4659
I:4bd0416e9854d13a5252f74d,U:944,2,2,34,30,430,383,5441,4659
I:4bd0416e9854d13a5252f74d,U:1045,2,2,28,28,393,374,4921,4598
I:4bd0416e9854d13a5252f74d,U:1004,2,2,36,28,420,381,5322,4659
I:4bd0416e9854d13a5252f74d,U:909,0,0,0,0,9,9,261,260
I:4bd0416e9854d13a5252f74d,U:1507,1,1,19,19,221,212,2806,2641
I:4bd0416e9854d13a5252f74d,U:612,1,1,17,17,203,203,2579,2565
I:4bd0416e9854d13a5252f74d,U:1305,0,0,0,0,0,0,0,0
I:4bd0416e9854d13a5252f74d,U:2096,0,0,0,0,0,0,0,0
I:4bd0416e9854d13a5252f74d,U:526,0,0,0,0,0,0,0,0
I:4e33b15962e1733d7aa4f6b8,I:4ec74b6d775bf65c034080b5,14,14,186,182,2345,2184,27314,24024
I:4e33b15962e1733d7aa4f6b8,I:4ec8d5df7ee537da802879a4,14,14,186,182,2346,2184,27317,24024
I:4e33b15962e1733d7aa4f6b8,I:4f1548d7e4b03856f421df5e,14,14,185,182,2333,2184,27183,24024
I:4e33b15962e1733d7aa4f6b8,I:4f8e3f6ce4b0dcea356eba23,15,14,186,182,2342,2184,27268,24024
I:4e33b15962e1733d7aa4f6b8,I:4fab91a3e4b05cb20097aa45,14,14,185,182,2333,2184,27170,24024
I:4e33b15962e1733d7aa4f6b8,I:4fe3dcaae4b0d43f1f79a1af,14,14,187,182,2356,2184,27441,24024
I:4e33b15962e1733d7aa4f6b8,U:229,3,3,42,42,584,546,7359,6552
I:4ec74b6d775bf65c034080b5,I:4ec8d5df7ee537da802879a4,14,14,184,182,2323,2184,27099,24024
I:4ec74b6d775bf65c034080b5,I:4f1548d7e4b03856f421df5e,14,14,183,182,2311,2184,26965,24024
I:4ec74b6d775bf65c034080b5,I:4f8e3f6ce4b0dcea356eba23,14,14,186,182,2345,2184,27314,24024
I:4ec74b6d775bf65c034080b5,I:4fab91a3e4b05cb20097aa45,14,14,183,182,2311,2184,26952,24024
I:4ec74b6d775bf65c034080b5,I:4fe3dcaae4b0d43f1f79a1af,14,14,185,182,2334,2184,27219,24024
I:4ec74b6d775bf65c034080b5,U:1773,1,1,14,14,218,212,2709,2641
I:4ec8d5df7ee537da802879a4,I:4f1548d7e4b03856f421df5e,14,14,183,182,2311,2184,26970,24024
I:4ec8d5df7ee537da802879a4,I:4f8e3f6ce4b0dcea356eba23,14,14,186,182,2346,2184,27317,24024
I:4ec8d5df7ee537da802879a4,I:4fab91a3e4b05cb20097aa45,14,14,183,182,2311,2184,26957,24024
I:4ec8d5df7ee537da802879a4,I:4fe3dcaae4b0d43f1f79a1af,14,14,185,182,2334,2184,27224,24024
I:4ec8d5df7ee537da802879a4,U:1514,1,1,14,14,223,212,2832,2641
I:4f1548d7e4b03856f421df5e,I:4f8e3f6ce4b0dcea356eba23,14,14,185,182,2333,2184,27183,24024
I:4f1548d7e4b03856f421df5e,I:4fab91a3e4b05cb20097aa45,14,14,182,182,2300,2184,26821,24024
I:4f1548d7e4b03856f421df5e,I:4fe3dcaae4b0d43f1f79a1af,14,14,184,182,2322,2184,27089,24024
I:4f1548d7e4b03856f421df5e,U:1000,0,0,0,0,13,13,228,227
I:4f8e3f6ce4b0dcea356eba23,I:4fab91a3e4b05cb20097aa45,14,14,185,182,2333,2184,27170,24024
I:4f8e3f6ce4b0dcea356eba23,I:4fe3dcaae4b0d43f1f79a1af,14,14,187,182,2356,2184,27441,24024
I:4f8e3f6ce4b0dcea356eba23,U:229,3,3,42,42,584,546,7359,6552
I:4fab91a3e4b05cb20097aa45,I:4fe3dcaae4b0d43f1f79a1af,14,14,184,182,2322,2184,27076,24024
I:4fab91a3e4b05cb20097aa45,U:888,0,0,0,0,0,0,0,0
I:4fe3dcaae4b0d43f1f79a1af,U:368,2,2,28,28,416,383,5160,4659
I:4b35706ff964a5202b2d25e3,I:4b526ce7f964a520a67c27e3,16,12,169,132,1905,1320,19268,13200
I:4b35706ff964a5202b2d25e3,I:4b52730af964a520da7d27e3,16,12,156,132,1766,1320,18084,13200
I:4b35706ff964a5202b2d25e3,I:4b6036e1f964a5204dda29e3,14,12,169,132,1863,1320,19050,13200
I:4b35706ff964a5202b2d25e3,I:4b6170d8f964a520a7132ae3,16,12,175,132,2027,1320,20047,13200
I:4b35706ff964a5202b2d25e3,I:4b63e2c1f964a520c0952ae3,10,10,131,120,1513,1320,16011,13200
I:4b35706ff964a5202b2d25e3,I:4b7f593ff964a5201d2930e3,13,12,168,132,1852,1320,18917,13200
I:4b35706ff964a5202b2d25e3,I:4bc04e402a89ef3bd45cf088,14,12,169,132,1916,1320,19437,13200
I:4b35706ff964a5202b2d25e3,I:4cc7a93e5b7aa14334aa307d,12,12,160,132,1768,1320,18282,13200
I:4b35706ff964a5202b2d25e3,I:4d148b7c6d1037040f3122bd,13,12,167,132,1843,1320,18830,13200
I:4b35706ff964a5202b2d25e3,I:4e4cedde18a822288dd822ed,13,12,168,132,1847,1320,18949,13200
I:4b35706ff964a5202b2d25e3,I:4e4cfe4718388d49816f02a9,13,12,164,132,1810,1320,18656,13200
I:4b35706ff964a5202b2d25e3,I:4f081a44e4b06fab19031bcb,13,12,166,132,1825,1320,18709,13200
I:4b35706ff964a5202b2d25e3,I:4f5c13fee4b086681bb56c4f,14,12,165,132,1815,1320,18597,13200
I:4b35706ff964a5202b2d25e3,I:4f7f9ceae4b023c637e055ec,15,12,169,132,1904,1320,19298,13200
I:4b35706ff964a5202b2d25e3,U:1005,1,1,32,18,334,194,6051,2564
I:4b35706ff964a5202b2d25e3,U:1008,0,0,4,4,28,27,743,696
I:4b35706ff964a5202b2d25e3,U:101,1,1,13,13,169,166,1916,1818
I:4b35706ff964a5202b2d25e3,U:113,2,2,31,25,323,295,3683,3208
I:4b35706ff964a5202b2d25e3,U:1614,0,0,7,6,47,35,1190,884
I:4b35706ff964a5202b2d25e3,U:1690,0,0,0,0,0,0,43,40
I:4b35706ff964a5202b2d25e3,U:1868,0,0,0,0,0,0,0,0
I:4b35706ff964a5202b2d25e3,U:1931,1,1,22,15,237,180,3661,2262
I:4b35706ff964a5202b2d25e3,U:1940,0,0,0,0,0,0,0,0
I:4b35706ff964a5202b2d25e3,U:1958,1,1,16,13,189,166,2392,1868
I:4b35706ff964a5202b2d25e3,U:2279,0,0,0,0,19,19,427,420
I:4b35706ff964a5202b2d25e3,U:345,1,1,16,15,185,165,2106,1800
I:4b35706ff964a5202b2d25e3,U:557,1,1,19,15,231,180,3482,2262
I:4b35706ff964a5202b2d25e3,U:596,0,0,3,2,76,51,2084,1363
I:4b35706ff964a5202b2d25e3,U:599,0,0,0,0,0,0,0,0
I:4b35706ff964a5202b2d25e3,U:61,2,2,38,25,384,298,5031,3343
I:4b35706ff964a5202b2d25e3,U:718,3,3,40,36,496,426,5550,4560
I:4b35706ff964a5202b2d25e3,U:789,2,2,41,26,451,311,6563,3406
I:4b526ce7f964a520a67c27e3,I:4b52730af964a520da7d27e3,13,12,155,132,1754,1320,18046,13200
I:4b526ce7f964a520a67c27e3,I:4b6036e1f964a5204dda29e3,13,12,164,132,1820,1320,18531,13200
I:4b526ce7f964a520a67c27e3,I:4b6170d8f964a520a7132ae3,16,12,168,132,1896,1320,19228,13200
I:4b526ce7f964a520a67c27e3,I:4b63e2c1f964a520c0952ae3,10,10,128,120,1451,1320,15381,13200
I:4b526ce7f964a520a67c27e3,I:4b7f593ff964a5201d2930e3,14,12,159,132,1757,1320,17987,13200
I:4b526ce7f964a520a67c27e3,I:4bc04e402a89ef3bd45cf088,14,12,162,132,1814,1320,18656,13200
I:4b526ce7f964a520a67c27e3,I:4cc7a93e5b7aa14334aa307d,12,12,153,132,1704,1320,17603,13200
I:4b526ce7f964a520a67c27e3,I:4d148b7c6d1037040f3122bd,13,12,160,132,1774,1320,18121,13200
I:4b526ce7f964a520a67c27e3,I:4e4cedde18a822288dd822ed,13,12,161,132,1779,1320,18217,13200
I:4b526ce7f964a520a67c27e3,I:4e4cfe4718388d49816f02a9,12,12,159,132,1765,1320,18161,13200
I:4b526ce7f964a520a67c27e3,I:4f081a44e4b06fab19031bcb,13,12,159,132,1759,1320,18007,13200
I:4b526ce7f964a520a67c27e3,I:4f5c13fee4b086681bb56c4f,13,12,160,132,1772,1320,18129,13200
I:4b526ce7f964a520a67c27e3,I:4f7f9ceae4b023c637e055ec,13,12,166,132,1865,1320,18961,13200
I:4b526ce7f964a520a67c27e3,U:113,2,2,27,25,323,295,3664,3208
I:4b526ce7f964a520a67c27e3,U:345,1,1,16,15,184,165,2100,1800
I:4b526ce7f964a520a67c27e3,U:789,2,2,35,26,413,311,5529,3406
I:4b526ce7f964a520a67c27e3,U:1203,0,0,0,0,1,1,34,34
I:4b526ce7f964a520a67c27e3,U:1246,0,0,0,0,0,0,0,0
I:4b526ce7f964a520a67c27e3,U:1260,0,0,3,3,8,6,175,129
I:4b526ce7f964a520a67c27e3,U:1347,0,0,0,0,0,0,0,0
I:4b526ce7f964a520a67c27e3,U:1348,0,0,0,0,0,0,0,0
I:4b526ce7f964a520a67c27e3,U:139,0,0,0,0,0,0,0,0
I:4b526ce7f964a520a67c27e3,U:1460,0,0,0,0,0,0,0,0
I:4b526ce7f964a520a67c27e3,U:1537,0,0,0,0,0,0,0,0
I:4b526ce7f964a520a67c27e3,U:1547,0,0,0,0,0,0,0,0
I:4b526ce7f964a520a67c27e3,U:1595,0,0,0,0,0,0,0,0
I:4b526ce7f964a520a67c27e3,U:1632,1,1,18,15,198,164,2620,1794
I:4b526ce7f964a520a67c27e3,U:1659,0,0,0,0,0,0,0,0
I:4b526ce7f964a520a67c27e3,U:1695,0,0,1,1,7,6,157,129
I:4b526ce7f964a520a67c27e3,U:1698,0,0,0,0,0,0,0,0
I:4b526ce7f964a520a67c27e3,U:1865,0,0,0,0,0,0,0,0
I:4b526ce7f964a520a67c27e3,U:1879,1,1,15,13,184,158,2353,1741
I:4b526ce7f964a520a67c27e3,U:1890,0,0,2,2,26,25,594,545
I:4b526ce7f964a520a67c27e3,U:1910,0,0,0,0,0,0,0,0
I:4b526ce7f964a520a67c27e3,U:1948,0,0,3,3,6,6,130,129
I:4b526ce7f964a520a67c27e3,U:206,0,0,0,0,0,0,0,0
I:4b526ce7f964a520a67c27e3,U:2084,0,0,0,0,0,0,0,0
I:4b526ce7f964a520a67c27e3,U:2194,0,0,0,0,0,0,2,2
I:4b526ce7f964a520a67c27e3,U:2230,0,0,1,1,7,6,157,129
I:4b526ce7f964a520a67c27e3,U:2233,0,0,0,0,16,15,424,398
I:4b526ce7f964a520a67c27e3,U:2242,1,1,13,13,162,161,1814,1778
I:4b526ce7f964a520a67c27e3,U:2257,0,0,0,0,0,0,0,0
I:4b526ce7f964a520a67c27e3,U:335,0,0,0,0,0,0,0,0
I:4b526ce7f964a520a67c27e3,U:416,0,0,0,0,0,0,0,0
I:4b526ce7f964a520a67c27e3,U:428,0,0,3,2,51,36,1377,900
I:4b526ce7f964a520a67c27e3,U:489,0,0,0,0,0,0,0,0
I:4b526ce7f964a520a67c27e3,U:601,0,0,0,0,0,0,0,0
I:4b526ce7f964a520a67c27e3,U:645,1,1,15,15,168,164,1896,1794
I:4b526ce7f964a520a67c27e3,U:651,0,0,2,2,43,34,1101,777
I:4b526ce7f964a520a67c27e3,U:78,0,0,3,3,14,7,275,169
I:4b526ce7f964a520a67c27e3,U:791,0,0,0,0,0,0,0,0
I:4b52730af964a520da7d27e3,I:4b6036e1f964a5204dda29e3,12,12,153,132,1712,1320,17679,13200
I:4b52730af964a520da7d27e3,I:4b6170d8f964a520a7132ae3,13,12,161,132,1844,1320,18724,13200
I:4b52730af964a520da7d27e3,I:4b7f593ff964a5201d2930e3,12,12,150,132,1678,1320,17394,13200
I:4b52730af964a520da7d27e3,I:4bc04e402a89ef3bd45cf088,12,12,153,132,1743,1320,17950,13200
I:4b52730af964a520da7d27e3,I:4cc7a93e5b7aa14334aa307d,12,12,140,132,1582,1320,16610,13200
I:4b52730af964a520da7d27e3,I:4d148b7c6d1037040f3122bd,12,12,149,132,1669,1320,17324,13200
I:4b52730af964a520da7d27e3,I:4e4cedde18a822288dd822ed,12,12,150,132,1679,1320,17405,13200
I:4b52730af964a520da7d27e3,I:4e4cfe4718388d49816f02a9,12,12,145,132,1642,1320,17144,13200
I:4b52730af964a520da7d27e3,I:4f081a44e4b06fab19031bcb,12,12,148,132,1658,1320,17213,13200
I:4b52730af964a520da7d27e3,I:4f5c13fee4b086681bb56c4f,12,12,149,132,1675,1320,17309,13200
I:4b52730af964a520da7d27e3,I:4f7f9ceae4b023c637e055ec,12,12,155,132,1755,1320,18084,13200
I:4b52730af964a520da7d27e3,U:1005,1,1,22,18,279,194,4330,2564
I:4b52730af964a520da7d27e3,U:113,2,2,27,25,310,295,3520,3208
I:4b52730af964a520da7d27e3,U:61,2,2,34,25,359,298,4466,3343
I:4b52730af964a520da7d27e3,U:1076,0,0,0,0,0,0,0,0
I:4b52730af964a520da7d27e3,U:1186,0,0,1,1,1,1,7,5
I:4b52730af964a520da7d27e3,U:136,0,0,3,3,25,19,514,389
I:4b52730af964a520da7d27e3,U:1608,0,0,0,0,0,0,0,0
I:4b52730af964a520da7d27e3,U:1641,0,0,3,3,17,17,334,308
I:4b52730af964a520da7d27e3,U:2036,0,0,0,0,0,0,0,0
I:4b52730af964a520da7d27e3,U:215,0,0,1,1,3,3,65,65
I:4b52730af964a520da7d27e3,U:27,0,0,0,0,0,0,0,0
I:4b52730af964a520da7d27e3,U:403,0,0,0,0,0,0,0,0
I:4b52730af964a520da7d27e3,U:491,0,0,0,0,0,0,0,0
I:4b52730af964a520da7d27e3,U:566,0,0,0,0,0,0,0,0
I:4b52730af964a520da7d27e3,U:96,0,0,1,1,1,1,6,5
I:4b6036e1f964a5204dda29e3,I:4b6170d8f964a520a7132ae3,15,12,166,132,1833,1320,18776,13200
I:4b6036e1f964a5204dda29e3,I:4b63e2c1f964a520c0952ae3,10,10,124,120,1421,1320,14976,13200
I:4b6036e1f964a5204dda29e3,I:4b7f593ff964a5201d2930e3,13,12,157,132,1737,1320,17684,13200
I:4b6036e1f964a5204dda29e3,I:4bc04e402a89ef3bd45cf088,13,12,160,132,1778,1320,18194,13200
I:4b6036e1f964a5204dda29e3,I:4cc7a93e5b7aa14334aa307d,12,12,149,132,1665,1320,17090,13200
I:4b6036e1f964a5204dda29e3,I:4d148b7c6d1037040f3122bd,13,12,156,132,1730,1320,17603,13200
I:4b6036e1f964a5204dda29e3,I:4e4cedde18a822288dd822ed,13,12,157,132,1738,1320,17678,13200
I:4b6036e1f964a5204dda29e3,I:4e4cfe4718388d49816f02a9,13,12,152,132,1700,1320,17428,13200
I:4b6036e1f964a5204dda29e3,I:4f081a44e4b06fab19031bcb,13,12,155,132,1717,1320,17485,13200
I:4b6036e1f964a5204dda29e3,I:4f5c13fee4b086681bb56c4f,13,12,156,132,1728,1320,17602,13200
I:4b6036e1f964a5204dda29e3,I:4f7f9ceae4b023c637e055ec,14,12,160,132,1774,1320,18115,13200
I:4b6036e1f964a5204dda29e3,U:718,3,3,39,36,475,426,5246,4560
I:4b6036e1f964a5204dda29e3,U:1357,1,1,13,13,162,159,1804,1755
I:4b6036e1f964a5204dda29e3,U:2178,0,0,0,0,27,25,636,595
I:4b6036e1f964a5204dda29e3,U:1313,0,0,0,0,0,0,0,0
I:4b6036e1f964a5204dda29e3,U:713,0,0,0,0,0,0,0,0
I:4b6036e1f964a5204dda29e3,U:744,0,0,0,0,0,0,0,0
I:4b6036e1f964a5204dda29e3,U:75,1,1,14,14,166,164,1833,1794
I:4b6170d8f964a520a7132ae3,I:4b63e2c1f964a520c0952ae3,10,10,133,120,1500,1320,15894,13200
I:4b6170d8f964a520a7132ae3,I:4b7f593ff964a5201d2930e3,13,12,167,132,1848,1320,18879,13200
I:4b6170d8f964a520a7132ae3,I:4bc04e402a89ef3bd45cf088,15,12,166,132,1881,1320,19116,13200
I:4b6170d8f964a520a7132ae3,I:4cc7a93e5b7aa14334aa307d,12,12,160,132,1760,1320,18239,13200
I:4b6170d8f964a520a7132ae3,I:4d148b7c6d1037040f3122bd,14,12,164,132,1813,1320,18568,13200
I:4b6170d8f964a520a7132ae3,I:4e4cedde18a822288dd822ed,13,12,168,132,1840,1320,18896,13200
I:4b6170d8f964a520a7132ae3,I:4e4cfe4718388d49816f02a9,13,12,163,132,1811,1320,18629,13200
I:4b6170d8f964a520a7132ae3,I:4f081a44e4b06fab19031bcb,13,12,165,132,1819,1320,18683,13200
I:4b6170d8f964a520a7132ae3,I:4f5c13fee4b086681bb56c4f,13,12,166,132,1837,1320,18796,13200
I:4b6170d8f964a520a7132ae3,I:4f7f9ceae4b023c637e055ec,15,12,168,132,1900,1320,19203,13200
I:4b6170d8f964a520a7132ae3,U:61,2,2,35,25,390,298,5155,3343
I:4b6170d8f964a520a7132ae3,U:718,3,3,41,36,492,426,5521,4560
I:4b6170d8f964a520a7132ae3,U:789,2,2,40,26,448,311,6572,3406
I:4b6170d8f964a520a7132ae3,U:1792,2,2,43,26,484,311,7796,3406
I:4b6170d8f964a520a7132ae3,U:808,0,0,7,4,80,38,1541,808
I:4b6170d8f964a520a7132ae3,U:1632,1,1,20,15,207,164,2873,1794
I:4b6170d8f964a520a7132ae3,U:645,1,1,15,15,168,164,1896,1794
I:4b6170d8f964a520a7132ae3,U:285,1,1,27,15,259,177,4122,2262
I:4b6170d8f964a520a7132ae3,U:283,0,0,6,5,48,35,1309,884
I:4b6170d8f964a520a7132ae3,U:1436,0,0,0,0,0,0,16,12
I:4b6170d8f964a520a7132ae3,U:593,0,0,7,6,42,35,962,803
I:4b6170d8f964a520a7132ae3,U:1147,0,0,2,2,7,7,211,200
I:4b6170d8f964a520a7132ae3,U:1250,0,0,4,4,18,17,452,389
I:4b6170d8f964a520a7132ae3,U:75,1,1,14,14,166,164,1833,1794
I:4b6170d8f964a520a7132ae3,U:1195,0,0,0,0,0,0,0,0
I:4b6170d8f964a520a7132ae3,U:1278,0,0,0,0,0,0,0,0
I:4b6170d8f964a520a7132ae3,U:141,1,1,19,13,187,164,2479,1794
I:4b6170d8f964a520a7132ae3,U:1419,0,0,0,0,0,0,32,32
I:4b6170d8f964a520a7132ae3,U:1428,0,0,0,0,0,0,0,0
I:4b6170d8f964a520a7132ae3,U:1437,0,0,7,5,39,33,1103,808
I:4b6170d8f964a520a7132ae3,U:1493,0,0,0,0,0,0,0,0
I:4b6170d8f964a520a7132ae3,U:1522,0,0,0,0,0,0,0,0
I:4b6170d8f964a520a7132ae3,U:1570,1,1,14,14,166,164,1881,1794
I:4b6170d8f964a520a7132ae3,U:1587,0,0,5,5,39,35,963,803
I:4b6170d8f964a520a7132ae3,U:1810,0,0,0,0,0,0,0,0
I:4b6170d8f964a520a7132ae3,U:2012,0,0,0,0,0,0,0,0
I:4b6170d8f964a520a7132ae3,U:2087,0,0,0,0,0,0,0,0
I:4b6170d8f964a520a7132ae3,U:2264,0,0,0,0,0,0,0,0
I:4b6170d8f964a520a7132ae3,U:306,0,0,0,0,5,5,121,120
I:4b6170d8f964a520a7132ae3,U:342,0,0,0,0,0,0,0,0
I:4b6170d8f964a520a7132ae3,U:504,0,0,0,0,0,0,0,0
I:4b6170d8f964a520a7132ae3,U:52,0,0,0,0,0,0,0,0
I:4b63e2c1f964a520c0952ae3,I:4b7f593ff964a5201d2930e3,10,10,121,120,1399,1320,14761,13200
I:4b63e2c1f964a520c0952ae3,I:4bc04e402a89ef3bd45cf088,10,10,125,120,1423,1320,15101,13200
I:4b63e2c1f964a520c0952ae3,I:4d148b7c6d1037040f3122bd,10,10,121,120,1390,1320,14684,13200
I:4b63e2c1f964a520c0952ae3,I:4e4cedde18a822288dd822ed,10,10,120,120,1402,1320,14780,13200
I:4b63e2c1f964a520c0952ae3,I:4f081a44e4b06fab19031bcb,10,10,120,120,1383,1320,14593,13200
I:4b63e2c1f964a520c0952ae3,I:4f5c13fee4b086681bb56c4f,10,10,121,120,1391,1320,14676,13200
I:4b63e2c1f964a520c0952ae3,I:4f7f9ceae4b023c637e055ec,10,10,126,120,1437,1320,15241,13200
I:4b63e2c1f964a520c0952ae3,U:352,0,0,0,0,12,12,206,206
I:4b63e2c1f964a520c0952ae3,U:882,0,0,0,0,16,16,226,213
I:4b63e2c1f964a520c0952ae3,U:562,0,0,0,0,0,0,0,0
I:4b7f593ff964a5201d2930e3,I:4bc04e402a89ef3bd45cf088,13,12,157,132,1739,1320,17875,13200
I:4b7f593ff964a5201d2930e3,I:4cc7a93e5b7aa14334aa307d,12,12,146,132,1638,1320,16806,13200
I:4b7f593ff964a5201d2930e3,I:4d148b7c6d1037040f3122bd,13,12,153,132,1698,1320,17312,13200
I:4b7f593ff964a5201d2930e3,I:4e4cedde18a822288dd822ed,13,12,154,132,1708,1320,17381,13200
I:4b7f593ff964a5201d2930e3,I:4e4cfe4718388d49816f02a9,13,12,149,132,1669,1320,17146,13200
I:4b7f593ff964a5201d2930e3,I:4f081a44e4b06fab19031bcb,13,12,152,132,1687,1320,17196,13200
I:4b7f593ff964a5201d2930e3,I:4f5c13fee4b086681bb56c4f,13,12,153,132,1697,1320,17313,13200
I:4b7f593ff964a5201d2930e3,I:4f7f9ceae4b023c637e055ec,13,12,159,132,1760,1320,18025,13200
I:4b7f593ff964a5201d2930e3,U:1879,1,1,13,13,178,158,2059,1741
I:4b7f593ff964a5201d2930e3,U:1579,0,0,0,0,0,0,0,0
I:4b7f593ff964a5201d2930e3,U:494,1,1,12,12,149,149,1669,1664
I:4bc04e402a89ef3bd45cf088,I:4cc7a93e5b7aa14334aa307d,12,12,149,132,1667,1320,17291,13200
I:4bc04e402a89ef3bd45cf088,I:4d148b7c6d1037040f3122bd,13,12,156,132,1731,1320,17795,13200
I:4bc04e402a89ef3bd45cf088,I:4e4cedde18a822288dd822ed,13,12,157,132,1740,1320,17881,13200
I:4bc04e402a89ef3bd45cf088,I:4e4cfe4718388d49816f02a9,12,12,154,132,1726,1320,17869,13200
I:4bc04e402a89ef3bd45cf088,I:4f081a44e4b06fab19031bcb,13,12,155,132,1719,1320,17672,13200
I:4bc04e402a89ef3bd45cf088,I:4f5c13fee4b086681bb56c4f,13,12,156,132,1734,1320,17783,13200
I:4bc04e402a89ef3bd45cf088,I:4f7f9ceae4b023c637e055ec,14,12,160,132,1790,1320,18402,13200
I:4bc04e402a89ef3bd45cf088,U:101,1,1,13,13,169,166,1916,1818
I:4bc04e402a89ef3bd45cf088,U:1792,2,2,34,26,446,311,6561,3406
I:4bc04e402a89ef3bd45cf088,U:849,0,0,5,3,101,58,2445,1437
I:4bc04e402a89ef3bd45cf088,U:2242,1,1,13,13,162,161,1814,1778
I:4bc04e402a89ef3bd45cf088,U:331,0,0,3,3,26,19,501,389
I:4bc04e402a89ef3bd45cf088,U:2005,0,0,1,1,18,18,414,392
I:4bc04e402a89ef3bd45cf088,U:164,0,0,3,3,19,17,366,329
I:4bc04e402a89ef3bd45cf088,U:1570,1,1,14,14,166,164,1881,1794
I:4bc04e402a89ef3bd45cf088,U:79,0,0,0,0,25,25,703,681
I:4bc04e402a89ef3bd45cf088,U:1013,0,0,0,0,0,0,0,0
I:4bc04e402a89ef3bd45cf088,U:1335,0,0,0,0,0,0,0,0
I:4bc04e402a89ef3bd45cf088,U:1706,0,0,0,0,0,0,0,0
I:4bc04e402a89ef3bd45cf088,U:2032,0,0,0,0,0,0,0,0
I:4bc04e402a89ef3bd45cf088,U:2079,0,0,0,0,0,0,0,0
I:4bc04e402a89ef3bd45cf088,U:2109,0,0,0,0,0,0,0,0
I:4bc04e402a89ef3bd45cf088,U:559,0,0,0,0,0,0,0,0
I:4bc04e402a89ef3bd45cf088,U:970,0,0,0,0,0,0,0,0
I:4cc7a93e5b7aa14334aa307d,I:4d148b7c6d1037040f3122bd,12,12,145,132,1628,1320,16744,13200
I:4cc7a93e5b7aa14334aa307d,I:4e4cedde18a822288dd822ed,13,12,144,132,1618,1320,16600,13200
I:4cc7a93e5b7aa14334aa307d,I:4e4cfe4718388d49816f02a9,13,12,140,132,1575,1320,16338,13200
I:4cc7a93e5b7aa14334aa307d,I:4f081a44e4b06fab19031bcb,12,12,144,132,1619,1320,16628,13200
I:4cc7a93e5b7aa14334aa307d,I:4f5c13fee4b086681bb56c4f,12,12,145,132,1628,1320,16740,13200
I:4cc7a93e5b7aa14334aa307d,I:4f7f9ceae4b023c637e055ec,12,12,151,132,1685,1320,17433,13200
I:4cc7a93e5b7aa14334aa307d,U:1529,0,0,0,0,12,12,215,214
I:4cc7a93e5b7aa14334aa307d,U:1640,0,0,0,0,3,2,31,29
I:4cc7a93e5b7aa14334aa307d,I:4b68f365f964a5208a942be3,2,2,26,24,306,277,3540,3049
I:4d148b7c6d1037040f3122bd,I:4e4cedde18a822288dd822ed,13,12,153,132,1698,1320,17311,13200
I:4d148b7c6d1037040f3122bd,I:4e4cfe4718388d49816f02a9,12,12,150,132,1683,1320,17284,13200
I:4d148b7c6d1037040f3122bd,I:4f081a44e4b06fab19031bcb,13,12,151,132,1678,1320,17124,13200
I:4d148b7c6d1037040f3122bd,I:4f5c13fee4b086681bb56c4f,13,12,152,132,1688,1320,17240,13200
I:4d148b7c6d1037040f3122bd,I:4f7f9ceae4b023c637e055ec,13,12,158,132,1753,1320,17942,13200
I:4d148b7c6d1037040f3122bd,U:442,0,0,0,0,4,3,45,39
I:4d148b7c6d1037040f3122bd,U:141,1,1,13,13,186,164,2147,1794
I:4d148b7c6d1037040f3122bd,U:1955,0,0,0,0,0,0,0,0
I:4e4cedde18a822288dd822ed,I:4e4cfe4718388d49816f02a9,13,12,150,132,1669,1320,17124,13200
I:4e4cedde18a822288dd822ed,I:4f081a44e4b06fab19031bcb,13,12,152,132,1688,1320,17191,13200
I:4e4cedde18a822288dd822ed,I:4f5c13fee4b086681bb56c4f,13,12,153,132,1698,1320,17309,13200
I:4e4cedde18a822288dd822ed,I:4f7f9ceae4b023c637e055ec,13,12,159,132,1759,1320,18039,13200
I:4e4cedde18a822288dd822ed,U:1447,0,0,0,0,9,8,164,162
I:4e4cedde18a822288dd822ed,I:4b68f365f964a5208a942be3,2,2,26,24,318,277,3657,3049
I:4e4cfe4718388d49816f02a9,I:4f081a44e4b06fab19031bcb,12,12,149,132,1672,1320,17167,13200
I:4e4cfe4718388d49816f02a9,I:4f5c13fee4b086681bb56c4f,12,12,150,132,1682,1320,17282,13200
I:4e4cfe4718388d49816f02a9,I:4f7f9ceae4b023c637e055ec,13,12,154,132,1727,1320,17791,13200
I:4e4cfe4718388d49816f02a9,U:718,3,3,36,36,467,426,5171,4560
I:4e4cfe4718388d49816f02a9,U:150,0,0,0,0,3,3,46,39
I:4e4cfe4718388d49816f02a9,U:115,1,1,12,12,158,153,1781,1702
I:4e4cfe4718388d49816f02a9,U:50,0,0,0,0,41,29,664,440
I:4e4cfe4718388d49816f02a9,U:2124,0,0,0,0,10,10,217,211
I:4e4cfe4718388d49816f02a9,I:4be7e5c588ed2d7faf2dcb1d,1,1,4,2,52,31,647,375
I:4e4cfe4718388d49816f02a9,U:2093,0,0,0,0,5,5,141,140
I:4e4cfe4718388d49816f02a9,I:4b68f365f964a5208a942be3,3,2,25,24,302,277,3477,3049
I:4e4cfe4718388d49816f02a9,U:494,1,1,12,12,149,149,1669,1664
I:4f081a44e4b06fab19031bcb,I:4f5c13fee4b086681bb56c4f,13,12,151,132,1679,1320,17122,13200
I:4f081a44e4b06fab19031bcb,I:4f7f9ceae4b023c637e055ec,13,12,157,132,1737,1320,17829,13200
I:4f081a44e4b06fab19031bcb,U:90,0,0,0,0,4,4,85,85
I:4f5c13fee4b086681bb56c4f,I:4f7f9ceae4b023c637e055ec,13,12,158,132,1751,1320,17942,13200
I:4f5c13fee4b086681bb56c4f,U:1958,1,1,13,13,187,166,2140,1868
I:4f7f9ceae4b023c637e055ec,U:1931,1,1,17,15,223,180,3158,2262
I:4f7f9ceae4b023c637e055ec,U:557,1,1,17,15,211,180,2928,2262
I:4f7f9ceae4b023c637e055ec,U:1792,2,2,31,26,431,311,6211,3406
I:4f7f9ceae4b023c637e055ec,U:285,1,1,20,15,246,177,3520,2262
I:4f7f9ceae4b023c637e055ec,U:1357,1,1,13,13,162,159,1819,1755
I:4f7f9ceae4b023c637e055ec,U:115,1,1,14,12,158,153,1775,1702
I:4f7f9ceae4b023c637e055ec,U:1908,0,0,0,0,0,0,0,0
I:4f7f9ceae4b023c637e055ec,U:2216,0,0,0,0,0,0,0,0
I:4f7f9ceae4b023c637e055ec,U:889,0,0,0,0,0,0,0,0
U:1005,I:4b5aa058f964a52068ce28e3,2,2,87,53,1384,999,30682,20396
U:1005,I:4b7af3d1f964a520e3472fe3,2,2,98,53,1406,999,31537,20396
U:1005,I:4b7e29e5f964a520ebe42fe3,2,2,76,53,1308,999,29399,20396
U:1005,I:4b59f1ecf964a520d0a228e3,0,0,1,1,10,8,230,213
U:1008,I:4b7af3d1f964a520e3472fe3,0,0,4,4,28,27,743,696
U:113,I:4b6f9ee6f964a5202af82ce3,0,0,1,1,8,5,177,127
U:1614,I:4b7af3d1f964a520e3472fe3,0,0,12,8,67,36,2048,1021
U:1690,I:4b651198f964a5208ee22ae3,0,0,0,0,0,0,43,40
U:1931,I:4b5aa058f964a52068ce28e3,1,1,40,33,642,539,14045,11091
U:1931,I:4b7af3d1f964a520e3472fe3,1,1,45,33,644,539,14131,11091
U:345,I:4be7e5c588ed2d7faf2dcb1d,0,0,2,2,31,31,400,375
U:557,I:4b7af3d1f964a520e3472fe3,1,1,33,27,633,535,13575,11020
U:557,I:4d526ef4e02754816d6eb4b6,1,1,29,27,597,535,12852,11020
U:596,I:4b49a6bef964a5202b7226e3,3,3,74,67,1543,1429,32271,28953
U:596,I:4b5542c8f964a52027e027e3,3,3,74,67,1560,1429,32751,28953
U:596,I:4b5bfab8f964a520e91f29e3,3,3,68,67,1525,1429,31851,28953
U:596,I:4b88c6bbf964a520000d32e3,3,3,68,67,1525,1429,31882,28953
U:596,I:4b57171cf964a520052628e3,1,1,6,4,20,15,469,391
U:596,I:4b5a9d21f964a520c6cd28e3,1,1,6,4,27,9,702,301
U:596,I:4b67d1a8f964a520795e2be3,0,0,0,0,18,9,428,232
U:596,I:4b6f9ee6f964a5202af82ce3,0,0,7,3,46,12,1134,314
U:61,I:4b6c9fc7f964a5206b472ce3,0,0,4,2,27,14,699,365
U:789,I:4b49a6bef964a5202b7226e3,1,1,29,25,675,556,15175,10797
U:789,I:4b5aa058f964a52068ce28e3,1,1,42,25,737,556,16628,10797
U:789,I:4b57171cf964a520052628e3,0,0,4,3,30,15,677,391
U:789,I:4b5be175f964a5206c1b29e3,0,0,1,1,7,3,216,90
U:789,I:4b651b5df964a52079e42ae3,0,0,5,3,45,30,1187,704
I:4d32a9c2b60937042bc8f9df,U:351,1,1,6,6,35,32,199,170
I:4d32a9c2b60937042bc8f9df,I:4b5c0be8f964a520562229e3,6,6,44,30,231,120,1778,523
I:4d32a9c2b60937042bc8f9df,I:4b5c11a5f964a520382329e3,6,6,32,30,170,120,876,440
I:4d32a9c2b60937042bc8f9df,I:4b5d6871f964a5201d5c29e3,6,6,35,30,192,120,1057,440
I:4d32a9c2b60937042bc8f9df,I:4b63f798f964a52028992ae3,6,6,39,30,222,120,1493,440
I:4d32a9c2b60937042bc8f9df,I:4c1b527463750f475aa2b467,7,6,33,30,172,120,976,440
I:4d32a9c2b60937042bc8f9df,I:4d577b04e319a1cdeb420534,6,6,39,30,198,120,1481,464
I:4d32a9c2b60937042bc8f9df,I:4ecf58f061af476c0748a1c2,6,6,36,30,190,120,1015,440
U:1159,I:4b7af3d1f964a520e3472fe3,0,0,4,3,90,67,2400,1704
U:1159,I:4b6c9fc7f964a5206b472ce3,0,0,1,1,22,14,548,365
U:1339,I:4ba5cae4f964a520962239e3,0,0,0,0,1,1,45,43
U:1553,I:4b68f365f964a5208a942be3,0,0,1,1,5,5,115,108
U:1772,I:4b5aa058f964a52068ce28e3,2,2,63,45,1226,993,26391,20131
U:1772,I:4b63ca9ef964a520c5912ae3,2,2,54,45,1131,993,24523,20131
U:1772,I:4f66d6ece4b0eae10c7bafee,2,2,46,45,1078,993,23129,20131
U:1792,I:4b5542c8f964a52027e027e3,3,3,89,67,1801,1429,39203,28953
U:1792,I:4b63ca9ef964a520c5912ae3,3,3,80,67,1789,1429,38784,28953
U:1792,I:4b7e29e5f964a520ebe42fe3,3,3,95,67,1828,1429,40205,28953
U:1792,I:4d526ef4e02754816d6eb4b6,3,3,81,67,1792,1429,38908,28953
U:1792,I:4b5c0be8f964a520562229e3,1,1,21,9,174,67,3325,688
U:1792,I:4d577b04e319a1cdeb420534,1,1,17,9,140,67,2142,464
U:1792,I:4b651b5df964a52079e42ae3,0,0,6,3,60,30,1610,704
U:1792,I:4be81b324485d13ad40294ee,0,0,1,1,13,9,366,272
U:1994,I:4b7af3d1f964a520e3472fe3,0,0,3,3,47,41,1325,1122
U:2044,I:4b651198f964a5208ee22ae3,0,0,3,2,12,7,388,282
U:2044,I:4b7af3d1f964a520e3472fe3,0,0,16,8,125,48,3711,1325
U:2044,I:4b5a9d21f964a520c6cd28e3,0,0,5,2,17,9,438,301
U:2044,I:4b5abaa5f964a52056d228e3,0,0,1,1,7,6,209,163
U:2044,I:4b690990f964a52098972be3,1,1,3,2,6,2,85,78
U:2044,I:4b90ffe3f964a520729e33e3,1,1,2,2,5,2,24,8
U:2044,I:4b6f9ee6f964a5202af82ce3,0,0,4,2,19,12,645,314
U:2044,I:4c456aeff0bdd13aa2e5cacc,0,0,0,0,0,0,8,8
U:2044,I:4f98eeb0e4b01ba9d4a85666,0,0,1,1,1,1,44,43
U:2056,I:4b76624df964a520594a2ee3,0,0,0,0,2,2,40,38
U:2187,I:4b63ca9ef964a520c5912ae3,0,0,3,3,49,44,1426,1259
U:263,I:4b6f9ee6f964a5202af82ce3,0,0,1,1,4,4,121,120
U:64,I:4b5be59df964a520331c29e3,0,0,0,0,1,1,30,29
U:733,I:4b5aa058f964a52068ce28e3,0,0,14,11,198,148,5102,3483
U:808,I:4b68f365f964a5208a942be3,0,0,5,3,47,38,710,530
U:931,I:4b58051ef964a520c54828e3,0,0,0,0,7,6,145,122
I:4b36cbc0f964a5209d3c25e3,I:4b5bf603f964a520171f29e3,2,2,8,5,12,5,17,9
I:4b36cbc0f964a5209d3c25e3,I:4b651198f964a5208ee22ae3,3,2,7,5,9,5,17,9
I:4b36cbc0f964a5209d3c25e3,I:4cce8b9e2dc437044415d508,2,2,5,4,13,5,20,9
I:4b36cbc0f964a5209d3c25e3,U:209,1,1,2,2,7,5,9,8
I:4b36cbc0f964a5209d3c25e3,U:956,0,0,0,0,1,1,3,3
I:4b5bf603f964a520171f29e3,I:4b651198f964a5208ee22ae3,6,2,5,4,12,5,38,25
I:4b5bf603f964a520171f29e3,I:4cce8b9e2dc437044415d508,3,2,7,5,12,5,25,14
I:4b5bf603f964a520171f29e3,U:1304,2,2,8,5,15,5,130,69
I:4b5bf603f964a520171f29e3,U:1436,0,0,0,0,1,1,20,12
I:4b5bf603f964a520171f29e3,U:1318,1,1,5,5,7,5,18,9
I:4b5bf603f964a520171f29e3,U:1466,0,0,0,0,0,0,0,0
I:4b5bf603f964a520171f29e3,U:1480,0,0,0,0,0,0,0,0
I:4b5bf603f964a520171f29e3,U:1648,0,0,0,0,0,0,0,0
I:4b5bf603f964a520171f29e3,U:2169,0,0,1,1,5,5,95,69
I:4b5bf603f964a520171f29e3,U:370,0,0,0,0,0,0,0,0
I:4b5bf603f964a520171f29e3,U:41,1,1,5,5,5,5,12,9
I:4b5bf603f964a520171f29e3,U:707,0,0,0,0,0,0,4,4
I:4b5bf603f964a520171f29e3,U:822,1,1,5,5,5,5,15,9
I:4b5bf603f964a520171f29e3,U:890,0,0,0,0,0,0,0,0
I:4b651198f964a5208ee22ae3,I:4cce8b9e2dc437044415d508,3,2,9,5,14,5,27,17
I:4b651198f964a5208ee22ae3,U:209,1,1,2,2,7,5,9,8
I:4b651198f964a5208ee22ae3,U:2133,0,0,0,0,9,8,247,236
I:4b651198f964a5208ee22ae3,U:1304,2,2,12,5,27,10,552,282
I:4b651198f964a5208ee22ae3,U:1701,0,0,3,2,17,10,431,282
I:4b651198f964a5208ee22ae3,U:2160,0,0,6,3,23,10,581,282
I:4b651198f964a5208ee22ae3,U:1204,0,0,1,1,1,1,6,5
I:4b651198f964a5208ee22ae3,U:1318,1,1,6,5,5,5,12,9
I:4b651198f964a5208ee22ae3,U:41,1,1,5,5,5,5,12,9
I:4b651198f964a5208ee22ae3,U:822,1,1,5,5,5,5,19,9
I:4b651198f964a5208ee22ae3,U:1276,0,0,0,0,0,0,0,0
I:4b651198f964a5208ee22ae3,U:1350,0,0,1,1,3,3,8,8
I:4b651198f964a5208ee22ae3,U:1366,0,0,0,0,0,0,0,0
I:4b651198f964a5208ee22ae3,U:1468,0,0,0,0,0,0,0,0
I:4b651198f964a5208ee22ae3,U:1499,0,0,0,0,0,0,0,0
I:4b651198f964a5208ee22ae3,U:1592,0,0,0,0,1,1,41,40
I:4b651198f964a5208ee22ae3,U:163,0,0,0,0,0,0,0,0
I:4b651198f964a5208ee22ae3,U:216,0,0,0,0,0,0,0,0
I:4b651198f964a5208ee22ae3,U:226,0,0,0,0,0,0,0,0
I:4b651198f964a5208ee22ae3,U:349,0,0,1,1,0,0,17,17
I:4b651198f964a5208ee22ae3,U:725,0,0,0,0,0,0,0,0
I:4cce8b9e2dc437044415d508,I:4d8575a9509137043cbd975b,0,0,1,1,3,3,12,8
I:4cce8b9e2dc437044415d508,U:1304,2,2,4,4,18,5,44,17
U:956,I:4b6f9ee6f964a5202af82ce3,0,0,0,0,1,1,3,3
I:4b49a6bef964a5202b7226e3,I:4b5542c8f964a52027e027e3,26,22,515,462,10739,9240,212082,175560
I:4b49a6bef964a5202b7226e3,I:4b5aa058f964a52068ce28e3,25,22,528,462,11053,9240,217612,175560
I:4b49a6bef964a5202b7226e3,I:4b5bfab8f964a520e91f29e3,24,22,500,462,10387,9240,205936,175560
I:4b49a6bef964a5202b7226e3,I:4b5bfd03f964a520462029e3,23,22,492,462,10208,9240,202744,175560
I:4b49a6bef964a5202b7226e3,I:4b62da14f964a5208c552ae3,23,22,506,462,10532,9240,208417,175560
I:4b49a6bef964a5202b7226e3,I:4b63ca9ef964a520c5912ae3,24,22,517,462,10770,9240,212758,175560
I:4b49a6bef964a5202b7226e3,I:4b63eb4ff964a52015972ae3,22,22,500,462,10391,9240,205888,175560
I:4b49a6bef964a5202b7226e3,I:4b7af3d1f964a520e3472fe3,27,22,546,462,11443,9240,224021,175560
I:4b49a6bef964a5202b7226e3,I:4b7e29e5f964a520ebe42fe3,24,22,528,462,11061,9240,217400,175560
I:4b49a6bef964a5202b7226e3,I:4b88c6bbf964a520000d32e3,24,22,500,462,10395,9240,205882,175560
I:4b49a6bef964a5202b7226e3,I:4bd962602e6f0f4780610a08,24,22,502,462,10425,9240,206678,175560
I:4b49a6bef964a5202b7226e3,I:4c62336158810f4723d2061e,22,22,497,462,10319,9240,204669,175560
I:4b49a6bef964a5202b7226e3,I:4d32911b5017a093aae54a9b,22,22,489,462,10143,9240,201570,175560
I:4b49a6bef964a5202b7226e3,I:4d526ef4e02754816d6eb4b6,24,22,512,462,10679,9240,211055,175560
I:4b49a6bef964a5202b7226e3,I:4df4798c14954f21cf31ea8c,22,22,489,462,10143,9240,201542,175560
I:4b49a6bef964a5202b7226e3,I:4e12ff58483bee47ff3f2676,22,22,488,462,10122,9240,201150,175560
I:4b49a6bef964a5202b7226e3,I:4e648c7a8877954de9170315,22,22,488,462,10122,9240,201150,175560
I:4b49a6bef964a5202b7226e3,I:4eaa005f29c2152deb268308,22,22,489,462,10146,9240,201570,175560
I:4b49a6bef964a5202b7226e3,I:4ef564018231c11154cb0744,22,22,488,462,10122,9240,201150,175560
I:4b49a6bef964a5202b7226e3,I:4f66d6ece4b0eae10c7bafee,22,22,492,462,10216,9240,202924,175560
I:4b49a6bef964a5202b7226e3,I:4f6bd465e4b0600330d4066c,22,22,488,462,10122,9240,201156,175560
I:4b49a6bef964a5202b7226e3,I:4fab974be4b05cb200996955,22,22,490,462,10168,9240,201947,175560
I:4b49a6bef964a5202b7226e3,I:4ff147c5e4b05cede0ddeddc,22,22,490,462,10168,9240,201990,175560
I:4b49a6bef964a5202b7226e3,U:1165,0,0,0,0,0,0,0,0
I:4b49a6bef964a5202b7226e3,U:1443,5,5,119,110,2566,2328,53399,46752
I:4b49a6bef964a5202b7226e3,U:154,1,1,26,26,551,539,11516,11091
I:4b49a6bef964a5202b7226e3,U:185,0,0,0,0,0,0,0,0
I:4b49a6bef964a5202b7226e3,U:2025,1,1,23,23,515,508,10773,10543
I:4b49a6bef964a5202b7226e3,U:2077,1,1,23,23,500,499,10395,10353
I:4b49a6bef964a5202b7226e3,U:2131,0,0,0,0,0,0,0,0
I:4b49a6bef964a5202b7226e3,U:2133,0,0,0,0,9,8,247,236
I:4b49a6bef964a5202b7226e3,U:29,2,2,51,48,1060,999,22172,20396
I:4b49a6bef964a5202b7226e3,U:363,0,0,1,1,13,12,342,297
I:4b49a6bef964a5202b7226e3,U:415,3,3,68,66,1507,1425,31375,28953
I:4b49a6bef964a5202b7226e3,U:555,1,1,26,26,546,539,11443,11091
I:4b49a6bef964a5202b7226e3,U:760,0,0,5,5,102,81,3052,2241
I:4b49a6bef964a5202b7226e3,U:828,0,0,0,0,0,0,0,0
I:4b49a6bef964a5202b7226e3,U:849,4,4,98,88,2102,1876,44148,37780
I:4b5542c8f964a52027e027e3,I:4b5aa058f964a52068ce28e3,24,22,539,462,11364,9240,222173,175560
I:4b5542c8f964a52027e027e3,I:4b5bfab8f964a520e91f29e3,24,22,509,462,10585,9240,209448,175560
I:4b5542c8f964a52027e027e3,I:4b5bfd03f964a520462029e3,22,22,503,462,10436,9240,207016,175560
I:4b5542c8f964a52027e027e3,I:4b62da14f964a5208c552ae3,27,22,507,462,10552,9240,208606,175560
I:4b5542c8f964a52027e027e3,I:4b63ca9ef964a520c5912ae3,24,22,526,462,10961,9240,216413,175560
I:4b5542c8f964a52027e027e3,I:4b63eb4ff964a52015972ae3,22,22,509,462,10561,9240,209434,175560
I:4b5542c8f964a52027e027e3,I:4b7af3d1f964a520e3472fe3,27,22,555,462,11738,9240,227809,175560
I:4b5542c8f964a52027e027e3,I:4b7e29e5f964a520ebe42fe3,29,22,527,462,11044,9240,216794,175560
I:4b5542c8f964a52027e027e3,I:4b88c6bbf964a520000d32e3,24,22,509,462,10576,9240,209401,175560
I:4b5542c8f964a52027e027e3,I:4bd962602e6f0f4780610a08,23,22,513,462,10654,9240,211071,175560
I:4b5542c8f964a52027e027e3,I:4c62336158810f4723d2061e,23,22,504,462,10452,9240,207317,175560
I:4b5542c8f964a52027e027e3,I:4d32911b5017a093aae54a9b,22,22,498,462,10321,9240,204990,175560
I:4b5542c8f964a52027e027e3,I:4d526ef4e02754816d6eb4b6,24,22,521,462,10870,9240,214697,175560
I:4b5542c8f964a52027e027e3,I:4df4798c14954f21cf31ea8c,22,22,498,462,10314,9240,204979,175560
I:4b5542c8f964a52027e027e3,I:4e12ff58483bee47ff3f2676,22,22,497,462,10293,9240,204578,175560
I:4b5542c8f964a52027e027e3,I:4e648c7a8877954de9170315,22,22,497,462,10293,9240,204578,175560
I:4b5542c8f964a52027e027e3,I:4eaa005f29c2152deb268308,23,22,496,462,10274,9240,204188,175560
I:4b5542c8f964a52027e027e3,I:4ef564018231c11154cb0744,22,22,497,462,10293,9240,204578,175560
I:4b5542c8f964a52027e027e3,I:4f66d6ece4b0eae10c7bafee,22,22,501,462,10390,9240,206391,175560
I:4b5542c8f964a52027e027e3,I:4f6bd465e4b0600330d4066c,22,22,497,462,10294,9240,204582,175560
I:4b5542c8f964a52027e027e3,I:4fab974be4b05cb200996955,23,22,497,462,10300,9240,204561,175560
I:4b5542c8f964a52027e027e3,I:4ff147c5e4b05cede0ddeddc,22,22,499,462,10340,9240,205437,175560
I:4b5542c8f964a52027e027e3,U:29,2,2,51,48,1069,999,22481,20396
I:4b5542c8f964a52027e027e3,U:849,4,4,108,88,2125,1876,44717,37780
I:4b5542c8f964a52027e027e3,U:2233,0,0,0,0,16,15,424,398
I:4b5542c8f964a52027e027e3,U:1061,0,0,0,0,0,0,0,0
I:4b5542c8f964a52027e027e3,U:1102,0,0,2,2,44,38,1285,1101
I:4b5542c8f964a52027e027e3,U:1168,3,3,83,67,1618,1429,34077,28953
I:4b5542c8f964a52027e027e3,U:133,0,0,0,0,0,0,0,0
I:4b5542c8f964a52027e027e3,U:1352,0,0,0,0,0,0,0,0
I:4b5542c8f964a52027e027e3,U:1463,1,1,24,22,528,496,11178,10260
I:4b5542c8f964a52027e027e3,U:1505,2,2,52,48,1062,997,22306,20352
I:4b5542c8f964a52027e027e3,U:1529,0,0,3,2,20,12,509,277
I:4b5542c8f964a52027e027e3,U:1702,0,0,0,0,0,0,0,0
I:4b5542c8f964a52027e027e3,U:1710,0,0,0,0,0,0,0,0
I:4b5542c8f964a52027e027e3,U:1858,6,6,149,132,3091,2772,64430,55440
I:4b5542c8f964a52027e027e3,U:1889,0,0,2,2,39,32,1114,872
I:4b5542c8f964a52027e027e3,U:1894,0,0,0,0,0,0,0,0
I:4b5542c8f964a52027e027e3,U:1975,0,0,0,0,0,0,0,0
I:4b5542c8f964a52027e027e3,U:2019,0,0,0,0,0,0,0,0
I:4b5542c8f964a52027e027e3,U:2286,0,0,0,0,0,0,0,0
I:4b5542c8f964a52027e027e3,U:288,0,0,0,0,0,0,0,0
I:4b5542c8f964a52027e027e3,U:296,1,1,31,28,537,520,11309,10773
I:4b5542c8f964a52027e027e3,U:34,1,1,23,23,539,529,11364,10935
I:4b5542c8f964a52027e027e3,U:366,0,0,0,0,0,0,0,0
I:4b5542c8f964a52027e027e3,U:408,0,0,3,2,30,23,821,686
I:4b5542c8f964a52027e027e3,U:445,0,0,0,0,0,0,0,0
I:4b5542c8f964a52027e027e3,U:449,1,1,33,26,558,505,11946,10461
I:4b5542c8f964a52027e027e3,U:456,0,0,2,2,59,48,1707,1359
I:4b5542c8f964a52027e027e3,U:475,1,1,29,28,544,520,11511,10773
I:4b5542c8f964a52027e027e3,U:519,0,0,2,2,11,10,314,277
I:4b5542c8f964a52027e027e3,U:615,0,0,0,0,16,16,407,405
I:4b5542c8f964a52027e027e3,U:630,1,1,26,26,507,505,10552,10461
I:4b5542c8f964a52027e027e3,U:786,1,1,24,23,561,529,11977,10935
I:4b5542c8f964a52027e027e3,U:854,0,0,5,5,41,36,1148,993
I:4b5542c8f964a52027e027e3,U:866,0,0,4,3,15,11,422,283
I:4b5542c8f964a52027e027e3,U:921,2,2,53,44,1029,980,21494,20112
I:4b5542c8f964a52027e027e3,U:95,1,1,23,23,521,513,10870,10638
I:4b5aa058f964a52068ce28e3,I:4b5bfab8f964a520e91f29e3,23,22,522,462,10861,9240,214759,175560
I:4b5aa058f964a52068ce28e3,I:4b5bfd03f964a520462029e3,23,22,512,462,10604,9240,210577,175560
I:4b5aa058f964a52068ce28e3,I:4b62da14f964a5208c552ae3,24,22,524,462,10927,9240,215633,175560
I:4b5aa058f964a52068ce28e3,I:4b63ca9ef964a520c5912ae3,27,22,531,462,11127,9240,218461,175560
I:4b5aa058f964a52068ce28e3,I:4b63eb4ff964a52015972ae3,24,22,516,462,10708,9240,212139,175560
I:4b5aa058f964a52068ce28e3,I:4b7af3d1f964a520e3472fe3,34,22,552,462,11731,9240,226706,175560
I:4b5aa058f964a52068ce28e3,I:4b7e29e5f964a520ebe42fe3,30,22,536,462,11327,9240,220627,175560
I:4b5aa058f964a52068ce28e3,I:4b88c6bbf964a520000d32e3,22,22,524,462,10918,9240,215506,175560
I:4b5aa058f964a52068ce28e3,I:4bd962602e6f0f4780610a08,25,22,520,462,10811,9240,213843,175560
I:4b5aa058f964a52068ce28e3,I:4c62336158810f4723d2061e,22,22,517,462,10719,9240,212584,175560
I:4b5aa058f964a52068ce28e3,I:4d32911b5017a093aae54a9b,22,22,509,462,10530,9240,209364,175560
I:4b5aa058f964a52068ce28e3,I:4d526ef4e02754816d6eb4b6,27,22,526,462,11044,9240,216745,175560
I:4b5aa058f964a52068ce28e3,I:4df4798c14954f21cf31ea8c,22,22,509,462,10526,9240,209347,175560
I:4b5aa058f964a52068ce28e3,I:4e12ff58483bee47ff3f2676,22,22,508,462,10502,9240,208944,175560
I:4b5aa058f964a52068ce28e3,I:4e648c7a8877954de9170315,22,22,508,462,10502,9240,208944,175560
I:4b5aa058f964a52068ce28e3,I:4eaa005f29c2152deb268308,22,22,509,462,10529,9240,209394,175560
I:4b5aa058f964a52068ce28e3,I:4ef564018231c11154cb0744,22,22,508,462,10502,9240,208944,175560
I:4b5aa058f964a52068ce28e3,I:4f66d6ece4b0eae10c7bafee,24,22,508,462,10532,9240,209132,175560
I:4b5aa058f964a52068ce28e3,I:4f6bd465e4b0600330d4066c,22,22,508,462,10502,9240,208950,175560
I:4b5aa058f964a52068ce28e3,I:4fab974be4b05cb200996955,22,22,510,462,10550,9240,209773,175560
I:4b5aa058f964a52068ce28e3,I:4ff147c5e4b05cede0ddeddc,22,22,510,462,10559,9240,209829,175560
I:4b5aa058f964a52068ce28e3,U:1443,5,5,132,110,2621,2328,54843,46752
I:4b5aa058f964a52068ce28e3,U:428,1,1,31,23,657,529,14171,10724
I:4b5aa058f964a52068ce28e3,U:651,2,2,52,46,1060,993,22190,20337
I:4b5aa058f964a52068ce28e3,U:34,1,1,23,23,539,529,11364,10935
I:4b5aa058f964a52068ce28e3,U:786,1,1,24,23,578,529,12276,10935
I:4b5aa058f964a52068ce28e3,U:1429,0,0,2,2,6,6,150,131
I:4b5aa058f964a52068ce28e3,U:1963,0,0,2,2,26,18,753,488
I:4b5aa058f964a52068ce28e3,U:742,1,1,31,29,546,528,11562,10935
I:4b5aa058f964a52068ce28e3,U:1390,1,1,33,33,563,539,12044,11091
I:4b5aa058f964a52068ce28e3,U:1098,0,0,0,0,0,0,0,0
I:4b5aa058f964a52068ce28e3,U:1221,3,3,80,67,1576,1426,32952,28953
I:4b5aa058f964a52068ce28e3,U:1304,2,2,65,53,1099,999,23275,20396
I:4b5aa058f964a52068ce28e3,U:1367,0,0,4,4,39,36,1278,1021
I:4b5aa058f964a52068ce28e3,U:1384,0,0,0,0,0,0,0,0
I:4b5aa058f964a52068ce28e3,U:1402,0,0,4,4,39,36,1278,1021
I:4b5aa058f964a52068ce28e3,U:1448,0,0,0,0,0,0,0,0
I:4b5aa058f964a52068ce28e3,U:1533,0,0,0,0,0,0,0,0
I:4b5aa058f964a52068ce28e3,U:1557,0,0,0,0,0,0,0,0
I:4b5aa058f964a52068ce28e3,U:1621,0,0,4,4,39,36,1278,1021
I:4b5aa058f964a52068ce28e3,U:1701,1,1,25,23,533,518,11201,10724
I:4b5aa058f964a52068ce28e3,U:1713,0,0,0,0,0,0,0,0
I:4b5aa058f964a52068ce28e3,U:1774,0,0,0,0,0,0,0,0
I:4b5aa058f964a52068ce28e3,U:1777,0,0,0,0,0,0,0,0
I:4b5aa058f964a52068ce28e3,U:1782,0,0,0,0,0,0,0,0
I:4b5aa058f964a52068ce28e3,U:1785,1,1,33,33,552,539,11731,11091
I:4b5aa058f964a52068ce28e3,U:181,0,0,0,0,0,0,1,1
I:4b5aa058f964a52068ce28e3,U:1819,2,2,61,45,1098,993,23235,20337
I:4b5aa058f964a52068ce28e3,U:1845,0,0,0,0,0,0,0,0
I:4b5aa058f964a52068ce28e3,U:193,2,2,56,47,1090,993,23285,20337
I:4b5aa058f964a52068ce28e3,U:2091,0,0,0,0,0,0,0,0
I:4b5aa058f964a52068ce28e3,U:2104,0,0,0,0,0,0,0,0
I:4b5aa058f964a52068ce28e3,U:2122,2,2,51,44,1044,990,21840,20255
I:4b5aa058f964a52068ce28e3,U:2137,0,0,0,0,0,0,0,0
I:4b5aa058f964a52068ce28e3,U:2138,0,0,0,0,0,0,0,0
I:4b5aa058f964a52068ce28e3,U:2160,2,2,66,53,1107,999,23596,20396
I:4b5aa058f964a52068ce28e3,U:2178,3,3,79,67,1589,1429,33220,28953
I:4b5aa058f964a52068ce28e3,U:2193,1,1,23,23,516,515,10708,10656
I:4b5aa058f964a52068ce28e3,U:28,0,0,2,2,51,46,1421,1204
I:4b5aa058f964a52068ce28e3,U:283,1,1,34,33,577,539,12387,11091
I:4b5aa058f964a52068ce28e3,U:310,2,2,60,48,1121,999,23779,20396
I:4b5aa058f964a52068ce28e3,U:329,0,0,2,2,10,10,316,277
I:4b5aa058f964a52068ce28e3,U:352,0,0,0,0,12,12,206,206
I:4b5aa058f964a52068ce28e3,U:699,2,2,62,53,1084,999,22934,20396
I:4b5aa058f964a52068ce28e3,U:747,0,0,2,2,38,38,944,919
I:4b5aa058f964a52068ce28e3,U:762,0,0,1,1,10,9,350,335
I:4b5aa058f964a52068ce28e3,U:850,0,0,0,0,0,0,0,0
I:4b5aa058f964a52068ce28e3,U:863,0,0,0,0,0,0,0,0
I:4b5aa058f964a52068ce28e3,U:927,1,1,26,26,526,518,11044,10738
I:4b5aa058f964a52068ce28e3,U:968,0,0,0,0,0,0,0,0
I:4b5bfab8f964a520e91f29e3,I:4b5bfd03f964a520462029e3,22,22,484,462,10058,9240,199542,175560
I:4b5bfab8f964a520e91f29e3,I:4b62da14f964a5208c552ae3,24,22,494,462,10266,9240,203496,175560
I:4b5bfab8f964a520e91f29e3,I:4b63ca9ef964a520c5912ae3,24,22,507,462,10521,9240,208462,175560
I:4b5bfab8f964a520e91f29e3,I:4b63eb4ff964a52015972ae3,22,22,490,462,10177,9240,201864,175560
I:4b5bfab8f964a520e91f29e3,I:4b7af3d1f964a520e3472fe3,24,22,542,462,11270,9240,221985,175560
I:4b5bfab8f964a520e91f29e3,I:4b7e29e5f964a520ebe42fe3,23,22,520,462,10820,9240,213925,175560
I:4b5bfab8f964a520e91f29e3,I:4b88c6bbf964a520000d32e3,23,22,492,462,10221,9240,202668,175560
I:4b5bfab8f964a520e91f29e3,I:4bd962602e6f0f4780610a08,22,22,496,462,10305,9240,204209,175560
I:4b5bfab8f964a520e91f29e3,I:4c62336158810f4723d2061e,23,22,485,462,10071,9240,199835,175560
I:4b5bfab8f964a520e91f29e3,I:4d32911b5017a093aae54a9b,22,22,479,462,9953,9240,197590,175560
I:4b5bfab8f964a520e91f29e3,I:4d526ef4e02754816d6eb4b6,24,22,502,462,10430,9240,206790,175560
I:4b5bfab8f964a520e91f29e3,I:4df4798c14954f21cf31ea8c,22,22,479,462,9953,9240,197560,175560
I:4b5bfab8f964a520e91f29e3,I:4e12ff58483bee47ff3f2676,22,22,478,462,9932,9240,197178,175560
I:4b5bfab8f964a520e91f29e3,I:4e648c7a8877954de9170315,22,22,478,462,9932,9240,197178,175560
I:4b5bfab8f964a520e91f29e3,I:4eaa005f29c2152deb268308,22,22,479,462,9953,9240,197584,175560
I:4b5bfab8f964a520e91f29e3,I:4ef564018231c11154cb0744,22,22,478,462,9932,9240,197178,175560
I:4b5bfab8f964a520e91f29e3,I:4f66d6ece4b0eae10c7bafee,22,22,482,462,10015,9240,198867,175560
I:4b5bfab8f964a520e91f29e3,I:4f6bd465e4b0600330d4066c,22,22,478,462,9932,9240,197184,175560
I:4b5bfab8f964a520e91f29e3,I:4fab974be4b05cb200996955,22,22,480,462,9974,9240,197966,175560
I:4b5bfab8f964a520e91f29e3,I:4ff147c5e4b05cede0ddeddc,22,22,480,462,9974,9240,197984,175560
I:4b5bfab8f964a520e91f29e3,U:1443,5,5,114,110,2536,2328,52539,46752
I:4b5bfab8f964a520e91f29e3,U:1858,6,6,136,132,3016,2772,62573,55440
I:4b5bfab8f964a520e91f29e3,U:30,1,1,25,23,572,499,12417,10345
I:4b5bfab8f964a520e91f29e3,U:1192,0,0,0,0,0,0,0,0
I:4b5bfab8f964a520e91f29e3,U:1272,0,0,0,0,0,0,0,0
I:4b5bfab8f964a520e91f29e3,U:1514,0,0,2,2,49,40,1176,1021
I:4b5bfab8f964a520e91f29e3,U:22,1,1,23,23,495,494,10277,10245
I:4b5bfab8f964a520e91f29e3,U:229,0,0,2,2,53,40,1363,1021
I:4b5bfab8f964a520e91f29e3,U:36,0,0,0,0,0,0,0,0
I:4b5bfab8f964a520e91f29e3,U:394,0,0,0,0,0,0,0,0
I:4b5bfab8f964a520e91f29e3,U:450,0,0,0,0,0,0,0,0
I:4b5bfab8f964a520e91f29e3,U:462,0,0,0,0,12,10,292,277
I:4b5bfd03f964a520462029e3,I:4b62da14f964a5208c552ae3,22,22,488,462,10136,9240,201171,175560
I:4b5bfd03f964a520462029e3,I:4b63ca9ef964a520c5912ae3,23,22,499,462,10348,9240,205222,175560
I:4b5bfd03f964a520462029e3,I:4b63eb4ff964a52015972ae3,22,22,480,462,9976,9240,197960,175560
I:4b5bfd03f964a520462029e3,I:4b7af3d1f964a520e3472fe3,22,22,536,462,11091,9240,219361,175560
I:4b5bfd03f964a520462029e3,I:4b7e29e5f964a520ebe42fe3,23,22,510,462,10561,9240,209793,175560
I:4b5bfd03f964a520462029e3,I:4b88c6bbf964a520000d32e3,22,22,484,462,10052,9240,199564,175560
I:4b5bfd03f964a520462029e3,I:4bd962602e6f0f4780610a08,23,22,484,462,10054,9240,199444,175560
I:4b5bfd03f964a520462029e3,I:4c62336158810f4723d2061e,22,22,477,462,9916,9240,196771,175560
I:4b5bfd03f964a520462029e3,I:4d32911b5017a093aae54a9b,22,22,469,462,9762,9240,193768,175560
I:4b5bfd03f964a520462029e3,I:4d526ef4e02754816d6eb4b6,23,22,494,462,10252,9240,203581,175560
I:4b5bfd03f964a520462029e3,I:4df4798c14954f21cf31ea8c,22,22,469,462,9762,9240,193740,175560
I:4b5bfd03f964a520462029e3,I:4e12ff58483bee47ff3f2676,22,22,468,462,9742,9240,193365,175560
I:4b5bfd03f964a520462029e3,I:4e648c7a8877954de9170315,22,22,468,462,9742,9240,193365,175560
I:4b5bfd03f964a520462029e3,I:4eaa005f29c2152deb268308,22,22,469,462,9761,9240,193765,175560
I:4b5bfd03f964a520462029e3,I:4ef564018231c11154cb0744,22,22,468,462,9742,9240,193365,175560
I:4b5bfd03f964a520462029e3,I:4f66d6ece4b0eae10c7bafee,22,22,472,462,9821,9240,195014,175560
I:4b5bfd03f964a520462029e3,I:4f6bd465e4b0600330d4066c,22,22,468,462,9742,9240,193371,175560
I:4b5bfd03f964a520462029e3,I:4fab974be4b05cb200996955,22,22,470,462,9781,9240,194141,175560
I:4b5bfd03f964a520462029e3,I:4ff147c5e4b05cede0ddeddc,22,22,470,462,9782,9240,194153,175560
I:4b5bfd03f964a520462029e3,U:415,3,3,66,66,1471,1425,30561,28953
I:4b5bfd03f964a520462029e3,U:1028,0,0,0,0,43,36,1004,938
I:4b5bfd03f964a520462029e3,U:2122,2,2,44,44,1018,990,21067,20255
I:4b5bfd03f964a520462029e3,U:13,0,0,0,0,0,0,0,0
I:4b5bfd03f964a520462029e3,U:1707,1,1,22,22,494,493,10252,10225
I:4b5bfd03f964a520462029e3,U:1831,0,0,0,0,0,0,0,0
I:4b5bfd03f964a520462029e3,U:804,0,0,0,0,6,6,136,136
I:4b5bfd03f964a520462029e3,U:909,0,0,0,0,9,9,261,260
I:4b62da14f964a5208c552ae3,I:4b63ca9ef964a520c5912ae3,23,22,513,462,10666,9240,211000,175560
I:4b62da14f964a5208c552ae3,I:4b63eb4ff964a52015972ae3,22,22,494,462,10261,9240,203504,175560
I:4b62da14f964a5208c552ae3,I:4b7af3d1f964a520e3472fe3,26,22,542,462,11290,9240,221996,175560
I:4b62da14f964a5208c552ae3,I:4b7e29e5f964a520ebe42fe3,25,22,520,462,10861,9240,213846,175560
I:4b62da14f964a5208c552ae3,I:4b88c6bbf964a520000d32e3,22,22,498,462,10358,9240,205106,175560
I:4b62da14f964a5208c552ae3,I:4bd962602e6f0f4780610a08,23,22,498,462,10344,9240,205047,175560
I:4b62da14f964a5208c552ae3,I:4c62336158810f4723d2061e,23,22,489,462,10154,9240,201459,175560
I:4b62da14f964a5208c552ae3,I:4d32911b5017a093aae54a9b,22,22,483,462,10032,9240,199201,175560
I:4b62da14f964a5208c552ae3,I:4d526ef4e02754816d6eb4b6,22,22,510,462,10622,9240,210141,175560
I:4b62da14f964a5208c552ae3,I:4df4798c14954f21cf31ea8c,22,22,483,462,10028,9240,199182,175560
I:4b62da14f964a5208c552ae3,I:4e12ff58483bee47ff3f2676,22,22,482,462,10008,9240,198793,175560
I:4b62da14f964a5208c552ae3,I:4e648c7a8877954de9170315,22,22,482,462,10008,9240,198793,175560
I:4b62da14f964a5208c552ae3,I:4eaa005f29c2152deb268308,22,22,483,462,10032,9240,199196,175560
I:4b62da14f964a5208c552ae3,I:4ef564018231c11154cb0744,22,22,482,462,10008,9240,198793,175560
I:4b62da14f964a5208c552ae3,I:4f66d6ece4b0eae10c7bafee,22,22,486,462,10094,9240,200501,175560
I:4b62da14f964a5208c552ae3,I:4f6bd465e4b0600330d4066c,22,22,482,462,10009,9240,198797,175560
I:4b62da14f964a5208c552ae3,I:4fab974be4b05cb200996955,22,22,484,462,10054,9240,199576,175560
I:4b62da14f964a5208c552ae3,I:4ff147c5e4b05cede0ddeddc,22,22,484,462,10047,9240,199620,175560
I:4b62da14f964a5208c552ae3,U:849,4,4,98,88,2082,1876,43549,37780
I:4b62da14f964a5208c552ae3,U:428,1,1,23,23,570,529,12564,10724
I:4b62da14f964a5208c552ae3,U:1505,2,2,51,48,1049,997,21841,20352
I:4b62da14f964a5208c552ae3,U:1858,6,6,143,132,3025,2772,62812,55440
I:4b62da14f964a5208c552ae3,U:449,1,1,29,26,554,505,11778,10461
I:4b62da14f964a5208c552ae3,U:630,1,1,26,26,507,505,10552,10461
I:4b62da14f964a5208c552ae3,U:1701,1,1,23,23,533,518,11163,10724
I:4b62da14f964a5208c552ae3,U:22,1,1,23,23,494,494,10276,10245
I:4b62da14f964a5208c552ae3,U:847,1,1,26,25,562,532,11785,10930
I:4b62da14f964a5208c552ae3,U:107,0,0,2,2,41,36,1049,993
I:4b62da14f964a5208c552ae3,U:1205,0,0,0,0,10,10,375,375
I:4b62da14f964a5208c552ae3,U:1269,0,0,0,0,0,0,0,0
I:4b62da14f964a5208c552ae3,U:1469,1,1,24,24,520,516,10861,10702
I:4b62da14f964a5208c552ae3,U:179,1,1,24,24,520,516,10861,10702
I:4b62da14f964a5208c552ae3,U:2154,0,0,0,0,0,0,0,0
I:4b62da14f964a5208c552ae3,U:541,0,0,0,0,0,0,0,0
I:4b62da14f964a5208c552ae3,U:851,0,0,0,0,0,0,0,0
I:4b63ca9ef964a520c5912ae3,I:4b63eb4ff964a52015972ae3,22,22,507,462,10531,9240,208423,175560
I:4b63ca9ef964a520c5912ae3,I:4b7af3d1f964a520e3472fe3,28,22,551,462,11555,9240,225842,175560
I:4b63ca9ef964a520c5912ae3,I:4b7e29e5f964a520ebe42fe3,25,22,533,462,11163,9240,219183,175560
I:4b63ca9ef964a520c5912ae3,I:4b88c6bbf964a520000d32e3,22,22,511,462,10619,9240,210107,175560
I:4b63ca9ef964a520c5912ae3,I:4bd962602e6f0f4780610a08,25,22,507,462,10530,9240,208368,175560
I:4b63ca9ef964a520c5912ae3,I:4c62336158810f4723d2061e,23,22,502,462,10403,9240,206376,175560
I:4b63ca9ef964a520c5912ae3,I:4d32911b5017a093aae54a9b,22,22,496,462,10279,9240,204042,175560
I:4b63ca9ef964a520c5912ae3,I:4d526ef4e02754816d6eb4b6,26,22,515,462,10732,9240,211929,175560
I:4b63ca9ef964a520c5912ae3,I:4df4798c14954f21cf31ea8c,23,22,494,462,10234,9240,203199,175560
I:4b63ca9ef964a520c5912ae3,I:4e12ff58483bee47ff3f2676,22,22,495,462,10255,9240,203619,175560
I:4b63ca9ef964a520c5912ae3,I:4e648c7a8877954de9170315,22,22,495,462,10255,9240,203619,175560
I:4b63ca9ef964a520c5912ae3,I:4eaa005f29c2152deb268308,22,22,496,462,10278,9240,204048,175560
I:4b63ca9ef964a520c5912ae3,I:4ef564018231c11154cb0744,22,22,495,462,10255,9240,203619,175560
I:4b63ca9ef964a520c5912ae3,I:4f66d6ece4b0eae10c7bafee,23,22,497,462,10314,9240,204545,175560
I:4b63ca9ef964a520c5912ae3,I:4f6bd465e4b0600330d4066c,22,22,495,462,10255,9240,203625,175560
I:4b63ca9ef964a520c5912ae3,I:4fab974be4b05cb200996955,22,22,497,462,10298,9240,204437,175560
I:4b63ca9ef964a520c5912ae3,I:4ff147c5e4b05cede0ddeddc,23,22,495,462,10260,9240,203647,175560
I:4b63ca9ef964a520c5912ae3,U:1443,5,5,124,110,2584,2328,53765,46752
I:4b63ca9ef964a520c5912ae3,U:415,3,3,70,66,1522,1425,31614,28953
I:4b63ca9ef964a520c5912ae3,U:1858,6,6,143,132,3096,2772,64326,55440
I:4b63ca9ef964a520c5912ae3,U:193,2,2,52,47,1081,993,22827,20337
I:4b63ca9ef964a520c5912ae3,U:2178,3,3,74,67,1564,1429,32668,28953
I:4b63ca9ef964a520c5912ae3,U:310,2,2,54,48,1100,999,23189,20396
I:4b63ca9ef964a520c5912ae3,U:1738,0,0,0,0,0,0,5,5
I:4b63ca9ef964a520c5912ae3,U:1896,0,0,1,1,19,18,539,512
I:4b63ca9ef964a520c5912ae3,U:1437,1,1,28,27,571,539,12110,11091
I:4b63ca9ef964a520c5912ae3,U:1128,0,0,0,0,0,0,0,0
I:4b63ca9ef964a520c5912ae3,U:122,0,0,0,0,0,0,0,0
I:4b63ca9ef964a520c5912ae3,U:1341,1,1,27,27,551,539,11555,11091
I:4b63ca9ef964a520c5912ae3,U:1356,0,0,0,0,0,0,0,0
I:4b63ca9ef964a520c5912ae3,U:1548,1,1,25,25,515,508,10732,10543
I:4b63ca9ef964a520c5912ae3,U:1673,0,0,0,0,0,0,0,0
I:4b63ca9ef964a520c5912ae3,U:1725,0,0,0,0,0,0,0,0
I:4b63ca9ef964a520c5912ae3,U:1797,1,1,24,24,507,505,10530,10461
I:4b63ca9ef964a520c5912ae3,U:2042,0,0,0,0,0,0,0,0
I:4b63ca9ef964a520c5912ae3,U:2093,0,0,0,0,5,5,141,140
I:4b63ca9ef964a520c5912ae3,U:228,0,0,0,0,0,0,0,0
I:4b63ca9ef964a520c5912ae3,U:303,1,1,22,22,495,494,10260,10228
I:4b63ca9ef964a520c5912ae3,U:42,1,1,22,22,494,494,10234,10228
I:4b63ca9ef964a520c5912ae3,U:472,0,0,0,0,0,0,0,0
I:4b63ca9ef964a520c5912ae3,U:507,0,0,0,0,0,0,0,0
I:4b63ca9ef964a520c5912ae3,U:543,0,0,0,0,0,0,0,0
I:4b63ca9ef964a520c5912ae3,U:756,0,0,0,0,0,0,0,0
I:4b63ca9ef964a520c5912ae3,U:834,1,1,27,27,562,539,11896,11091
I:4b63eb4ff964a52015972ae3,I:4b7af3d1f964a520e3472fe3,26,22,534,462,11036,9240,218408,175560
I:4b63eb4ff964a52015972ae3,I:4b7e29e5f964a520ebe42fe3,22,22,518,462,10768,9240,212997,175560
I:4b63eb4ff964a52015972ae3,I:4b88c6bbf964a520000d32e3,24,22,486,462,10105,9240,200237,175560
I:4b63eb4ff964a52015972ae3,I:4bd962602e6f0f4780610a08,24,22,488,462,10136,9240,200959,175560
I:4b63eb4ff964a52015972ae3,I:4c62336158810f4723d2061e,23,22,481,462,9997,9240,198261,175560
I:4b63eb4ff964a52015972ae3,I:4d32911b5017a093aae54a9b,22,22,475,462,9875,9240,196032,175560
I:4b63eb4ff964a52015972ae3,I:4d526ef4e02754816d6eb4b6,23,22,500,462,10386,9240,205932,175560
I:4b63eb4ff964a52015972ae3,I:4df4798c14954f21cf31ea8c,22,22,475,462,9875,9240,196004,175560
I:4b63eb4ff964a52015972ae3,I:4e12ff58483bee47ff3f2676,22,22,474,462,9856,9240,195620,175560
I:4b63eb4ff964a52015972ae3,I:4e648c7a8877954de9170315,22,22,474,462,9856,9240,195620,175560
I:4b63eb4ff964a52015972ae3,I:4eaa005f29c2152deb268308,22,22,475,462,9875,9240,196026,175560
I:4b63eb4ff964a52015972ae3,I:4ef564018231c11154cb0744,22,22,474,462,9856,9240,195620,175560
I:4b63eb4ff964a52015972ae3,I:4f66d6ece4b0eae10c7bafee,22,22,478,462,9940,9240,197278,175560
I:4b63eb4ff964a52015972ae3,I:4f6bd465e4b0600330d4066c,22,22,474,462,9856,9240,195626,175560
I:4b63eb4ff964a52015972ae3,I:4fab974be4b05cb200996955,22,22,476,462,9895,9240,196409,175560
I:4b63eb4ff964a52015972ae3,I:4ff147c5e4b05cede0ddeddc,22,22,476,462,9895,9240,196423,175560
I:4b63eb4ff964a52015972ae3,U:1221,3,3,71,67,1526,1426,31582,28953
I:4b63eb4ff964a52015972ae3,U:2193,1,1,23,23,516,515,10708,10656
I:4b63eb4ff964a52015972ae3,U:1021,2,2,47,46,1030,993,21325,20337
I:4b63eb4ff964a52015972ae3,U:1309,0,0,0,0,0,0,0,0
I:4b63eb4ff964a52015972ae3,U:1458,0,0,0,0,11,11,289,286
I:4b63eb4ff964a52015972ae3,U:2108,0,0,0,0,0,0,0,0
I:4b63eb4ff964a52015972ae3,U:2263,3,3,70,67,1489,1426,30860,28953
I:4b63eb4ff964a52015972ae3,U:302,2,2,48,47,1018,993,21080,20337
I:4b63eb4ff964a52015972ae3,U:550,0,0,0,0,0,0,0,0
I:4b63eb4ff964a52015972ae3,U:583,0,0,0,0,0,0,0,0
I:4b63eb4ff964a52015972ae3,U:607,0,0,0,0,14,12,319,297
I:4b63eb4ff964a52015972ae3,U:79,1,1,23,23,498,486,10443,10104
I:4b63eb4ff964a52015972ae3,U:824,0,0,0,0,0,0,0,0
I:4b7af3d1f964a520e3472fe3,I:4b7e29e5f964a520ebe42fe3,34,22,550,462,11644,9240,225395,175560
I:4b7af3d1f964a520e3472fe3,I:4b88c6bbf964a520000d32e3,28,22,534,462,11052,9240,218417,175560
I:4b7af3d1f964a520e3472fe3,I:4bd962602e6f0f4780610a08,25,22,542,462,11257,9240,221917,175560
I:4b7af3d1f964a520e3472fe3,I:4c62336158810f4723d2061e,24,22,535,462,11048,9240,218843,175560
I:4b7af3d1f964a520e3472fe3,I:4d32911b5017a093aae54a9b,22,22,531,462,10954,9240,217225,175560
I:4b7af3d1f964a520e3472fe3,I:4d526ef4e02754816d6eb4b6,28,22,546,462,11471,9240,224033,175560
I:4b7af3d1f964a520e3472fe3,I:4df4798c14954f21cf31ea8c,22,22,531,462,10945,9240,217216,175560
I:4b7af3d1f964a520e3472fe3,I:4e12ff58483bee47ff3f2676,22,22,530,462,10920,9240,216794,175560
I:4b7af3d1f964a520e3472fe3,I:4e648c7a8877954de9170315,22,22,530,462,10920,9240,216794,175560
I:4b7af3d1f964a520e3472fe3,I:4eaa005f29c2152deb268308,22,22,531,462,10946,9240,217269,175560
I:4b7af3d1f964a520e3472fe3,I:4ef564018231c11154cb0744,22,22,530,462,10920,9240,216794,175560
I:4b7af3d1f964a520e3472fe3,I:4f66d6ece4b0eae10c7bafee,23,22,532,462,11003,9240,217862,175560
I:4b7af3d1f964a520e3472fe3,I:4f6bd465e4b0600330d4066c,22,22,530,462,10923,9240,216794,175560
I:4b7af3d1f964a520e3472fe3,I:4fab974be4b05cb200996955,22,22,532,462,10977,9240,217642,175560
I:4b7af3d1f964a520e3472fe3,I:4ff147c5e4b05cede0ddeddc,22,22,532,462,10980,9240,217714,175560
I:4b7af3d1f964a520e3472fe3,U:1443,5,5,137,110,2699,2328,56491,46752
I:4b7af3d1f964a520e3472fe3,U:154,1,1,27,26,551,539,11514,11091
I:4b7af3d1f964a520e3472fe3,U:29,2,2,54,48,1102,999,23150,20396
I:4b7af3d1f964a520e3472fe3,U:555,1,1,26,26,546,539,11443,11091
I:4b7af3d1f964a520e3472fe3,U:849,4,4,110,88,2242,1876,47455,37780
I:4b7af3d1f964a520e3472fe3,U:1632,0,0,7,5,83,44,2017,1084
I:4b7af3d1f964a520e3472fe3,U:1879,0,0,3,2,50,35,1083,777
I:4b7af3d1f964a520e3472fe3,U:1890,0,0,2,2,26,25,594,545
I:4b7af3d1f964a520e3472fe3,U:1168,3,3,94,67,1664,1429,35351,28953
I:4b7af3d1f964a520e3472fe3,U:1505,2,2,53,48,1095,997,23010,20352
I:4b7af3d1f964a520e3472fe3,U:1858,6,6,160,132,3247,2772,67758,55440
I:4b7af3d1f964a520e3472fe3,U:285,0,0,29,11,205,81,5546,2262
I:4b7af3d1f964a520e3472fe3,U:1518,0,0,8,8,44,36,1433,1021
I:4b7af3d1f964a520e3472fe3,U:20,1,1,42,28,700,561,15736,11365
I:4b7af3d1f964a520e3472fe3,U:1075,0,0,10,7,68,38,2028,1084
I:4b7af3d1f964a520e3472fe3,U:1390,1,1,36,33,563,539,11994,11091
I:4b7af3d1f964a520e3472fe3,U:1221,3,3,82,67,1616,1426,33726,28953
I:4b7af3d1f964a520e3472fe3,U:1304,2,2,69,53,1113,999,23627,20396
I:4b7af3d1f964a520e3472fe3,U:1785,1,1,33,33,552,539,11731,11091
I:4b7af3d1f964a520e3472fe3,U:1819,2,2,56,45,1130,993,24039,20337
I:4b7af3d1f964a520e3472fe3,U:2160,2,2,69,53,1129,999,24057,20396
I:4b7af3d1f964a520e3472fe3,U:283,1,1,38,33,574,539,12342,11091
I:4b7af3d1f964a520e3472fe3,U:310,2,2,61,48,1141,999,24282,20396
I:4b7af3d1f964a520e3472fe3,U:699,2,2,66,53,1098,999,23255,20396
I:4b7af3d1f964a520e3472fe3,U:1237,0,0,0,0,19,18,581,519
I:4b7af3d1f964a520e3472fe3,U:406,0,0,1,1,44,38,1161,959
I:4b7af3d1f964a520e3472fe3,U:1741,0,0,24,11,139,80,4214,2241
I:4b7af3d1f964a520e3472fe3,U:440,0,0,7,7,41,38,1245,1084
I:4b7af3d1f964a520e3472fe3,U:62,0,0,15,11,120,80,3386,2241
I:4b7af3d1f964a520e3472fe3,U:879,0,0,7,7,41,38,1245,1084
I:4b7af3d1f964a520e3472fe3,U:1430,0,0,0,0,2,2,101,90
I:4b7af3d1f964a520e3472fe3,U:2062,0,0,0,0,1,1,49,28
I:4b7af3d1f964a520e3472fe3,U:847,1,1,28,25,567,532,11931,10930
I:4b7af3d1f964a520e3472fe3,U:207,1,1,47,33,632,539,14138,11091
I:4b7af3d1f964a520e3472fe3,U:106,1,1,33,33,559,539,11760,11091
I:4b7af3d1f964a520e3472fe3,U:141,0,0,6,5,47,35,1098,777
I:4b7af3d1f964a520e3472fe3,U:1437,1,1,33,27,578,539,12299,11091
I:4b7af3d1f964a520e3472fe3,U:1587,0,0,5,5,56,35,1312,803
I:4b7af3d1f964a520e3472fe3,U:1341,1,1,27,27,551,539,11555,11091
I:4b7af3d1f964a520e3472fe3,U:834,1,1,30,27,568,539,12071,11091
I:4b7af3d1f964a520e3472fe3,U:1021,2,2,52,46,1076,993,22415,20337
I:4b7af3d1f964a520e3472fe3,U:2263,3,3,75,67,1591,1426,32858,28953
I:4b7af3d1f964a520e3472fe3,U:302,2,2,49,47,1072,993,22202,20337
I:4b7af3d1f964a520e3472fe3,U:2238,1,1,38,33,570,539,12235,11091
I:4b7af3d1f964a520e3472fe3,U:1296,2,2,67,46,1147,999,24514,20396
I:4b7af3d1f964a520e3472fe3,U:1898,0,0,1,1,13,12,418,297
I:4b7af3d1f964a520e3472fe3,U:1020,0,0,2,2,4,4,136,109
I:4b7af3d1f964a520e3472fe3,U:1046,0,0,0,0,0,0,0,0
I:4b7af3d1f964a520e3472fe3,U:1112,0,0,0,0,0,0,0,0
I:4b7af3d1f964a520e3472fe3,U:1131,0,0,0,0,0,0,0,0
I:4b7af3d1f964a520e3472fe3,U:1149,0,0,0,0,0,0,0,0
I:4b7af3d1f964a520e3472fe3,U:1302,0,0,0,0,0,0,0,0
I:4b7af3d1f964a520e3472fe3,U:1321,0,0,0,0,0,0,0,0
I:4b7af3d1f964a520e3472fe3,U:1386,0,0,0,0,0,0,0,0
I:4b7af3d1f964a520e3472fe3,U:144,0,0,0,0,0,0,0,0
I:4b7af3d1f964a520e3472fe3,U:1465,0,0,0,0,0,0,0,0
I:4b7af3d1f964a520e3472fe3,U:1473,0,0,0,0,0,0,0,0
I:4b7af3d1f964a520e3472fe3,U:152,1,1,27,27,534,532,11052,10930
I:4b7af3d1f964a520e3472fe3,U:160,0,0,0,0,0,0,0,0
I:4b7af3d1f964a520e3472fe3,U:1653,0,0,0,0,0,0,0,0
I:4b7af3d1f964a520e3472fe3,U:1669,0,0,0,0,0,0,0,0
I:4b7af3d1f964a520e3472fe3,U:1683,0,0,0,0,0,0,0,0
I:4b7af3d1f964a520e3472fe3,U:1888,0,0,0,0,0,0,0,0
I:4b7af3d1f964a520e3472fe3,U:1905,0,0,0,0,0,0,0,0
I:4b7af3d1f964a520e3472fe3,U:1929,0,0,0,0,0,0,0,0
I:4b7af3d1f964a520e3472fe3,U:1969,0,0,0,0,0,0,0,0
I:4b7af3d1f964a520e3472fe3,U:2066,0,0,2,2,40,38,1004,946
I:4b7af3d1f964a520e3472fe3,U:2070,0,0,0,0,0,0,0,0
I:4b7af3d1f964a520e3472fe3,U:2183,0,0,0,0,0,0,0,0
I:4b7af3d1f964a520e3472fe3,U:2211,0,0,0,0,0,0,0,0
I:4b7af3d1f964a520e3472fe3,U:239,0,0,0,0,0,0,0,0
I:4b7af3d1f964a520e3472fe3,U:369,2,2,54,46,1076,993,22429,20337
I:4b7af3d1f964a520e3472fe3,U:38,0,0,0,0,0,0,0,0
I:4b7af3d1f964a520e3472fe3,U:388,1,1,27,27,534,532,11052,10930
I:4b7af3d1f964a520e3472fe3,U:444,0,0,0,0,0,0,0,0
I:4b7af3d1f964a520e3472fe3,U:452,1,1,33,33,550,539,11644,11091
I:4b7af3d1f964a520e3472fe3,U:582,0,0,0,0,0,0,0,0
I:4b7af3d1f964a520e3472fe3,U:586,0,0,0,0,0,0,0,0
I:4b7af3d1f964a520e3472fe3,U:685,0,0,0,0,0,0,0,0
I:4b7af3d1f964a520e3472fe3,U:692,0,0,0,0,0,0,0,0
I:4b7af3d1f964a520e3472fe3,U:711,1,1,33,33,550,539,11644,11091
I:4b7af3d1f964a520e3472fe3,U:755,0,0,0,0,0,0,0,0
I:4b7af3d1f964a520e3472fe3,U:837,0,0,0,0,0,0,0,0
I:4b7af3d1f964a520e3472fe3,U:951,1,1,28,27,552,532,11582,10930
I:4b7e29e5f964a520ebe42fe3,I:4b88c6bbf964a520000d32e3,23,22,520,462,10834,9240,213802,175560
I:4b7e29e5f964a520ebe42fe3,I:4bd962602e6f0f4780610a08,23,22,522,462,10864,9240,214675,175560
I:4b7e29e5f964a520ebe42fe3,I:4c62336158810f4723d2061e,23,22,513,462,10634,9240,210918,175560
I:4b7e29e5f964a520ebe42fe3,I:4d32911b5017a093aae54a9b,23,22,505,462,10445,9240,207737,175560
I:4b7e29e5f964a520ebe42fe3,I:4d526ef4e02754816d6eb4b6,24,22,530,462,11121,9240,218303,175560
I:4b7e29e5f964a520ebe42fe3,I:4df4798c14954f21cf31ea8c,22,22,507,462,10486,9240,208546,175560
I:4b7e29e5f964a520ebe42fe3,I:4e12ff58483bee47ff3f2676,22,22,506,462,10464,9240,208139,175560
I:4b7e29e5f964a520ebe42fe3,I:4e648c7a8877954de9170315,22,22,506,462,10464,9240,208139,175560
I:4b7e29e5f964a520ebe42fe3,I:4eaa005f29c2152deb268308,22,22,507,462,10492,9240,208570,175560
I:4b7e29e5f964a520ebe42fe3,I:4ef564018231c11154cb0744,22,22,506,462,10464,9240,208139,175560
I:4b7e29e5f964a520ebe42fe3,I:4f66d6ece4b0eae10c7bafee,22,22,510,462,10584,9240,209937,175560
I:4b7e29e5f964a520ebe42fe3,I:4f6bd465e4b0600330d4066c,22,22,506,462,10465,9240,208143,175560
I:4b7e29e5f964a520ebe42fe3,I:4fab974be4b05cb200996955,23,22,506,462,10469,9240,208126,175560
I:4b7e29e5f964a520ebe42fe3,I:4ff147c5e4b05cede0ddeddc,22,22,508,462,10512,9240,209019,175560
I:4b7e29e5f964a520ebe42fe3,U:1168,3,3,88,67,1623,1429,34339,28953
I:4b7e29e5f964a520ebe42fe3,U:1858,6,6,156,132,3134,2772,65275,55440
I:4b7e29e5f964a520ebe42fe3,U:296,1,1,29,28,539,520,11386,10773
I:4b7e29e5f964a520ebe42fe3,U:475,1,1,30,28,541,520,11469,10773
I:4b7e29e5f964a520ebe42fe3,U:921,2,2,51,44,1040,980,21742,20112
I:4b7e29e5f964a520ebe42fe3,U:742,1,1,29,29,544,528,11603,10935
I:4b7e29e5f964a520ebe42fe3,U:1248,0,0,0,0,8,8,277,262
I:4b7e29e5f964a520ebe42fe3,U:1304,2,2,64,53,1098,999,23218,20396
I:4b7e29e5f964a520ebe42fe3,U:2122,2,2,51,44,1042,990,21797,20255
I:4b7e29e5f964a520ebe42fe3,U:2160,2,2,65,53,1113,999,23551,20396
I:4b7e29e5f964a520ebe42fe3,U:2178,3,3,75,67,1585,1429,33212,28953
I:4b7e29e5f964a520ebe42fe3,U:699,2,2,62,53,1082,999,22847,20396
I:4b7e29e5f964a520ebe42fe3,U:2047,0,0,0,0,9,9,201,201
I:4b7e29e5f964a520ebe42fe3,U:2169,0,0,3,2,20,13,543,411
I:4b7e29e5f964a520ebe42fe3,U:2244,1,1,24,22,525,505,10947,10425
I:4b7e29e5f964a520ebe42fe3,U:1229,0,0,5,5,40,36,1216,998
I:4b7e29e5f964a520ebe42fe3,U:207,1,1,41,33,625,539,13844,11091
I:4b7e29e5f964a520ebe42fe3,U:106,1,1,33,33,558,539,11756,11091
I:4b7e29e5f964a520ebe42fe3,U:1469,1,1,24,24,520,516,10861,10702
I:4b7e29e5f964a520ebe42fe3,U:179,1,1,24,24,520,516,10861,10702
I:4b7e29e5f964a520ebe42fe3,U:2238,1,1,35,33,569,539,12214,11091
I:4b7e29e5f964a520ebe42fe3,U:1296,2,2,60,46,1123,999,23921,20396
I:4b7e29e5f964a520ebe42fe3,U:452,1,1,33,33,550,539,11644,11091
I:4b7e29e5f964a520ebe42fe3,U:711,1,1,33,33,550,539,11644,11091
I:4b7e29e5f964a520ebe42fe3,U:1277,0,0,0,0,0,0,0,0
I:4b7e29e5f964a520ebe42fe3,U:1543,0,0,0,0,0,0,0,0
I:4b7e29e5f964a520ebe42fe3,U:1962,0,0,0,0,0,0,0,0
I:4b7e29e5f964a520ebe42fe3,U:2126,0,0,0,0,0,0,0,0
I:4b7e29e5f964a520ebe42fe3,U:2145,0,0,0,0,0,0,0,0
I:4b7e29e5f964a520ebe42fe3,U:246,0,0,0,0,0,0,0,0
I:4b7e29e5f964a520ebe42fe3,U:348,0,0,0,0,0,0,0,0
I:4b7e29e5f964a520ebe42fe3,U:551,0,0,0,0,0,0,0,0
I:4b7e29e5f964a520ebe42fe3,U:614,0,0,0,0,0,0,0,0
I:4b7e29e5f964a520ebe42fe3,U:766,0,0,0,0,0,0,0,0
I:4b7e29e5f964a520ebe42fe3,U:897,0,0,0,0,0,0,0,0
I:4b88c6bbf964a520000d32e3,I:4bd962602e6f0f4780610a08,22,22,496,462,10306,9240,204199,175560
I:4b88c6bbf964a520000d32e3,I:4c62336158810f4723d2061e,23,22,485,462,10080,9240,199845,175560
I:4b88c6bbf964a520000d32e3,I:4d32911b5017a093aae54a9b,22,22,479,462,9952,9240,197610,175560
I:4b88c6bbf964a520000d32e3,I:4d526ef4e02754816d6eb4b6,23,22,504,462,10482,9240,207566,175560
I:4b88c6bbf964a520000d32e3,I:4df4798c14954f21cf31ea8c,22,22,479,462,9951,9240,197585,175560
I:4b88c6bbf964a520000d32e3,I:4e12ff58483bee47ff3f2676,22,22,478,462,9932,9240,197197,175560
I:4b88c6bbf964a520000d32e3,I:4e648c7a8877954de9170315,22,22,478,462,9932,9240,197197,175560
I:4b88c6bbf964a520000d32e3,I:4eaa005f29c2152deb268308,22,22,479,462,9953,9240,197601,175560
I:4b88c6bbf964a520000d32e3,I:4ef564018231c11154cb0744,22,22,478,462,9932,9240,197197,175560
I:4b88c6bbf964a520000d32e3,I:4f66d6ece4b0eae10c7bafee,22,22,482,462,10014,9240,198877,175560
I:4b88c6bbf964a520000d32e3,I:4f6bd465e4b0600330d4066c,22,22,478,462,9932,9240,197203,175560
I:4b88c6bbf964a520000d32e3,I:4fab974be4b05cb200996955,22,22,480,462,9974,9240,197985,175560
I:4b88c6bbf964a520000d32e3,I:4ff147c5e4b05cede0ddeddc,22,22,480,462,9971,9240,198008,175560
I:4b88c6bbf964a520000d32e3,U:2077,1,1,23,23,500,499,10395,10353
I:4b88c6bbf964a520000d32e3,U:1168,3,3,72,67,1590,1429,33091,28953
I:4b88c6bbf964a520000d32e3,U:2263,3,3,72,67,1493,1426,30959,28953
I:4b88c6bbf964a520000d32e3,U:79,1,1,23,23,499,486,10470,10104
I:4b88c6bbf964a520000d32e3,U:2097,0,0,0,0,0,0,0,0
I:4b88c6bbf964a520000d32e3,U:152,1,1,27,27,534,532,11052,10930
I:4b88c6bbf964a520000d32e3,U:369,2,2,49,46,1034,993,21435,20337
I:4b88c6bbf964a520000d32e3,U:388,1,1,27,27,534,532,11052,10930
I:4b88c6bbf964a520000d32e3,U:951,1,1,27,27,546,532,11378,10930
I:4b88c6bbf964a520000d32e3,U:1155,0,0,0,0,0,0,0,0
I:4b88c6bbf964a520000d32e3,U:1194,0,0,0,0,0,0,0,0
I:4b88c6bbf964a520000d32e3,U:180,0,0,0,0,0,0,0,0
I:4b88c6bbf964a520000d32e3,U:602,0,0,0,0,0,0,0,0
I:4b88c6bbf964a520000d32e3,U:635,0,0,0,0,0,0,0,0
I:4b88c6bbf964a520000d32e3,U:728,0,0,0,0,0,0,0,0
I:4bd962602e6f0f4780610a08,I:4c62336158810f4723d2061e,22,22,489,462,10156,9240,201358,175560
I:4bd962602e6f0f4780610a08,I:4d32911b5017a093aae54a9b,22,22,481,462,9990,9240,198295,175560
I:4bd962602e6f0f4780610a08,I:4d526ef4e02754816d6eb4b6,23,22,506,462,10524,9240,208351,175560
I:4bd962602e6f0f4780610a08,I:4df4798c14954f21cf31ea8c,22,22,481,462,9992,9240,198261,175560
I:4bd962602e6f0f4780610a08,I:4e12ff58483bee47ff3f2676,22,22,480,462,9970,9240,197880,175560
I:4bd962602e6f0f4780610a08,I:4e648c7a8877954de9170315,22,22,480,462,9970,9240,197880,175560
I:4bd962602e6f0f4780610a08,I:4eaa005f29c2152deb268308,22,22,481,462,9990,9240,198292,175560
I:4bd962602e6f0f4780610a08,I:4ef564018231c11154cb0744,22,22,480,462,9970,9240,197880,175560
I:4bd962602e6f0f4780610a08,I:4f66d6ece4b0eae10c7bafee,22,22,484,462,10060,9240,199562,175560
I:4bd962602e6f0f4780610a08,I:4f6bd465e4b0600330d4066c,22,22,480,462,9970,9240,197886,175560
I:4bd962602e6f0f4780610a08,I:4fab974be4b05cb200996955,22,22,482,462,10010,9240,198677,175560
I:4bd962602e6f0f4780610a08,I:4ff147c5e4b05cede0ddeddc,22,22,482,462,10012,9240,198692,175560
I:4bd962602e6f0f4780610a08,U:415,3,3,69,66,1489,1425,30970,28953
I:4bd962602e6f0f4780610a08,U:849,4,4,91,88,2087,1876,43512,37780
I:4bd962602e6f0f4780610a08,U:651,2,2,46,46,1032,993,21527,20337
I:4bd962602e6f0f4780610a08,U:1221,3,3,71,67,1538,1426,31906,28953
I:4bd962602e6f0f4780610a08,U:2178,3,3,70,67,1539,1429,32012,28953
I:4bd962602e6f0f4780610a08,U:1822,0,0,0,0,10,10,388,386
I:4bd962602e6f0f4780610a08,U:1797,1,1,24,24,507,505,10530,10461
I:4bd962602e6f0f4780610a08,U:302,2,2,47,47,1026,993,21300,20337
I:4bd962602e6f0f4780610a08,U:1293,0,0,0,0,12,12,343,336
I:4bd962602e6f0f4780610a08,U:953,0,0,0,0,20,17,784,719
I:4bd962602e6f0f4780610a08,U:2078,0,0,0,0,0,0,0,0
I:4bd962602e6f0f4780610a08,U:2117,0,0,0,0,0,0,0,0
I:4bd962602e6f0f4780610a08,U:98,0,0,0,0,0,0,0,0
I:4c62336158810f4723d2061e,I:4d32911b5017a093aae54a9b,22,22,472,462,9820,9240,194843,175560
I:4c62336158810f4723d2061e,I:4d526ef4e02754816d6eb4b6,22,22,499,462,10357,9240,205541,175560
I:4c62336158810f4723d2061e,I:4df4798c14954f21cf31ea8c,22,22,472,462,9819,9240,194816,175560
I:4c62336158810f4723d2061e,I:4e12ff58483bee47ff3f2676,22,22,471,462,9799,9240,194438,175560
I:4c62336158810f4723d2061e,I:4e648c7a8877954de9170315,22,22,471,462,9799,9240,194438,175560
I:4c62336158810f4723d2061e,I:4eaa005f29c2152deb268308,22,22,472,462,9819,9240,194838,175560
I:4c62336158810f4723d2061e,I:4ef564018231c11154cb0744,22,22,471,462,9799,9240,194438,175560
I:4c62336158810f4723d2061e,I:4f66d6ece4b0eae10c7bafee,22,22,475,462,9878,9240,196099,175560
I:4c62336158810f4723d2061e,I:4f6bd465e4b0600330d4066c,22,22,471,462,9799,9240,194444,175560
I:4c62336158810f4723d2061e,I:4fab974be4b05cb200996955,22,22,473,462,9840,9240,195215,175560
I:4c62336158810f4723d2061e,I:4ff147c5e4b05cede0ddeddc,22,22,473,462,9838,9240,195235,175560
I:4c62336158810f4723d2061e,U:1858,6,6,133,132,2987,2772,61781,55440
I:4c62336158810f4723d2061e,U:2263,3,3,67,67,1489,1426,30847,28953
I:4c62336158810f4723d2061e,U:1498,0,0,0,0,14,12,321,297
I:4d32911b5017a093aae54a9b,I:4d526ef4e02754816d6eb4b6,22,22,491,462,10183,9240,202413,175560
I:4d32911b5017a093aae54a9b,I:4df4798c14954f21cf31ea8c,22,22,464,462,9666,9240,191852,175560
I:4d32911b5017a093aae54a9b,I:4e12ff58483bee47ff3f2676,22,22,463,462,9647,9240,191479,175560
I:4d32911b5017a093aae54a9b,I:4e648c7a8877954de9170315,22,22,463,462,9647,9240,191479,175560
I:4d32911b5017a093aae54a9b,I:4eaa005f29c2152deb268308,22,22,464,462,9666,9240,191874,175560
I:4d32911b5017a093aae54a9b,I:4ef564018231c11154cb0744,22,22,463,462,9647,9240,191479,175560
I:4d32911b5017a093aae54a9b,I:4f66d6ece4b0eae10c7bafee,22,22,467,462,9723,9240,193117,175560
I:4d32911b5017a093aae54a9b,I:4f6bd465e4b0600330d4066c,22,22,463,462,9647,9240,191485,175560
I:4d32911b5017a093aae54a9b,I:4fab974be4b05cb200996955,22,22,465,462,9686,9240,192245,175560
I:4d32911b5017a093aae54a9b,I:4ff147c5e4b05cede0ddeddc,22,22,465,462,9685,9240,192263,175560
I:4d32911b5017a093aae54a9b,U:2244,1,1,22,22,521,505,10829,10425
I:4d526ef4e02754816d6eb4b6,I:4df4798c14954f21cf31ea8c,22,22,491,462,10183,9240,202381,175560
I:4d526ef4e02754816d6eb4b6,I:4e12ff58483bee47ff3f2676,22,22,490,462,10160,9240,201993,175560
I:4d526ef4e02754816d6eb4b6,I:4e648c7a8877954de9170315,22,22,490,462,10160,9240,201993,175560
I:4d526ef4e02754816d6eb4b6,I:4eaa005f29c2152deb268308,22,22,491,462,10183,9240,202419,175560
I:4d526ef4e02754816d6eb4b6,I:4ef564018231c11154cb0744,22,22,490,462,10160,9240,201993,175560
I:4d526ef4e02754816d6eb4b6,I:4f66d6ece4b0eae10c7bafee,22,22,494,462,10266,9240,203745,175560
I:4d526ef4e02754816d6eb4b6,I:4f6bd465e4b0600330d4066c,22,22,490,462,10160,9240,201999,175560
I:4d526ef4e02754816d6eb4b6,I:4fab974be4b05cb200996955,22,22,492,462,10202,9240,202804,175560
I:4d526ef4e02754816d6eb4b6,I:4ff147c5e4b05cede0ddeddc,23,22,490,462,10166,9240,202022,175560
I:4d526ef4e02754816d6eb4b6,U:1443,5,5,124,110,2564,2328,53415,46752
I:4d526ef4e02754816d6eb4b6,U:2025,1,1,23,23,516,508,10778,10543
I:4d526ef4e02754816d6eb4b6,U:651,2,2,48,46,1043,993,21858,20337
I:4d526ef4e02754816d6eb4b6,U:95,1,1,23,23,521,513,10870,10638
I:4d526ef4e02754816d6eb4b6,U:20,1,1,32,28,648,561,14389,11365
I:4d526ef4e02754816d6eb4b6,U:30,1,1,26,23,590,499,12966,10345
I:4d526ef4e02754816d6eb4b6,U:758,0,0,0,0,7,6,180,142
I:4d526ef4e02754816d6eb4b6,U:193,2,2,53,47,1075,993,22724,20337
I:4d526ef4e02754816d6eb4b6,U:927,1,1,26,26,526,518,11044,10738
I:4d526ef4e02754816d6eb4b6,U:1707,1,1,22,22,494,493,10252,10225
I:4d526ef4e02754816d6eb4b6,U:1655,0,0,1,1,22,20,616,440
I:4d526ef4e02754816d6eb4b6,U:1548,1,1,25,25,515,508,10732,10543
I:4d526ef4e02754816d6eb4b6,U:1021,2,2,49,46,1042,993,21762,20337
I:4d526ef4e02754816d6eb4b6,U:1296,2,2,53,46,1113,999,23580,20396
I:4d526ef4e02754816d6eb4b6,U:369,2,2,49,46,1046,993,21854,20337
I:4d526ef4e02754816d6eb4b6,U:1066,0,0,0,0,0,0,0,0
I:4d526ef4e02754816d6eb4b6,U:1087,0,0,0,0,0,0,0,0
I:4d526ef4e02754816d6eb4b6,U:1594,0,0,0,0,0,0,0,0
I:4d526ef4e02754816d6eb4b6,U:2116,1,1,22,22,490,490,10166,10160
I:4d526ef4e02754816d6eb4b6,U:732,0,0,0,0,0,0,0,0
I:4df4798c14954f21cf31ea8c,I:4e12ff58483bee47ff3f2676,22,22,463,462,9647,9240,191452,175560
I:4df4798c14954f21cf31ea8c,I:4e648c7a8877954de9170315,22,22,463,462,9647,9240,191452,175560
I:4df4798c14954f21cf31ea8c,I:4eaa005f29c2152deb268308,22,22,464,462,9666,9240,191847,175560
I:4df4798c14954f21cf31ea8c,I:4ef564018231c11154cb0744,22,22,463,462,9647,9240,191452,175560
I:4df4798c14954f21cf31ea8c,I:4f66d6ece4b0eae10c7bafee,22,22,467,462,9724,9240,193087,175560
I:4df4798c14954f21cf31ea8c,I:4f6bd465e4b0600330d4066c,22,22,463,462,9647,9240,191458,175560
I:4df4798c14954f21cf31ea8c,I:4fab974be4b05cb200996955,22,22,465,462,9685,9240,192221,175560
I:4df4798c14954f21cf31ea8c,I:4ff147c5e4b05cede0ddeddc,22,22,465,462,9686,9240,192233,175560
I:4df4798c14954f21cf31ea8c,U:42,1,1,22,22,494,494,10234,10228
I:4e12ff58483bee47ff3f2676,I:4e648c7a8877954de9170315,22,22,462,462,9628,9240,191080,175560
I:4e12ff58483bee47ff3f2676,I:4eaa005f29c2152deb268308,22,22,463,462,9647,9240,191474,175560
I:4e12ff58483bee47ff3f2676,I:4ef564018231c11154cb0744,22,22,462,462,9628,9240,191080,175560
I:4e12ff58483bee47ff3f2676,I:4f66d6ece4b0eae10c7bafee,22,22,466,462,9704,9240,192714,175560
I:4e12ff58483bee47ff3f2676,I:4f6bd465e4b0600330d4066c,22,22,462,462,9628,9240,191086,175560
I:4e12ff58483bee47ff3f2676,I:4fab974be4b05cb200996955,22,22,464,462,9666,9240,191847,175560
I:4e12ff58483bee47ff3f2676,I:4ff147c5e4b05cede0ddeddc,22,22,464,462,9666,9240,191862,175560
I:4e12ff58483bee47ff3f2676,U:1613,0,0,0,0,0,0,0,0
I:4e648c7a8877954de9170315,I:4eaa005f29c2152deb268308,22,22,463,462,9647,9240,191474,175560
I:4e648c7a8877954de9170315,I:4ef564018231c11154cb0744,22,22,462,462,9628,9240,191080,175560
I:4e648c7a8877954de9170315,I:4f66d6ece4b0eae10c7bafee,22,22,466,462,9704,9240,192714,175560
I:4e648c7a8877954de9170315,I:4f6bd465e4b0600330d4066c,22,22,462,462,9628,9240,191086,175560
I:4e648c7a8877954de9170315,I:4fab974be4b05cb200996955,22,22,464,462,9666,9240,191847,175560
I:4e648c7a8877954de9170315,I:4ff147c5e4b05cede0ddeddc,22,22,464,462,9666,9240,191862,175560
I:4e648c7a8877954de9170315,U:497,0,0,0,0,0,0,0,0
I:4eaa005f29c2152deb268308,I:4ef564018231c11154cb0744,22,22,463,462,9647,9240,191474,175560
I:4eaa005f29c2152deb268308,I:4f66d6ece4b0eae10c7bafee,22,22,467,462,9725,9240,193112,175560
I:4eaa005f29c2152deb268308,I:4f6bd465e4b0600330d4066c,22,22,463,462,9647,9240,191480,175560
I:4eaa005f29c2152deb268308,I:4fab974be4b05cb200996955,22,22,465,462,9686,9240,192240,175560
I:4eaa005f29c2152deb268308,I:4ff147c5e4b05cede0ddeddc,22,22,465,462,9686,9240,192257,175560
I:4eaa005f29c2152deb268308,U:1463,1,1,22,22,516,496,10858,10260
I:4ef564018231c11154cb0744,I:4f66d6ece4b0eae10c7bafee,22,22,466,462,9704,9240,192714,175560
I:4ef564018231c11154cb0744,I:4f6bd465e4b0600330d4066c,22,22,462,462,9628,9240,191086,175560
I:4ef564018231c11154cb0744,I:4fab974be4b05cb200996955,22,22,464,462,9666,9240,191847,175560
I:4ef564018231c11154cb0744,I:4ff147c5e4b05cede0ddeddc,22,22,464,462,9666,9240,191862,175560
I:4ef564018231c11154cb0744,U:784,0,0,0,0,0,0,0,0
I:4f66d6ece4b0eae10c7bafee,I:4f6bd465e4b0600330d4066c,22,22,466,462,9704,9240,192720,175560
I:4f66d6ece4b0eae10c7bafee,I:4fab974be4b05cb200996955,22,22,468,462,9742,9240,193489,175560
I:4f66d6ece4b0eae10c7bafee,I:4ff147c5e4b05cede0ddeddc,22,22,468,462,9745,9240,193507,175560
I:4f66d6ece4b0eae10c7bafee,U:1819,2,2,46,45,1058,993,22039,20337
I:4f66d6ece4b0eae10c7bafee,U:1540,0,0,0,0,0,0,0,0
I:4f6bd465e4b0600330d4066c,I:4fab974be4b05cb200996955,22,22,464,462,9666,9240,191853,175560
I:4f6bd465e4b0600330d4066c,I:4ff147c5e4b05cede0ddeddc,22,22,464,462,9666,9240,191868,175560
I:4f6bd465e4b0600330d4066c,U:997,0,0,0,0,6,5,132,110
I:4fab974be4b05cb200996955,I:4ff147c5e4b05cede0ddeddc,22,22,466,462,9704,9240,192633,175560
I:4fab974be4b05cb200996955,U:921,2,2,44,44,1011,980,20933,20112
I:4ff147c5e4b05cede0ddeddc,U:943,0,0,0,0,43,39,1242,1122
I:4ff147c5e4b05cede0ddeddc,U:303,1,1,22,22,495,494,10260,10228
I:4ff147c5e4b05cede0ddeddc,U:2116,1,1,22,22,490,490,10166,10160
U:1443,I:4b71176af964a5207a392de3,0,0,2,2,16,16,428,423
U:1443,I:4f910f24e4b0ead19780cf24,0,0,0,0,0,0,0,0
U:154,I:4b5be59df964a520331c29e3,0,0,1,1,10,6,146,87
U:2025,I:4b5abaa5f964a52056d228e3,0,0,0,0,7,6,193,163
U:29,I:4b875774f964a52040bc31e3,1,1,3,2,9,4,129,106
U:29,I:4bd91f570115c9b63b8b7680,1,1,3,2,12,5,146,131
U:363,I:4b6f9ee6f964a5202af82ce3,0,0,1,1,13,12,342,297
U:415,I:4c1b527463750f475aa2b467,0,0,1,1,35,31,920,628
U:760,I:4b58051ef964a520c54828e3,0,0,0,0,13,6,348,129
U:849,I:4b5e654bf964a520fa8c29e3,0,0,2,1,9,5,314,150
U:849,I:4b6c9fc7f964a5206b472ce3,0,0,3,2,18,12,561,365
U:1203,I:4ecf58f061af476c0748a1c2,0,0,0,0,1,1,34,34
U:1260,I:4b63f798f964a52028992ae3,0,0,0,0,6,4,135,103
U:1879,I:4b5855d5f964a5204b5328e3,0,0,1,1,6,6,217,142
U:2194,I:4b739b04f964a520b7b52de3,0,0,0,0,0,0,2,2
U:601,I:4c78a007df08a1cddf47d85d,0,0,0,0,0,0,0,0
U:1186,I:4b600f20f964a52087d429e3,1,1,2,1,0,0,5,5
U:1186,I:4b7a66d4f964a520dd2b2fe3,1,1,1,1,1,1,2,1
U:215,I:4b6c9fc7f964a5206b472ce3,0,0,1,1,3,3,65,65
U:96,I:4b600f20f964a52087d429e3,0,0,1,1,1,1,6,5
U:1168,I:4b95c4c8f964a5209bb234e3,1,1,3,2,5,3,88,88
U:1168,I:4ba61ca4f964a5207c3439e3,1,1,2,2,3,2,26,9
U:1505,I:4ba5cae4f964a520962239e3,0,0,2,2,10,5,301,143
U:1529,I:4b651b5df964a52079e42ae3,0,0,2,2,16,12,357,277
U:1529,I:4b95c4c8f964a5209bb234e3,0,0,1,1,4,3,93,88
U:1858,I:4b5c0be8f964a520562229e3,2,2,19,12,162,67,2614,688
U:1858,I:4c1b527463750f475aa2b467,2,2,13,12,125,67,1502,628
U:1858,I:4ecf58f061af476c0748a1c2,2,2,14,12,113,67,1213,498
U:1858,I:4d5769a2de8f6dcbcd91fe90,0,0,0,0,0,0,0,0
U:1889,I:4b58051ef964a520c54828e3,0,0,0,0,11,6,242,129
U:1889,I:4b59f1ecf964a520d0a228e3,0,0,1,1,9,8,223,213
U:296,I:4b6f9ee6f964a5202af82ce3,0,0,4,3,22,12,615,314
U:519,I:4c9c3876d3c2b60c2f14b6bc,0,0,0,0,1,1,37,28
U:519,I:4b651b5df964a52079e42ae3,0,0,2,2,10,10,283,277
U:786,I:4b57041cf964a520e82228e3,0,0,0,0,0,0,0,0
U:866,I:4b5e654bf964a520fa8c29e3,0,0,1,1,4,4,138,135
U:866,I:4b6f9ee6f964a5202af82ce3,0,0,3,3,11,11,310,283
U:921,I:4b6f9ee6f964a5202af82ce3,0,0,4,3,32,12,835,314
I:4b57171cf964a520052628e3,I:4b5a9d21f964a520c6cd28e3,5,1,2,2,10,9,89,72
I:4b57171cf964a520052628e3,I:4b5be59df964a520331c29e3,1,1,6,4,15,6,55,48
I:4b57171cf964a520052628e3,U:1904,0,0,0,0,0,0,22,21
I:4b57171cf964a520052628e3,U:2219,1,1,4,4,2,2,10,10
I:4b57171cf964a520052628e3,U:285,1,1,6,4,29,15,602,391
I:4b57171cf964a520052628e3,U:364,0,0,0,0,0,0,0,0
I:4b57171cf964a520052628e3,U:545,0,0,0,0,0,0,0,0
I:4b57171cf964a520052628e3,U:812,1,1,4,4,2,2,10,10
I:4b5a9d21f964a520c6cd28e3,I:4b5be59df964a520331c29e3,3,1,4,4,10,6,52,48
I:4b5a9d21f964a520c6cd28e3,U:2219,1,1,4,4,2,2,10,10
I:4b5a9d21f964a520c6cd28e3,U:285,1,1,7,4,21,9,523,301
I:4b5a9d21f964a520c6cd28e3,U:812,1,1,4,4,2,2,10,10
I:4b5a9d21f964a520c6cd28e3,U:1160,0,0,0,0,3,3,74,72
I:4b5a9d21f964a520c6cd28e3,U:1248,0,0,0,0,8,8,277,262
I:4b5a9d21f964a520c6cd28e3,U:1390,1,1,4,2,19,9,448,301
I:4b5a9d21f964a520c6cd28e3,U:1812,0,0,0,0,0,0,0,0
I:4b5a9d21f964a520c6cd28e3,U:1997,0,0,2,2,1,1,21,19
I:4b5a9d21f964a520c6cd28e3,U:2210,0,0,0,0,0,0,0,0
I:4b5a9d21f964a520c6cd28e3,U:2234,0,0,0,0,0,0,0,0
I:4b5a9d21f964a520c6cd28e3,U:311,0,0,0,0,0,0,0,0
I:4b5a9d21f964a520c6cd28e3,U:542,0,0,0,0,0,0,0,0
I:4b5a9d21f964a520c6cd28e3,U:560,1,1,2,2,4,2,10,10
I:4b5be59df964a520331c29e3,U:1390,1,1,3,2,11,6,148,87
I:4b5be59df964a520331c29e3,U:560,1,1,2,2,4,2,10,10
I:4b5be59df964a520331c29e3,U:1004,0,0,0,0,5,5,65,48
I:4b5be59df964a520331c29e3,U:1034,0,0,0,0,0,0,0,0
I:4b5be59df964a520331c29e3,U:81,0,0,0,0,0,0,0,0
I:4b5be59df964a520331c29e3,U:964,0,0,0,0,0,0,0,0
U:1904,I:4b6c9fc7f964a5206b472ce3,0,0,0,0,0,0,22,21
U:285,I:4b5a9de1f964a520edcd28e3,1,1,6,4,14,4,174,71
U:285,I:4b875774f964a52040bc31e3,1,1,6,4,12,4,173,106
I:4b58051ef964a520c54828e3,I:4b67d1a8f964a520795e2be3,3,1,1,1,7,4,40,32
I:4b58051ef964a520c54828e3,I:4d03226d26adb1f71bbcca70,2,1,2,2,0,0,14,12
I:4b58051ef964a520c54828e3,U:116,1,1,2,2,1,1,24,19
I:4b58051ef964a520c54828e3,U:1200,0,0,0,0,0,0,0,0
I:4b58051ef964a520c54828e3,U:1251,1,1,1,1,2,1,0,0
I:4b58051ef964a520c54828e3,U:1256,0,0,0,0,0,0,0,0
I:4b58051ef964a520c54828e3,U:1357,0,0,0,0,4,3,75,39
I:4b58051ef964a520c54828e3,U:138,0,0,0,0,0,0,0,0
I:4b58051ef964a520c54828e3,U:1399,0,0,1,1,2,2,59,58
I:4b58051ef964a520c54828e3,U:1400,0,0,0,0,0,0,0,0
I:4b58051ef964a520c54828e3,U:1479,0,0,0,0,0,0,0,0
I:4b58051ef964a520c54828e3,U:150,0,0,0,0,3,3,46,39
I:4b58051ef964a520c54828e3,U:1518,0,0,1,1,7,4,196,108
I:4b58051ef964a520c54828e3,U:1596,0,0,1,1,2,2,59,58
I:4b58051ef964a520c54828e3,U:1754,0,0,0,0,0,0,0,0
I:4b58051ef964a520c54828e3,U:1837,0,0,0,0,0,0,0,0
I:4b58051ef964a520c54828e3,U:351,0,0,0,0,2,2,36,34
I:4b58051ef964a520c54828e3,U:442,0,0,0,0,4,3,45,39
I:4b58051ef964a520c54828e3,U:512,0,0,0,0,0,0,0,0
I:4b58051ef964a520c54828e3,U:611,0,0,0,0,1,1,5,4
I:4b58051ef964a520c54828e3,U:797,0,0,0,0,0,0,0,0
I:4b58051ef964a520c54828e3,U:819,0,0,0,0,0,0,0,0
I:4b58051ef964a520c54828e3,U:979,0,0,1,1,2,2,96,58
I:4b58051ef964a520c54828e3,U:992,1,1,2,2,2,1,14,8
I:4b67d1a8f964a520795e2be3,I:4d03226d26adb1f71bbcca70,1,1,3,2,3,1,20,13
I:4b67d1a8f964a520795e2be3,U:116,1,1,2,2,1,1,21,19
I:4b67d1a8f964a520795e2be3,U:992,1,1,3,2,2,1,14,8
I:4b67d1a8f964a520795e2be3,U:141,0,0,2,2,10,8,230,200
I:4b67d1a8f964a520795e2be3,U:1437,0,0,2,2,12,9,308,232
I:4b67d1a8f964a520795e2be3,U:1086,1,1,1,1,2,1,26,18
I:4b67d1a8f964a520795e2be3,I:4d87295c40a7a35d82fc41be,1,1,1,1,1,1,3,2
I:4b67d1a8f964a520795e2be3,U:233,0,0,1,1,4,1,18,6
I:4b67d1a8f964a520795e2be3,U:1580,0,0,0,0,0,0,0,0
I:4b67d1a8f964a520795e2be3,U:161,0,0,0,0,0,0,0,0
I:4b67d1a8f964a520795e2be3,U:1891,0,0,0,0,0,0,0,0
I:4d03226d26adb1f71bbcca70,U:1251,1,1,1,1,2,1,0,0
I:4d03226d26adb1f71bbcca70,U:22,0,0,0,0,1,1,20,13
I:4d03226d26adb1f71bbcca70,U:1921,0,0,0,0,0,0,0,0
U:116,I:4b651b5df964a52079e42ae3,0,0,0,0,0,0,31,19
U:1518,I:4df30577b61cbd3ec019ddb8,0,0,0,0,3,3,11,4
U:351,I:4c1b527463750f475aa2b467,1,1,6,6,33,32,181,170
U:611,I:4b65817ef964a520bdf22ae3,0,0,0,0,1,1,5,4
U:992,I:4b90ffe3f964a520729e33e3,0,0,1,1,2,1,16,8
U:1144,I:4b8e297bf964a520ff1933e3,0,0,0,0,0,0,10,10
U:1779,I:4b690d8ef964a520ff972be3,0,0,0,0,0,0,10,5
U:598,I:4b5c0be8f964a520562229e3,0,0,0,0,12,12,294,270
I:4b5855d5f964a5204b5328e3,I:4b5abaa5f964a52056d228e3,5,3,14,6,34,11,62,29
I:4b5855d5f964a5204b5328e3,I:4b652cfff964a5209ee72ae3,3,3,14,6,30,11,56,23
I:4b5855d5f964a5204b5328e3,I:4b68dccdf964a520a0902be3,7,3,10,6,24,11,36,23
I:4b5855d5f964a5204b5328e3,I:4b8e297bf964a520ff1933e3,3,3,12,6,26,11,56,23
I:4b5855d5f964a5204b5328e3,U:1075,0,0,3,1,8,6,258,142
I:4b5855d5f964a5204b5328e3,U:1234,0,0,0,0,0,0,0,0
I:4b5855d5f964a5204b5328e3,U:1258,0,0,0,0,0,0,0,0
I:4b5855d5f964a5204b5328e3,U:137,1,1,6,6,10,10,24,23
I:4b5855d5f964a5204b5328e3,U:1429,0,0,2,2,6,6,150,131
I:4b5855d5f964a5204b5328e3,U:1478,0,0,0,0,0,0,23,22
I:4b5855d5f964a5204b5328e3,U:1714,2,2,10,6,20,11,44,23
I:4b5855d5f964a5204b5328e3,U:1753,0,0,1,1,1,1,58,44
I:4b5855d5f964a5204b5328e3,U:1963,1,1,9,6,15,11,183,142
I:4b5855d5f964a5204b5328e3,U:2026,0,0,0,0,0,0,0,0
I:4b5855d5f964a5204b5328e3,U:485,0,0,0,0,0,0,0,0
I:4b5855d5f964a5204b5328e3,U:510,1,1,6,6,12,10,72,44
I:4b5855d5f964a5204b5328e3,U:742,1,1,6,4,23,11,317,142
I:4b5855d5f964a5204b5328e3,U:758,0,0,0,0,7,6,180,142
I:4b5855d5f964a5204b5328e3,U:870,0,0,0,0,0,0,4,4
I:4b5855d5f964a5204b5328e3,U:898,0,0,0,0,0,0,0,0
I:4b5abaa5f964a52056d228e3,I:4b652cfff964a5209ee72ae3,5,3,10,6,23,11,44,23
I:4b5abaa5f964a52056d228e3,I:4b68dccdf964a520a0902be3,5,3,14,6,30,11,39,23
I:4b5abaa5f964a52056d228e3,I:4b8e297bf964a520ff1933e3,3,3,12,6,26,11,51,23
I:4b5abaa5f964a52056d228e3,U:1714,2,2,8,6,24,11,48,23
I:4b5abaa5f964a52056d228e3,U:742,1,1,4,4,23,11,262,163
I:4b5abaa5f964a52056d228e3,U:1127,0,0,0,0,0,0,0,0
I:4b5abaa5f964a52056d228e3,U:1866,0,0,0,0,0,0,0,0
I:4b5abaa5f964a52056d228e3,U:1968,1,1,4,4,10,10,23,23
I:4b5abaa5f964a52056d228e3,U:198,0,0,0,0,0,0,0,0
I:4b5abaa5f964a52056d228e3,U:2142,0,0,0,0,0,0,9,8
I:4b5abaa5f964a52056d228e3,U:270,0,0,0,0,0,0,0,0
I:4b5abaa5f964a52056d228e3,U:336,1,1,4,4,14,10,30,23
I:4b5abaa5f964a52056d228e3,U:807,1,1,5,4,10,10,54,30
I:4b652cfff964a5209ee72ae3,I:4b68dccdf964a520a0902be3,3,3,14,6,30,11,51,23
I:4b652cfff964a5209ee72ae3,I:4b8e297bf964a520ff1933e3,3,3,8,6,26,11,45,23
I:4b652cfff964a5209ee72ae3,U:1968,1,1,4,4,10,10,23,23
I:4b652cfff964a5209ee72ae3,U:807,1,1,4,4,11,10,27,23
I:4b68dccdf964a520a0902be3,I:4b8e297bf964a520ff1933e3,3,3,12,6,26,11,48,23
I:4b68dccdf964a520a0902be3,U:137,1,1,6,6,10,10,24,23
I:4b68dccdf964a520a0902be3,U:1714,2,2,10,6,20,11,40,23
I:4b68dccdf964a520a0902be3,U:1963,1,1,6,6,14,11,56,23
I:4b68dccdf964a520a0902be3,U:510,1,1,6,6,10,10,32,23
I:4b68dccdf964a520a0902be3,U:336,1,1,4,4,14,10,30,23
U:1075,I:4b5c0be8f964a520562229e3,0,0,5,3,37,28,981,523
U:1478,I:4b6d2fe6f964a520976a2ce3,0,0,1,1,1,1,22,21
U:1963,I:4b5c0be8f964a520562229e3,0,0,1,1,19,18,610,488
U:870,I:4b7bc5d9f964a520996d2fe3,0,0,0,0,0,0,4,4
I:4b59f1ecf964a520d0a228e3,I:4b739b04f964a520b7b52de3,3,2,2,2,0,0,6,3
I:4b59f1ecf964a520d0a228e3,I:4d8575a9509137043cbd975b,2,2,3,2,1,1,6,4
I:4b59f1ecf964a520d0a228e3,I:4df30577b61cbd3ec019ddb8,2,2,3,2,4,3,3,3
I:4b59f1ecf964a520d0a228e3,U:1895,1,1,2,2,2,1,0,0
I:4b739b04f964a520b7b52de3,I:4d8575a9509137043cbd975b,2,2,3,2,1,1,0,0
I:4b739b04f964a520b7b52de3,I:4df30577b61cbd3ec019ddb8,2,2,3,2,1,1,4,3
I:4b739b04f964a520b7b52de3,U:1895,1,1,2,2,2,1,0,0
I:4b739b04f964a520b7b52de3,U:233,0,0,0,0,0,0,2,2
I:4b739b04f964a520b7b52de3,U:1379,0,0,0,0,0,0,0,0
I:4b739b04f964a520b7b52de3,U:1521,0,0,0,0,0,0,0,0
I:4d8575a9509137043cbd975b,I:4df30577b61cbd3ec019ddb8,2,2,2,2,2,1,4,4
I:4d8575a9509137043cbd975b,U:1350,0,0,1,1,3,3,8,8
I:4b5a839df964a5201fc928e3,U:778,0,0,0,0,0,0,0,0
U:778,I:4b62f3ddf964a5207f5a2ae3,0,0,0,0,0,0,0,0
U:1562,I:4c9c3876d3c2b60c2f14b6bc,0,0,0,0,2,2,26,18
U:1997,I:4b6f9ee6f964a5202af82ce3,0,0,2,2,1,1,21,19
I:4b5a9de1f964a520edcd28e3,I:4b875774f964a52040bc31e3,5,2,3,2,5,3,20,15
I:4b5a9de1f964a520edcd28e3,I:4bd91f570115c9b63b8b7680,2,2,6,4,9,4,15,14
I:4b5a9de1f964a520edcd28e3,U:1028,0,0,1,1,4,3,104,71
I:4b5a9de1f964a520edcd28e3,U:115,1,1,5,4,7,4,55,48
I:4b5a9de1f964a520edcd28e3,U:1162,2,2,5,4,5,3,10,7
I:4b5a9de1f964a520edcd28e3,U:1176,0,0,0,0,3,3,73,71
I:4b5a9de1f964a520edcd28e3,U:1602,1,1,4,4,3,3,5,5
I:4b875774f964a52040bc31e3,I:4bd91f570115c9b63b8b7680,3,2,5,4,6,3,14,14
I:4b875774f964a52040bc31e3,U:115,1,1,5,4,7,4,57,48
I:4b875774f964a52040bc31e3,U:1162,2,2,6,4,4,3,8,7
I:4b875774f964a52040bc31e3,U:1602,1,1,4,4,3,3,5,5
I:4bd91f570115c9b63b8b7680,U:1162,2,2,3,2,7,3,8,7
I:4bd91f570115c9b63b8b7680,U:847,0,0,1,1,8,5,147,131
U:1162,I:4b5ad6e3f964a520ecd628e3,0,0,0,0,0,0,2,2
U:1162,I:4bb31756715eef3b15ee85bb,0,0,0,0,0,0,0,0
U:1304,I:4b71176af964a5207a392de3,0,0,2,2,16,16,428,423
U:1701,I:4b600f20f964a52087d429e3,0,0,0,0,1,1,14,6
U:1701,I:4b690990f964a52098972be3,0,0,1,1,4,2,85,78
U:181,I:4c39bf961e06d13adc0b7a3e,0,0,0,0,0,0,1,1
U:2122,I:4b5bdb89f964a520171a29e3,0,0,0,0,0,0,0,0
U:2160,I:4ecf58f061af476c0748a1c2,0,0,2,2,37,29,782,498
U:2160,I:4b651b5df964a52079e42ae3,0,0,4,2,29,18,921,574
U:283,I:4b624c63f964a52003412ae3,0,0,0,0,3,2,34,29
U:329,I:4b651b5df964a52079e42ae3,0,0,2,2,10,10,316,277
U:762,I:4c25bf82f1272d7f026185c5,0,0,0,0,1,1,2,2
U:1635,I:4b5c0be8f964a520562229e3,0,0,0,0,6,5,158,144
U:1693,I:4b6c9fc7f964a5206b472ce3,0,0,1,1,35,14,796,365
U:1986,I:4b5be779f964a520981c29e3,0,0,0,0,2,2,18,12
U:2182,I:4b5aa67af964a52072cf28e3,0,0,0,0,0,0,0,0
U:2182,I:4b7a66d4f964a520dd2b2fe3,0,0,0,0,0,0,1,1
U:652,I:4b6c9fc7f964a5206b472ce3,0,0,1,1,11,9,254,199
U:652,I:4dc5dfb4d164eb9c9ffb73ec,0,0,0,0,0,0,0,0
I:4b5aa5eff964a5205ccf28e3,I:4b5aa67af964a52072cf28e3,2,1,0,0,1,1,2,2
I:4b5aa5eff964a5205ccf28e3,U:1325,0,0,0,0,0,0,0,0
I:4b5aa5eff964a5205ccf28e3,U:1436,0,0,0,0,1,1,4,2
I:4b5aa5eff964a5205ccf28e3,U:1924,1,1,1,1,0,0,1,1
I:4b5aa5eff964a5205ccf28e3,U:902,1,1,1,1,0,0,1,1
I:4b5aa67af964a52072cf28e3,U:1924,1,1,1,1,0,0,1,1
I:4b5aa67af964a52072cf28e3,U:902,1,1,1,1,0,0,1,1
I:4b5aa67af964a52072cf28e3,U:1204,0,0,1,1,1,1,6,5
I:4b5aa67af964a52072cf28e3,U:1318,0,0,1,1,2,1,8,5
I:4b5aa67af964a52072cf28e3,U:2190,0,0,0,0,0,0,0,0
I:4b5aa67af964a52072cf28e3,U:86,0,0,0,0,0,0,0,0
U:2142,I:4b63f798f964a52028992ae3,0,0,0,0,0,0,9,8
I:4b5ac0a7f964a5204bd328e3,I:4b68ee86f964a520c4932be3,0,0,0,0,1,1,2,2
I:4b5ac0a7f964a5204bd328e3,U:1738,0,0,0,0,0,0,5,5
I:4b5ac0a7f964a5204bd328e3,U:50,0,0,0,0,1,1,7,5
I:4b68ee86f964a520c4932be3,U:1086,0,0,0,0,1,1,2,2
U:50,I:4b63f798f964a52028992ae3,1,1,9,7,69,50,728,401
U:50,I:4d577b04e319a1cdeb420534,1,1,9,7,72,50,847,440
U:50,I:4b6f9ee6f964a5202af82ce3,0,0,0,0,13,6,359,155
U:438,I:4b63f798f964a52028992ae3,0,0,3,2,28,15,554,319
U:438,I:4b5e654bf964a520fa8c29e3,0,0,1,1,13,6,252,150
I:4b5ad6e3f964a520ecd628e3,U:1052,0,0,0,0,0,0,0,0
I:4b5ad6e3f964a520ecd628e3,U:1472,0,0,0,0,0,0,2,2
I:4b5ad6e3f964a520ecd628e3,U:2163,0,0,0,0,0,0,0,0
I:4b5ad6e3f964a520ecd628e3,U:355,0,0,0,0,0,0,0,0
U:1052,I:4b5be779f964a520981c29e3,0,0,0,0,0,0,0,0
U:1226,I:4b697a2ef964a520d6a32be3,0,0,0,0,0,0,5,3
U:2159,I:4b8a22c0f964a5207b6132e3,0,0,0,0,0,0,0,0
U:261,I:4b6c9fc7f964a5206b472ce3,0,0,1,1,9,9,206,196
U:406,I:4b5e9e59f964a5201c9429e3,0,0,0,0,6,5,116,91
U:1504,I:4b5c0be8f964a520562229e3,0,0,2,2,15,13,372,276
U:1816,I:4b63f798f964a52028992ae3,0,0,3,2,15,11,275,233
U:1816,I:4b7bc5d9f964a520996d2fe3,0,0,1,1,5,3,82,57
U:26,I:4ba5cae4f964a520962239e3,0,0,0,0,2,1,128,94
U:622,I:4b5be175f964a5206c1b29e3,0,0,1,1,3,3,84,77
I:4b5bdb89f964a520171a29e3,U:389,0,0,0,0,0,0,0,0
I:4b5be175f964a5206c1b29e3,I:4c09d81c6071a593e6bade32,1,1,1,1,2,2,5,1
I:4b5be175f964a5206c1b29e3,U:1106,0,0,0,0,4,3,77,77
I:4b5be175f964a5206c1b29e3,U:1413,0,0,0,0,0,0,0,0
I:4b5be175f964a5206c1b29e3,U:1430,0,0,0,0,2,2,101,90
I:4b5be175f964a5206c1b29e3,U:184,0,0,0,0,0,0,0,0
I:4b5be175f964a5206c1b29e3,U:2090,0,0,0,0,0,0,0,0
I:4b5be175f964a5206c1b29e3,U:287,1,1,1,1,2,2,17,13
I:4c09d81c6071a593e6bade32,U:287,2,1,2,2,3,2,1,1
I:4c09d81c6071a593e6bade32,I:4b697a2ef964a520d6a32be3,3,2,4,2,1,1,1,1
I:4c09d81c6071a593e6bade32,I:4c39bf961e06d13adc0b7a3e,2,2,4,2,3,2,2,1
I:4c09d81c6071a593e6bade32,I:4e6ae546b0fb8b8a846af7b1,3,2,3,2,2,2,1,1
I:4c09d81c6071a593e6bade32,U:1249,0,0,0,0,0,0,0,0
I:4c09d81c6071a593e6bade32,U:1566,1,1,2,2,3,2,2,1
I:4c09d81c6071a593e6bade32,U:1626,0,0,0,0,0,0,0,0
I:4c09d81c6071a593e6bade32,U:2031,0,0,0,0,0,0,0,0
I:4c09d81c6071a593e6bade32,U:780,0,0,0,0,0,0,0,0
U:287,I:4b697a2ef964a520d6a32be3,1,1,3,2,5,2,8,3
U:287,I:4b6c9fc7f964a5206b472ce3,0,0,0,0,0,0,16,13
I:4b5be779f964a520981c29e3,I:4c9c3876d3c2b60c2f14b6bc,2,1,1,1,2,2,5,5
I:4b5be779f964a520981c29e3,I:4cf073097e0da1cd73b78b97,2,1,1,1,0,0,2,2
I:4b5be779f964a520981c29e3,U:1799,1,1,1,1,1,1,0,0
I:4b5be779f964a520981c29e3,U:2062,1,1,1,1,1,1,13,12
I:4b5be779f964a520981c29e3,U:2121,0,0,0,0,0,0,0,0
I:4c9c3876d3c2b60c2f14b6bc,I:4cf073097e0da1cd73b78b97,1,1,2,1,1,1,2,2
I:4c9c3876d3c2b60c2f14b6bc,U:2062,1,1,1,1,2,1,40,28
I:4cf073097e0da1cd73b78b97,U:1799,1,1,1,1,1,1,0,0
U:548,I:4f98eeb0e4b01ba9d4a85666,0,0,1,1,1,1,44,43
U:672,I:4b600f20f964a52087d429e3,0,0,0,0,0,0,12,6
U:974,I:4c1b527463750f475aa2b467,0,0,1,1,14,14,178,170
U:707,I:4b68f365f964a5208a942be3,0,0,0,0,0,0,4,4
U:822,I:4ba61ca4f964a5207c3439e3,0,0,0,0,0,0,10,9
U:822,I:4bb6ddd61344b71328309e04,1,1,1,1,0,0,0,0
U:822,I:4c52e2429426c9286b97ee75,1,1,1,1,0,0,0,0
U:22,I:4db0871dfc60cfe27fb3eaad,1,1,0,0,0,0,0,0
U:22,I:4e65a3b9b0fb188e8f0f061f,1,1,0,0,0,0,1,1
U:462,I:4b651b5df964a52079e42ae3,0,0,0,0,12,10,292,277
U:804,I:4be81b324485d13ad40294ee,0,0,0,0,6,6,136,136
I:4b5c0be8f964a520562229e3,I:4b5c11a5f964a520382329e3,7,6,39,30,193,120,872,440
I:4b5c0be8f964a520562229e3,I:4b5d6871f964a5201d5c29e3,8,6,41,30,198,120,938,440
I:4b5c0be8f964a520562229e3,I:4b63f798f964a52028992ae3,9,6,42,30,221,120,1005,440
I:4b5c0be8f964a520562229e3,I:4c1b527463750f475aa2b467,7,6,41,30,209,120,1088,440
I:4b5c0be8f964a520562229e3,I:4d577b04e319a1cdeb420534,8,6,39,30,220,120,1080,440
I:4b5c0be8f964a520562229e3,I:4ecf58f061af476c0748a1c2,7,6,44,30,225,120,1058,440
I:4b5c0be8f964a520562229e3,U:1006,0,0,3,3,14,7,389,234
I:4b5c0be8f964a520562229e3,U:1147,1,1,8,7,42,39,331,200
I:4b5c0be8f964a520562229e3,U:1173,0,0,0,0,0,0,0,0
I:4b5c0be8f964a520562229e3,U:1405,0,0,0,0,0,0,0,0
I:4b5c0be8f964a520562229e3,U:1492,0,0,0,0,0,0,0,0
I:4b5c0be8f964a520562229e3,U:1655,1,1,12,8,84,39,826,440
I:4b5c0be8f964a520562229e3,U:167,1,1,8,8,42,39,221,190
I:4b5c0be8f964a520562229e3,U:1851,1,1,7,7,41,39,198,187
I:4b5c0be8f964a520562229e3,U:1923,0,0,0,0,0,0,0,0
I:4b5c0be8f964a520562229e3,U:1950,1,1,11,8,48,39,439,234
I:4b5c0be8f964a520562229e3,U:2067,0,0,0,0,0,0,0,0
I:4b5c0be8f964a520562229e3,U:2082,0,0,3,3,7,6,229,179
I:4b5c0be8f964a520562229e3,U:2244,0,0,2,2,36,29,890,589
I:4b5c0be8f964a520562229e3,U:2258,1,1,6,6,39,39,193,181
I:4b5c0be8f964a520562229e3,U:274,0,0,0,0,2,2,26,23
I:4b5c0be8f964a520562229e3,U:643,0,0,0,0,0,0,0,0
I:4b5c0be8f964a520562229e3,U:833,0,0,0,0,0,0,0,0
I:4b5c0be8f964a520562229e3,U:847,0,0,3,3,37,29,1005,589
I:4b5c11a5f964a520382329e3,I:4b5d6871f964a5201d5c29e3,6,6,35,30,175,120,782,440
I:4b5c11a5f964a520382329e3,I:4b63f798f964a52028992ae3,6,6,38,30,192,120,861,440
I:4b5c11a5f964a520382329e3,I:4c1b527463750f475aa2b467,6,6,34,30,172,120,773,440
I:4b5c11a5f964a520382329e3,I:4d577b04e319a1cdeb420534,6,6,34,30,175,120,838,440
I:4b5c11a5f964a520382329e3,I:4ecf58f061af476c0748a1c2,6,6,36,30,179,120,804,440
I:4b5c11a5f964a520382329e3,U:2258,1,1,6,6,39,39,193,181
I:4b5c11a5f964a520382329e3,U:1527,0,0,1,1,9,7,91,84
I:4b5c11a5f964a520382329e3,U:1773,0,0,1,1,8,7,92,84
I:4b5c11a5f964a520382329e3,U:2134,0,0,0,0,0,0,0,0
I:4b5d6871f964a5201d5c29e3,I:4b63f798f964a52028992ae3,7,6,41,30,196,120,876,440
I:4b5d6871f964a5201d5c29e3,I:4c1b527463750f475aa2b467,6,6,37,30,188,120,856,440
I:4b5d6871f964a5201d5c29e3,I:4d577b04e319a1cdeb420534,6,6,37,30,193,120,925,440
I:4b5d6871f964a5201d5c29e3,I:4ecf58f061af476c0748a1c2,7,6,38,30,189,120,832,440
I:4b5d6871f964a5201d5c29e3,U:1851,1,1,7,7,41,39,198,187
I:4b5d6871f964a5201d5c29e3,I:4b5e9e59f964a5201c9429e3,2,2,16,12,103,62,545,270
I:4b5d6871f964a5201d5c29e3,U:106,0,0,0,0,17,16,228,216
I:4b5d6871f964a5201d5c29e3,U:1244,0,0,0,0,5,5,139,137
I:4b5d6871f964a5201d5c29e3,U:1897,0,0,0,0,0,0,0,0
I:4b5d6871f964a5201d5c29e3,U:1922,0,0,0,0,0,0,0,0
I:4b5d6871f964a5201d5c29e3,U:2177,0,0,0,0,0,0,0,0
I:4b5d6871f964a5201d5c29e3,U:279,0,0,0,0,0,0,0,0
I:4b5d6871f964a5201d5c29e3,U:875,0,0,0,0,0,0,0,0
I:4b5d6871f964a5201d5c29e3,U:901,0,0,0,0,0,0,0,0
I:4b5d6871f964a5201d5c29e3,U:942,0,0,0,0,0,0,0,0
I:4b63f798f964a52028992ae3,I:4c1b527463750f475aa2b467,6,6,41,30,203,120,922,440
I:4b63f798f964a52028992ae3,I:4d577b04e319a1cdeb420534,7,6,38,30,204,120,989,440
I:4b63f798f964a52028992ae3,I:4ecf58f061af476c0748a1c2,8,6,41,30,189,120,860,440
I:4b63f798f964a52028992ae3,U:1655,2,1,11,8,59,39,388,250
I:4b63f798f964a52028992ae3,U:167,1,1,8,8,42,39,221,190
I:4b63f798f964a52028992ae3,U:1950,1,1,8,8,52,39,393,234
I:4b63f798f964a52028992ae3,I:4b5e9e59f964a5201c9429e3,4,2,16,12,91,62,481,270
I:4b63f798f964a52028992ae3,U:835,0,0,1,1,3,3,30,26
I:4b63f798f964a52028992ae3,I:4dfdc23f8877e9c474975aa6,2,2,12,7,63,38,317,179
I:4b63f798f964a52028992ae3,U:1086,0,0,1,1,3,1,29,24
I:4b63f798f964a52028992ae3,U:1406,0,0,0,0,0,0,0,0
I:4b63f798f964a52028992ae3,U:1680,0,0,0,0,0,0,0,0
I:4b63f798f964a52028992ae3,U:2201,0,0,0,0,0,0,0,0
I:4b63f798f964a52028992ae3,U:471,0,0,0,0,0,0,0,0
I:4b63f798f964a52028992ae3,U:590,0,0,0,0,10,10,243,233
I:4b63f798f964a52028992ae3,U:787,0,0,0,0,4,4,82,81
I:4b63f798f964a52028992ae3,U:844,0,0,0,0,0,0,0,0
I:4b63f798f964a52028992ae3,U:990,0,0,1,1,0,0,1,1
I:4c1b527463750f475aa2b467,I:4d577b04e319a1cdeb420534,6,6,36,30,192,120,985,440
I:4c1b527463750f475aa2b467,I:4ecf58f061af476c0748a1c2,7,6,37,30,181,120,882,440
I:4c1b527463750f475aa2b467,U:1220,0,0,0,0,8,7,119,100
I:4c1b527463750f475aa2b467,U:2237,0,0,2,2,19,16,127,95
I:4c1b527463750f475aa2b467,U:1458,0,0,0,0,11,11,289,286
I:4c1b527463750f475aa2b467,U:2132,0,0,0,0,0,0,4,4
I:4c1b527463750f475aa2b467,U:1301,0,0,0,0,0,0,0,0
I:4c1b527463750f475aa2b467,U:2232,0,0,0,0,0,0,0,0
I:4c1b527463750f475aa2b467,U:795,0,0,0,0,0,0,0,0
I:4d577b04e319a1cdeb420534,I:4ecf58f061af476c0748a1c2,6,6,38,30,204,120,991,440
I:4d577b04e319a1cdeb420534,U:1147,1,1,8,7,43,39,316,200
I:4d577b04e319a1cdeb420534,U:1296,0,0,5,4,48,34,1040,464
I:4d577b04e319a1cdeb420534,U:951,0,0,2,1,21,19,572,440
I:4ecf58f061af476c0748a1c2,I:4b5e9e59f964a5201c9429e3,3,2,17,12,96,62,511,270
I:4ecf58f061af476c0748a1c2,I:4dfdc23f8877e9c474975aa6,2,2,11,7,62,38,320,179
U:1006,I:4b5e654bf964a520fa8c29e3,0,0,1,1,8,5,199,150
U:1655,I:4b5e9e59f964a5201c9429e3,1,1,6,5,41,36,272,195
U:1851,I:4b6acb5df964a520a0e02be3,0,0,0,0,0,0,0,0
U:274,I:4b7bc5d9f964a520996d2fe3,0,0,0,0,2,2,26,23
U:847,I:4b7f9ce7f964a520b33630e3,0,0,0,0,0,0,0,0
U:1527,I:4b68f365f964a5208a942be3,0,0,0,0,1,1,109,97
U:1995,I:4b6c9fc7f964a5206b472ce3,0,0,2,2,5,5,185,179
U:836,I:4b6d2fe6f964a520976a2ce3,0,0,1,1,1,1,21,21
U:836,I:4b701193f964a520c9052de3,0,0,1,1,1,1,35,34
I:4b5e9e59f964a5201c9429e3,I:4dfdc23f8877e9c474975aa6,3,2,5,5,30,27,191,163
I:4b5e9e59f964a5201c9429e3,U:1113,0,0,0,0,4,4,78,78
I:4b5e9e59f964a5201c9429e3,U:1397,0,0,0,0,0,0,0,0
I:4b5e9e59f964a5201c9429e3,U:1618,0,0,0,0,0,0,0,0
I:4b5e9e59f964a5201c9429e3,U:1711,0,0,0,0,0,0,0,0
I:4b5e9e59f964a5201c9429e3,U:2149,0,0,0,0,0,0,0,0
I:4b5e9e59f964a5201c9429e3,U:242,0,0,0,0,0,0,0,0
I:4b5e9e59f964a5201c9429e3,U:564,1,1,2,2,5,5,30,30
U:1897,I:4cfa10c5feec6dcb1a7c3d36,0,0,0,0,0,0,0,0
I:4b5e654bf964a520fa8c29e3,U:110,0,0,0,0,0,0,0,0
I:4b5e654bf964a520fa8c29e3,U:1254,0,0,0,0,0,0,0,0
I:4b5e654bf964a520fa8c29e3,U:1331,0,0,0,0,0,0,0,0
I:4b5e654bf964a520fa8c29e3,U:1491,0,0,0,0,0,0,2,2
I:4b5e654bf964a520fa8c29e3,U:1712,0,0,0,0,0,0,0,0
I:4b5e654bf964a520fa8c29e3,U:1853,0,0,0,0,0,0,0,0
I:4b5e654bf964a520fa8c29e3,U:2039,0,0,0,0,0,0,0,0
I:4b5e654bf964a520fa8c29e3,U:212,0,0,0,0,0,0,0,0
I:4b5e654bf964a520fa8c29e3,U:2237,0,0,0,0,5,3,35,27
I:4b5e654bf964a520fa8c29e3,U:25,0,0,0,0,0,0,0,0
I:4b5e654bf964a520fa8c29e3,U:439,0,0,0,0,0,0,0,0
I:4b5e654bf964a520fa8c29e3,U:45,0,0,0,0,0,0,0,0
I:4b5e654bf964a520fa8c29e3,U:579,0,0,0,0,1,1,1,1
I:4b5e654bf964a520fa8c29e3,U:70,0,0,0,0,0,0,0,0
I:4b5e654bf964a520fa8c29e3,U:709,0,0,0,0,0,0,0,0
I:4b5e654bf964a520fa8c29e3,U:835,0,0,1,1,4,3,31,26
U:1491,I:4b697a2ef964a520d6a32be3,0,0,0,0,0,0,2,2
U:2237,I:4dfdc23f8877e9c474975aa6,0,0,2,2,18,16,104,95
U:579,I:4b77a99ff964a52002a62ee3,0,0,0,0,1,1,1,1
U:835,I:4c456aeff0bdd13aa2e5cacc,0,0,0,0,1,1,9,8
I:4dfdc23f8877e9c474975aa6,U:564,1,1,2,2,5,5,30,30
U:1711,I:4c78a007df08a1cddf47d85d,0,0,0,0,0,0,0,0
I:4b600f20f964a52087d429e3,I:4b7a66d4f964a520dd2b2fe3,2,1,0,0,1,1,0,0
I:4b600f20f964a52087d429e3,U:1317,0,0,0,0,1,1,4,3
I:4b600f20f964a52087d429e3,U:1387,0,0,0,0,0,0,0,0
I:4b600f20f964a52087d429e3,U:1407,0,0,0,0,0,0,0,0
I:4b600f20f964a52087d429e3,U:1525,0,0,0,0,0,0,0,0
I:4b600f20f964a52087d429e3,U:155,0,0,0,0,0,0,0,0
I:4b600f20f964a52087d429e3,U:1649,0,0,0,0,0,0,0,0
I:4b600f20f964a52087d429e3,U:1709,0,0,0,0,0,0,0,0
I:4b600f20f964a52087d429e3,U:1787,0,0,0,0,0,0,0,0
I:4b600f20f964a52087d429e3,U:503,0,0,0,0,0,0,0,0
I:4b600f20f964a52087d429e3,U:928,1,1,1,1,0,0,1,1
I:4b7a66d4f964a520dd2b2fe3,U:928,1,1,1,1,0,0,1,1
I:4b7a66d4f964a520dd2b2fe3,U:1745,0,0,0,0,0,0,0,0
I:4b7a66d4f964a520dd2b2fe3,U:1809,0,0,0,0,0,0,0,0
U:1317,I:4b90ffe3f964a520729e33e3,0,0,0,0,1,1,4,3
U:1419,I:4ba5cae4f964a520962239e3,0,0,0,0,0,0,32,32
U:306,I:4b6f9ee6f964a5202af82ce3,0,0,0,0,5,5,121,120
I:4b624c63f964a52003412ae3,I:4be7e5c588ed2d7faf2dcb1d,1,1,0,0,3,2,37,29
I:4b624c63f964a52003412ae3,I:4c25bf82f1272d7f026185c5,1,1,0,0,1,1,4,3
I:4b624c63f964a52003412ae3,U:1564,0,0,0,0,0,0,0,0
I:4b624c63f964a52003412ae3,U:1581,0,0,0,0,0,0,0,0
I:4b624c63f964a52003412ae3,U:1640,0,0,0,0,3,2,31,29
I:4b624c63f964a52003412ae3,U:1807,0,0,0,0,0,0,0,0
I:4b624c63f964a52003412ae3,U:1902,0,0,0,0,0,0,0,0
I:4b624c63f964a52003412ae3,U:880,0,0,0,0,0,0,0,0
I:4be7e5c588ed2d7faf2dcb1d,I:4c25bf82f1272d7f026185c5,1,1,0,0,0,0,4,3
I:4be7e5c588ed2d7faf2dcb1d,I:4b68f365f964a5208a942be3,1,1,2,2,32,31,384,375
I:4be7e5c588ed2d7faf2dcb1d,U:708,0,0,0,0,0,0,0,0
I:4c25bf82f1272d7f026185c5,U:1835,0,0,0,0,0,0,0,0
U:1581,I:4d44f7491ed56dcb0c3bb654,0,0,0,0,0,0,0,0
U:834,I:4b701193f964a520c9052de3,0,0,1,1,1,1,35,34
U:607,I:4b6f9ee6f964a5202af82ce3,0,0,0,0,14,12,319,297
U:1086,I:4b651361f964a520f5e22ae3,1,1,1,1,0,0,0,0
U:1086,I:4d87295c40a7a35d82fc41be,2,1,0,0,0,0,3,2
U:1086,I:4b68f365f964a5208a942be3,0,0,0,0,2,1,40,24
U:1086,I:4b690d8ef964a520ff972be3,0,0,1,1,2,1,10,4
U:990,I:4b690d8ef964a520ff972be3,0,0,1,1,0,0,1,1
U:349,I:4b651b5df964a52079e42ae3,0,0,1,1,0,0,17,17
I:4b651361f964a520f5e22ae3,I:4d87295c40a7a35d82fc41be,1,1,1,1,0,0,0,0
I:4b651361f964a520f5e22ae3,U:1016,0,0,0,0,0,0,0,0
I:4b651361f964a520f5e22ae3,U:2217,0,0,0,0,0,0,0,0
I:4b651361f964a520f5e22ae3,U:533,0,0,0,0,0,0,0,0
I:4d87295c40a7a35d82fc41be,U:631,0,0,0,0,1,1,2,2
I:4d87295c40a7a35d82fc41be,U:1240,0,0,0,0,0,0,0,0
I:4d87295c40a7a35d82fc41be,U:556,0,0,0,0,0,0,0,0
I:4b651b5df964a52079e42ae3,U:214,0,0,0,0,0,0,0,0
I:4b651b5df964a52079e42ae3,U:284,0,0,0,0,0,0,0,0
I:4b651b5df964a52079e42ae3,U:339,0,0,0,0,0,0,0,0
I:4b65817ef964a520bdf22ae3,I:4d44f7491ed56dcb0c3bb654,1,1,0,0,0,0,2,2
I:4b65817ef964a520bdf22ae3,U:1676,0,0,0,0,0,0,0,0
I:4b65817ef964a520bdf22ae3,U:1818,0,0,0,0,0,0,0,0
I:4b65817ef964a520bdf22ae3,U:233,1,1,0,0,1,1,5,4
I:4b65817ef964a520bdf22ae3,U:433,0,0,0,0,0,0,0,0
I:4d44f7491ed56dcb0c3bb654,U:233,1,1,0,0,1,1,2,2
I:4d44f7491ed56dcb0c3bb654,I:4bb6ddd61344b71328309e04,0,0,0,0,0,0,0,0
I:4d44f7491ed56dcb0c3bb654,U:1617,0,0,0,0,0,0,0,0
I:4d44f7491ed56dcb0c3bb654,U:631,0,0,0,0,1,1,2,2
U:233,I:4b90ffe3f964a520729e33e3,0,0,1,1,2,1,11,6
I:4b68f365f964a5208a942be3,U:1138,0,0,0,0,0,0,0,0
I:4b68f365f964a5208a942be3,U:731,0,0,0,0,0,0,0,0
I:4b690990f964a52098972be3,I:4b690d8ef964a520ff972be3,2,2,4,2,5,2,10,5
I:4b690990f964a52098972be3,I:4b6bc201f964a5208f172ce3,2,2,4,2,5,2,4,3
I:4b690990f964a52098972be3,I:4b90ffe3f964a520729e33e3,3,2,4,2,4,2,4,4
I:4b690990f964a52098972be3,U:243,0,0,0,0,0,0,0,0
I:4b690990f964a52098972be3,U:59,0,0,0,0,0,0,0,0
I:4b690990f964a52098972be3,U:65,0,0,0,0,0,0,0,0
I:4b690d8ef964a520ff972be3,I:4b6bc201f964a5208f172ce3,2,2,4,2,5,2,4,3
I:4b690d8ef964a520ff972be3,I:4b90ffe3f964a520729e33e3,3,2,4,2,4,2,9,5
I:4b690d8ef964a520ff972be3,U:257,1,1,2,2,4,2,4,3
I:4b690d8ef964a520ff972be3,U:468,0,0,0,0,0,0,0,0
I:4b6bc201f964a5208f172ce3,I:4b90ffe3f964a520729e33e3,3,2,4,2,2,2,4,3
I:4b6bc201f964a5208f172ce3,U:2168,1,1,2,2,4,2,2,2
I:4b90ffe3f964a520729e33e3,U:257,1,1,2,2,4,2,4,3
I:4b90ffe3f964a520729e33e3,U:2168,1,1,2,2,4,2,2,2
I:4b90ffe3f964a520729e33e3,U:508,0,0,0,0,0,0,0,0
I:4b90ffe3f964a520729e33e3,U:524,0,0,0,0,0,0,0,0
I:4b90ffe3f964a520729e33e3,U:621,0,0,0,0,0,0,0,0
I:4b90ffe3f964a520729e33e3,U:814,0,0,0,0,0,0,0,0
U:2238,I:4ba5cae4f964a520962239e3,0,0,2,2,9,5,288,143
I:4b697a2ef964a520d6a32be3,I:4c39bf961e06d13adc0b7a3e,2,2,3,2,4,2,2,1
I:4b697a2ef964a520d6a32be3,I:4e6ae546b0fb8b8a846af7b1,2,2,4,2,4,2,2,1
I:4b697a2ef964a520d6a32be3,U:1267,0,0,0,0,0,0,0,0
I:4b697a2ef964a520d6a32be3,U:1935,0,0,0,0,0,0,0,0
I:4b697a2ef964a520d6a32be3,U:1979,0,0,0,0,0,0,0,0
I:4b697a2ef964a520d6a32be3,U:74,0,0,0,0,0,0,0,0
I:4b697a2ef964a520d6a32be3,U:800,0,0,0,0,0,0,0,0
I:4b697a2ef964a520d6a32be3,U:948,0,0,0,0,0,0,0,0
I:4c39bf961e06d13adc0b7a3e,I:4e6ae546b0fb8b8a846af7b1,2,2,3,2,3,2,3,1
I:4e6ae546b0fb8b8a846af7b1,U:1566,1,1,2,2,3,2,2,1
I:4b6acb5df964a520a0e02be3,I:4c14b3e5a5eb76b0a924c2b7,0,0,0,0,0,0,0,0
I:4b6acb5df964a520a0e02be3,U:2097,0,0,0,0,0,0,0,0
I:4c14b3e5a5eb76b0a924c2b7,U:1273,0,0,0,0,0,0,0,0
I:4c14b3e5a5eb76b0a924c2b7,U:700,0,0,0,0,0,0,0,0
I:4b6c9fc7f964a5206b472ce3,U:1130,0,0,0,0,0,0,0,0
I:4b6c9fc7f964a5206b472ce3,U:1207,0,0,0,0,0,0,0,0
I:4b6c9fc7f964a5206b472ce3,U:1880,0,0,0,0,0,0,0,0
I:4b6c9fc7f964a5206b472ce3,U:1951,0,0,0,0,0,0,0,0
I:4b6c9fc7f964a5206b472ce3,U:2003,0,0,0,0,0,0,0,0
I:4b6c9fc7f964a5206b472ce3,U:267,0,0,0,0,0,0,0,0
I:4b6c9fc7f964a5206b472ce3,U:63,0,0,0,0,10,9,216,196
I:4b6c9fc7f964a5206b472ce3,U:695,0,0,0,0,0,0,0,0
I:4b6c9fc7f964a5206b472ce3,U:698,0,0,0,0,0,0,0,0
I:4b6c9fc7f964a5206b472ce3,U:949,0,0,0,0,0,0,0,0
I:4b6d2fe6f964a520976a2ce3,I:4c3d8a4f15cb1b8d040b7cdc,1,1,0,0,0,0,0,0
I:4b6d2fe6f964a520976a2ce3,I:4d5769a2de8f6dcbcd91fe90,1,1,0,0,0,0,0,0
I:4b6d2fe6f964a520976a2ce3,U:1023,0,0,0,0,0,0,1,1
I:4c3d8a4f15cb1b8d040b7cdc,I:4d5769a2de8f6dcbcd91fe90,1,1,0,0,0,0,0,0
I:4c3d8a4f15cb1b8d040b7cdc,U:1273,0,0,0,0,0,0,0,0
I:4b6f9ee6f964a5202af82ce3,U:1018,0,0,0,0,0,0,0,0
I:4b6f9ee6f964a5202af82ce3,U:1057,0,0,0,0,0,0,0,0
I:4b6f9ee6f964a5202af82ce3,U:108,0,0,0,0,0,0,0,0
I:4b6f9ee6f964a5202af82ce3,U:1121,0,0,0,0,0,0,0,0
I:4b6f9ee6f964a5202af82ce3,U:1174,0,0,0,0,0,0,0,0
I:4b6f9ee6f964a5202af82ce3,U:1239,0,0,0,0,0,0,0,0
I:4b6f9ee6f964a5202af82ce3,U:1290,0,0,0,0,8,6,190,147
I:4b6f9ee6f964a5202af82ce3,U:1308,0,0,0,0,0,0,0,0
I:4b6f9ee6f964a5202af82ce3,U:1360,0,0,0,0,0,0,0,0
I:4b6f9ee6f964a5202af82ce3,U:1457,0,0,0,0,0,0,1,1
I:4b6f9ee6f964a5202af82ce3,U:1498,0,0,0,0,14,12,321,297
I:4b6f9ee6f964a5202af82ce3,U:1511,0,0,0,0,0,0,0,0
I:4b6f9ee6f964a5202af82ce3,U:1517,0,0,0,0,0,0,0,0
I:4b6f9ee6f964a5202af82ce3,U:1681,0,0,0,0,0,0,0,0
I:4b6f9ee6f964a5202af82ce3,U:1764,0,0,0,0,0,0,0,0
I:4b6f9ee6f964a5202af82ce3,U:1898,0,0,1,1,13,12,418,297
I:4b6f9ee6f964a5202af82ce3,U:2240,0,0,0,0,0,0,0,0
I:4b6f9ee6f964a5202af82ce3,U:266,0,0,0,0,0,0,0,0
I:4b6f9ee6f964a5202af82ce3,U:298,0,0,0,0,0,0,0,0
I:4b6f9ee6f964a5202af82ce3,U:333,0,0,0,0,0,0,0,0
I:4b6f9ee6f964a5202af82ce3,U:378,0,0,0,0,0,0,0,0
I:4b6f9ee6f964a5202af82ce3,U:420,0,0,0,0,0,0,0,0
I:4b6f9ee6f964a5202af82ce3,U:558,0,0,0,0,0,0,0,0
I:4b6f9ee6f964a5202af82ce3,U:584,0,0,0,0,0,0,0,0
I:4b6f9ee6f964a5202af82ce3,U:805,0,0,0,0,0,0,0,0
I:4b6f9ee6f964a5202af82ce3,U:954,0,0,0,0,0,0,0,0
I:4b6f9ee6f964a5202af82ce3,U:994,0,0,0,0,0,0,0,0
U:1457,I:4e65a3b9b0fb188e8f0f061f,0,0,0,0,0,0,1,1
I:4b71176af964a5207a392de3,U:1363,0,0,0,0,0,0,0,0
I:4b71176af964a5207a392de3,U:187,0,0,0,0,0,0,0,0
I:4b71176af964a5207a392de3,U:2267,0,0,0,0,0,0,0,0
I:4b71176af964a5207a392de3,U:437,0,0,0,0,0,0,0,0
U:1456,I:4b76624df964a520594a2ee3,1,1,2,2,4,2,38,38
U:1456,I:4ba61ca4f964a5207c3439e3,1,1,2,2,2,2,11,9
I:4b76624df964a520594a2ee3,I:4b95c4c8f964a5209bb234e3,1,1,4,2,4,2,1,1
I:4b76624df964a520594a2ee3,I:4ba61ca4f964a5207c3439e3,3,1,2,2,0,0,3,2
I:4b76624df964a520594a2ee3,U:1196,0,0,0,0,0,0,0,0
I:4b76624df964a520594a2ee3,U:1633,0,0,0,0,0,0,0,0
I:4b76624df964a520594a2ee3,U:2150,1,1,2,2,2,2,0,0
I:4b76624df964a520594a2ee3,U:962,0,0,0,0,0,0,0,0
I:4b95c4c8f964a5209bb234e3,I:4ba61ca4f964a5207c3439e3,3,1,2,2,1,1,3,3
I:4b95c4c8f964a5209bb234e3,U:1538,1,1,2,2,2,2,1,1
I:4ba61ca4f964a5207c3439e3,U:2150,1,1,2,2,2,2,0,0
I:4ba61ca4f964a5207c3439e3,U:1538,1,1,2,2,2,2,1,1
I:4ba61ca4f964a5207c3439e3,U:1486,0,0,0,0,0,0,0,0
I:4ba61ca4f964a5207c3439e3,U:2132,0,0,0,0,0,0,4,4
I:4b77a99ff964a52002a62ee3,I:4c456aeff0bdd13aa2e5cacc,1,1,0,0,1,1,0,0
I:4b77a99ff964a52002a62ee3,U:128,1,1,0,0,0,0,1,1
I:4c456aeff0bdd13aa2e5cacc,U:128,1,1,0,0,0,0,1,1
U:1020,I:4ba5cae4f964a520962239e3,0,0,2,2,4,4,136,109
U:951,I:4be81b324485d13ad40294ee,0,0,1,1,11,9,318,272
I:4b7bc5d9f964a520996d2fe3,I:4c4bff47bad7a5939ee1a0ac,2,1,0,0,1,1,4,4
I:4b7bc5d9f964a520996d2fe3,U:1222,0,0,0,0,0,0,0,0
I:4b7bc5d9f964a520996d2fe3,U:1427,0,0,0,0,0,0,0,0
I:4b7bc5d9f964a520996d2fe3,U:1563,0,0,0,0,4,3,84,57
I:4b7bc5d9f964a520996d2fe3,U:1913,0,0,0,0,0,0,0,0
I:4b7bc5d9f964a520996d2fe3,U:1941,1,1,1,1,0,0,1,1
I:4b7bc5d9f964a520996d2fe3,U:227,0,0,0,0,0,0,0,0
I:4b7bc5d9f964a520996d2fe3,U:293,0,0,0,0,0,0,0,0
I:4b7bc5d9f964a520996d2fe3,U:965,0,0,0,0,0,0,0,0
I:4c4bff47bad7a5939ee1a0ac,U:1941,1,1,1,1,0,0,1,1
I:4c4bff47bad7a5939ee1a0ac,U:767,0,0,0,0,0,0,0,0
I:4b7f9ce7f964a520b33630e3,U:637,0,0,0,0,0,0,0,0
I:4b84bfbdf964a520144331e3,U:1728,0,0,0,0,0,0,0,0
I:4b8a22c0f964a5207b6132e3,U:1530,0,0,0,0,0,0,0,0
I:4ba5cae4f964a520962239e3,U:1153,0,0,0,0,0,0,0,0
I:4ba5cae4f964a520962239e3,U:1327,0,0,0,0,0,0,0,0
I:4ba5cae4f964a520962239e3,U:2254,0,0,0,0,0,0,0,0
I:4ba5cae4f964a520962239e3,U:997,0,0,0,0,6,5,132,110
I:4bb6ddd61344b71328309e04,I:4c52e2429426c9286b97ee75,2,1,0,0,0,0,0,0
I:4bb6ddd61344b71328309e04,I:4ca927a744a8224b65201f40,1,1,1,1,0,0,0,0
I:4bb6ddd61344b71328309e04,U:1756,0,0,0,0,0,0,0,0
I:4c52e2429426c9286b97ee75,I:4ca927a744a8224b65201f40,1,1,1,1,0,0,0,0
I:4ca927a744a8224b65201f40,U:1960,0,0,0,0,0,0,0,0
I:4bd3d1909854d13a65bffe4d,U:380,0,0,0,0,0,0,0,0
I:4be81b324485d13ad40294ee,U:1371,0,0,0,0,0,0,0,0
I:4be81b324485d13ad40294ee,U:1415,0,0,0,0,0,0,0,0
I:4be81b324485d13ad40294ee,U:1496,0,0,0,0,0,0,0,0
I:4be81b324485d13ad40294ee,U:1638,0,0,0,0,0,0,0,0
U:1638,I:4cf587a4eb096ea83378c048,0,0,0,0,0,0,0,0
I:4cf587a4eb096ea83378c048,U:210,0,0,0,0,0,0,0,0
I:4db0871dfc60cfe27fb3eaad,I:4e65a3b9b0fb188e8f0f061f,1,1,0,0,0,0,0,0
I:4dc5dfb4d164eb9c9ffb73ec,U:618,0,0,0,0,0,0,0,0
