user_id,item_id,rating,timestamp,support_c3,support_c4,support_c5,support_c6,tau_c3,tau_c4,tau_c5,tau_c6
10,4b5c0fe0f964a520d62229e3,1.0,1353656185,0,0,0,0,0,0,0,0
1000,4b5bb41df964a520111129e3,1.0,1341556042,0,0,13,228,0,0,13,227
1000,4f1548d7e4b03856f421df5e,1.0,1347689215,0,0,13,228,0,0,13,227
1001,4b5aa58bf964a52048cf28e3,1.0,1353737579,0,0,0,0,0,0,0,0
1004,4b5be59df964a520331c29e3,1.0,1335937571,0,0,5,65,0,0,5,48
1004,4b5c0fe0f964a520d62229e3,1.0,1341818702,2,39,438,5609,2,28,381,4659
1004,4b6929aaf964a520ad9a2be3,1.0,1338112201,2,37,419,5356,2,28,381,4659
1004,4bd0416e9854d13a5252f74d,1.0,1334832363,2,36,420,5322,2,28,381,4659
1005,4b35706ff964a5202b2d25e3,1.0,1333865535,1,32,334,6051,1,18,194,2564
1005,4b35a0aaf964a5204a2e25e3,1.0,1338858881,5,111,1648,27123,5,80,1200,16800
1005,4b52730af964a520da7d27e3,1.0,1342151397,1,22,279,4330,1,18,194,2564
1005,4b59f1ecf964a520d0a228e3,1.0,1341999145,0,1,10,230,0,1,8,213
1005,4b5aa058f964a52068ce28e3,1.0,1333868350,2,87,1384,30682,2,53,999,20396
1005,4b5bad9cf964a520820f29e3,1.0,1339154125,5,104,1603,25896,5,80,1200,16800
1005,4b5bb41df964a520111129e3,1.0,1340780209,5,123,1694,28217,5,80,1200,16800
1005,4b5beeb7f964a520d61d29e3,1.0,1338797539,5,117,1626,26781,5,80,1200,16800
1005,4b5c0fe0f964a520d62229e3,1.0,1342008062,0,45,321,8258,0,13,120,2564
1005,4b6a851bf964a52093d72be3,1.0,1342071459,5,118,1645,27210,5,80,1200,16800
1005,4b7af3d1f964a520e3472fe3,1.0,1341557179,2,98,1406,31537,2,53,999,20396
1005,4b7e29e5f964a520ebe42fe3,1.0,1342148565,2,76,1308,29399,2,53,999,20396
1005,4e910f436d8615aa713956d3,1.0,1341387684,5,96,1608,25748,5,80,1200,16800
1006,4b5c0be8f964a520562229e3,1.0,1341119196,0,3,14,389,0,3,7,234
1006,4b5c0fe0f964a520d62229e3,1.0,1338692797,1,24,226,3119,1,20,212,2641
1006,4b5e654bf964a520fa8c29e3,1.0,1353225553,0,1,8,199,0,1,5,150
1006,4b6929aaf964a520ad9a2be3,1.0,1338700281,1,20,226,3031,1,20,212,2641
1008,4b35706ff964a5202b2d25e3,1.0,1335171320,0,4,28,743,0,4,27,696
1008,4b7af3d1f964a520e3472fe3,1.0,1352283463,0,4,28,743,0,4,27,696
101,4b35706ff964a5202b2d25e3,1.0,1336729929,1,13,169,1916,1,13,166,1818
101,4bc04e402a89ef3bd45cf088,1.0,1336730680,1,13,169,1916,1,13,166,1818
1013,4bc04e402a89ef3bd45cf088,1.0,1339583908,0,0,0,0,0,0,0,0
1016,4b651361f964a520f5e22ae3,1.0,1338007967,0,0,0,0,0,0,0,0
1018,4b6f9ee6f964a5202af82ce3,1.0,1333520735,0,0,0,0,0,0,0,0
102,4b5beeb7f964a520d61d29e3,1.0,1335682801,0,0,0,0,0,0,0,0
1020,4b7af3d1f964a520e3472fe3,1.0,1344835174,0,2,4,136,0,2,4,109
1020,4ba5cae4f964a520962239e3,1.0,1353726380,0,2,4,136,0,2,4,109
1021,4b63eb4ff964a52015972ae3,1.0,1337153514,2,47,1030,21325,2,46,993,20337
1021,4b7af3d1f964a520e3472fe3,1.0,1337068389,2,52,1076,22415,2,46,993,20337
1021,4d526ef4e02754816d6eb4b6,1.0,1333524358,2,49,1042,21762,2,46,993,20337
1023,4b6d2fe6f964a520976a2ce3,1.0,1341730354,0,0,0,1,0,0,0,1
1023,4b91b2e9f964a520c9d033e3,1.0,1338100422,0,0,0,1,0,0,0,1
1024,4b5bb41df964a520111129e3,1.0,1351747047,0,0,0,0,0,0,0,0
1028,4b5a9de1f964a520edcd28e3,1.0,1334043826,0,1,4,104,0,1,3,71
1028,4b5bfd03f964a520462029e3,1.0,1334458424,0,0,43,1004,0,0,36,938
1028,4b5c0fe0f964a520d62229e3,1.0,1339393058,0,1,45,1046,0,1,36,938
1029,4dd3951cd22dc96be80944d4,1.0,1353133806,0,0,0,0,0,0,0,0
1034,4b5be59df964a520331c29e3,1.0,1335936884,0,0,0,0,0,0,0,0
1036,4b5bb41df964a520111129e3,1.0,1347702470,0,0,0,0,0,0,0,0
1040,4b6a851bf964a52093d72be3,1.0,1337063621,0,0,0,0,0,0,0,0
1042,4b582d82f964a520084d28e3,1.0,1336987521,1,20,306,4736,1,20,297,4488
1042,4b5bb41df964a520111129e3,1.0,1344821317,1,20,306,4736,1,20,297,4488
1044,4b35a0aaf964a5204a2e25e3,1.0,1336209450,0,0,0,0,0,0,0,0
1045,4b5ad3dbf964a52065d628e3,1.0,1333855016,2,28,381,4779,2,28,374,4598
1045,4bc010634cdfc9b6eb789221,1.0,1334210130,2,28,382,4796,2,28,374,4598
1045,4bd0416e9854d13a5252f74d,1.0,1349686246,2,28,393,4921,2,28,374,4598
1046,4b7af3d1f964a520e3472fe3,1.0,1342342888,0,0,0,0,0,0,0,0
1049,4b0587b8f964a52012a122e3,1.0,1337164428,0,0,0,0,0,0,0,0
1052,4b5ad6e3f964a520ecd628e3,1.0,1353047151,0,0,0,0,0,0,0,0
1052,4b5be779f964a520981c29e3,1.0,1344921202,0,0,0,0,0,0,0,0
1057,4b6f9ee6f964a5202af82ce3,1.0,1344509146,0,0,0,0,0,0,0,0
1058,4dd3951cd22dc96be80944d4,1.0,1342159369,0,0,0,0,0,0,0,0
106,4b5d6871f964a5201d5c29e3,1.0,1352191089,0,0,17,228,0,0,16,216
106,4b7af3d1f964a520e3472fe3,1.0,1341400097,1,33,559,11760,1,33,539,11091
106,4b7e29e5f964a520ebe42fe3,1.0,1335065109,1,33,558,11756,1,33,539,11091
1061,4b5542c8f964a52027e027e3,1.0,1338098747,0,0,0,0,0,0,0,0
1066,4d526ef4e02754816d6eb4b6,1.0,1350898082,0,0,0,0,0,0,0,0
107,4b5c0fe0f964a520d62229e3,1.0,1352713493,0,2,41,1049,0,2,36,993
107,4b62da14f964a5208c552ae3,1.0,1334324447,0,2,41,1049,0,2,36,993
1075,4b5855d5f964a5204b5328e3,1.0,1350389679,0,3,8,258,0,1,6,142
1075,4b5bb41df964a520111129e3,1.0,1339634211,0,10,57,1647,0,7,38,1084
1075,4b5c0be8f964a520562229e3,1.0,1341388581,0,5,37,981,0,3,28,523
1075,4b7af3d1f964a520e3472fe3,1.0,1341722810,0,10,68,2028,0,7,38,1084
1076,4b52730af964a520da7d27e3,1.0,1352620839,0,0,0,0,0,0,0,0
1077,4b5bad9cf964a520820f29e3,1.0,1344151752,0,3,35,806,0,3,31,697
1077,4b5c0fe0f964a520d62229e3,1.0,1343632804,0,3,35,806,0,3,31,697
1078,4b5aa58bf964a52048cf28e3,1.0,1342432391,0,0,0,0,0,0,0,0
108,4b6f9ee6f964a5202af82ce3,1.0,1340272251,0,0,0,0,0,0,0,0
1084,4b5c0fe0f964a520d62229e3,1.0,1336119858,0,0,0,0,0,0,0,0
1086,4b63f798f964a52028992ae3,1.0,1336812917,0,1,3,29,0,1,1,24
1086,4b651361f964a520f5e22ae3,1.0,1342424508,1,1,0,0,1,1,0,0
1086,4b67d1a8f964a520795e2be3,1.0,1335073519,1,1,2,26,1,1,1,18
1086,4b68ee86f964a520c4932be3,1.0,1338007964,0,0,1,2,0,0,1,2
1086,4b68f365f964a5208a942be3,1.0,1353215917,0,0,2,40,0,0,1,24
1086,4b690d8ef964a520ff972be3,1.0,1352599387,0,1,2,10,0,1,1,4
1086,4d87295c40a7a35d82fc41be,1.0,1334140046,2,0,0,3,1,0,0,2
1087,4d526ef4e02754816d6eb4b6,1.0,1333864149,0,0,0,0,0,0,0,0
1098,4b5aa058f964a52068ce28e3,1.0,1339061347,0,0,0,0,0,0,0,0
110,4b5e654bf964a520fa8c29e3,1.0,1351331889,0,0,0,0,0,0,0,0
1102,4b5542c8f964a52027e027e3,1.0,1339404747,0,2,44,1285,0,2,38,1101
1102,4b582d82f964a520084d28e3,1.0,1347536338,1,19,313,5120,1,18,287,4397
1102,4b5bad9cf964a520820f29e3,1.0,1350031151,1,19,313,5165,1,18,287,4397
1106,4b5be175f964a5206c1b29e3,1.0,1336810552,0,0,4,77,0,0,3,77
1106,4b7520b8f964a520b6fe2de3,1.0,1339497442,0,0,4,77,0,0,3,77
1112,4b7af3d1f964a520e3472fe3,1.0,1339050084,0,0,0,0,0,0,0,0
1113,4b5e9e59f964a5201c9429e3,1.0,1353580126,0,0,4,78,0,0,4,78
1113,4b6a851bf964a52093d72be3,1.0,1351155113,0,0,4,78,0,0,4,78
1120,4b0587b8f964a52012a122e3,1.0,1333513650,2,35,593,9147,2,34,555,8245
1120,4b5bb41df964a520111129e3,1.0,1334132024,2,41,615,9608,2,34,555,8245
1120,4b68f365f964a5208a942be3,1.0,1350982368,0,1,9,270,0,1,6,185
1120,4b6a851bf964a52093d72be3,1.0,1353118937,2,39,605,9475,2,34,555,8245
1121,4b6f9ee6f964a5202af82ce3,1.0,1334048696,0,0,0,0,0,0,0,0
1127,4b5abaa5f964a52056d228e3,1.0,1347528866,0,0,0,0,0,0,0,0
1128,4b63ca9ef964a520c5912ae3,1.0,1333584911,0,0,0,0,0,0,0,0
113,4b35706ff964a5202b2d25e3,1.0,1340274743,2,31,323,3683,2,25,295,3208
113,4b526ce7f964a520a67c27e3,1.0,1334570007,2,27,323,3664,2,25,295,3208
113,4b52730af964a520da7d27e3,1.0,1344246114,2,27,310,3520,2,25,295,3208
113,4b6f9ee6f964a5202af82ce3,1.0,1345455976,0,1,8,177,0,1,5,127
1130,4b6c9fc7f964a5206b472ce3,1.0,1335589209,0,0,0,0,0,0,0,0
1131,4b7af3d1f964a520e3472fe3,1.0,1337394204,0,0,0,0,0,0,0,0
1134,4b5aa58bf964a52048cf28e3,1.0,1350111700,1,25,229,3132,1,24,212,2641
1134,4b5beeb7f964a520d61d29e3,1.0,1353217297,0,6,43,1134,0,5,35,876
1134,4b5c0fe0f964a520d62229e3,1.0,1350116117,1,29,246,3550,1,24,212,2641
1135,4b5beeb7f964a520d61d29e3,1.0,1334461500,0,0,0,0,0,0,0,0
1138,4b68f365f964a5208a942be3,1.0,1344680297,0,0,0,0,0,0,0,0
1143,4b0587b8f964a52012a122e3,1.0,1344937341,0,2,32,647,0,2,31,625
1143,4b5c0fe0f964a520d62229e3,1.0,1335598558,0,2,32,647,0,2,31,625
1144,4b582d82f964a520084d28e3,1.0,1339324296,1,18,291,4477,1,18,285,4370
1144,4b8e297bf964a520ff1933e3,1.0,1336907453,0,0,0,10,0,0,0,10
1144,4e910f436d8615aa713956d3,1.0,1353227575,1,18,291,4477,1,18,285,4370
1147,4b5c0be8f964a520562229e3,1.0,1336799488,1,8,42,331,1,7,39,200
1147,4b6170d8f964a520a7132ae3,1.0,1335598672,0,2,7,211,0,2,7,200
1147,4d577b04e319a1cdeb420534,1.0,1336799350,1,8,43,316,1,7,39,200
1149,4b7af3d1f964a520e3472fe3,1.0,1352194895,0,0,0,0,0,0,0,0
115,4b5a9de1f964a520edcd28e3,1.0,1336540846,1,5,7,55,1,4,4,48
115,4b875774f964a52040bc31e3,1.0,1334581382,1,5,7,57,1,4,4,48
115,4e4cfe4718388d49816f02a9,1.0,1353470116,1,12,158,1781,1,12,153,1702
115,4f7f9ceae4b023c637e055ec,1.0,1351054399,1,14,158,1775,1,12,153,1702
1152,4b0587b8f964a52012a122e3,1.0,1351158262,3,54,863,13198,3,50,778,11361
1152,4b5bb41df964a520111129e3,1.0,1350988617,3,59,917,14105,3,50,778,11361
1152,4b7520b8f964a520b6fe2de3,1.0,1338699645,3,57,873,13347,3,50,778,11361
1152,4dd3951cd22dc96be80944d4,1.0,1338700594,3,62,897,13750,3,50,778,11361
1153,4ba5cae4f964a520962239e3,1.0,1351847675,0,0,0,0,0,0,0,0
1155,4b88c6bbf964a520000d32e3,1.0,1353488472,0,0,0,0,0,0,0,0
1158,4b5bad9cf964a520820f29e3,1.0,1353898316,0,0,0,0,0,0,0,0
1159,4b35a0aaf964a5204a2e25e3,1.0,1334287439,1,21,345,5954,1,18,289,4404
1159,4b6154f1f964a52056102ae3,1.0,1336895544,1,18,339,5522,1,18,289,4404
1159,4b6c9fc7f964a5206b472ce3,1.0,1335592207,0,1,22,548,0,1,14,365
1159,4b7af3d1f964a520e3472fe3,1.0,1343543186,0,4,90,2400,0,3,67,1704
116,4b58051ef964a520c54828e3,1.0,1337246715,1,2,1,24,1,2,1,19
116,4b651b5df964a52079e42ae3,1.0,1341628646,0,0,0,31,0,0,0,19
116,4b67d1a8f964a520795e2be3,1.0,1343546597,1,2,1,21,1,2,1,19
1160,4b5a9d21f964a520c6cd28e3,1.0,1353927542,0,0,3,74,0,0,3,72
1160,4b7520b8f964a520b6fe2de3,1.0,1351324563,0,0,3,74,0,0,3,72
1162,4b5a9de1f964a520edcd28e3,1.0,1350109316,2,5,5,10,2,4,3,7
1162,4b5ad6e3f964a520ecd628e3,1.0,1342248670,0,0,0,2,0,0,0,2
1162,4b875774f964a52040bc31e3,1.0,1335576914,2,6,4,8,2,4,3,7
1162,4bb31756715eef3b15ee85bb,1.0,1335579230,0,0,0,0,0,0,0,0
1162,4bd91f570115c9b63b8b7680,1.0,1333511595,2,3,7,8,2,2,3,7
1165,4b49a6bef964a5202b7226e3,1.0,1339909075,0,0,0,0,0,0,0,0
1167,4b5aa58bf964a52048cf28e3,1.0,1353652668,0,0,0,0,0,0,0,0
1168,4b5542c8f964a52027e027e3,1.0,1342258512,3,83,1618,34077,3,67,1429,28953
1168,4b5c0fe0f964a520d62229e3,1.0,1353227084,0,18,149,4350,0,11,78,2126
1168,4b7af3d1f964a520e3472fe3,1.0,1342257793,3,94,1664,35351,3,67,1429,28953
1168,4b7e29e5f964a520ebe42fe3,1.0,1342258432,3,88,1623,34339,3,67,1429,28953
1168,4b88c6bbf964a520000d32e3,1.0,1342256800,3,72,1590,33091,3,67,1429,28953
1168,4b95c4c8f964a5209bb234e3,1.0,1353749162,1,3,5,88,1,2,3,88
1168,4ba61ca4f964a5207c3439e3,1.0,1337418906,1,2,3,26,1,2,2,9
1170,4b35a0aaf964a5204a2e25e3,1.0,1350895358,1,22,302,4717,1,22,296,4488
1170,4b6a851bf964a52093d72be3,1.0,1350897688,1,22,302,4717,1,22,296,4488
1173,4b5c0be8f964a520562229e3,1.0,1351052219,0,0,0,0,0,0,0,0
1174,4b6f9ee6f964a5202af82ce3,1.0,1347691994,0,0,0,0,0,0,0,0
1176,4b5a9de1f964a520edcd28e3,1.0,1334218530,0,0,3,73,0,0,3,71
1176,4b5aa58bf964a52048cf28e3,1.0,1336884566,0,0,3,73,0,0,3,71
1178,4b5c0fe0f964a520d62229e3,1.0,1339645642,0,0,0,0,0,0,0,0
1186,4b52730af964a520da7d27e3,1.0,1345439576,0,1,1,7,0,1,1,5
1186,4b600f20f964a52087d429e3,1.0,1344821083,1,2,0,5,1,1,0,5
1186,4b7a66d4f964a520dd2b2fe3,1.0,1345273472,1,1,1,2,1,1,1,1
1187,4b35a0aaf964a5204a2e25e3,1.0,1335175671,1,21,297,4648,1,21,293,4455
1187,4b5beeb7f964a520d61d29e3,1.0,1339911924,1,21,297,4648,1,21,293,4455
1192,4b5bfab8f964a520e91f29e3,1.0,1351407820,0,0,0,0,0,0,0,0
1194,4b88c6bbf964a520000d32e3,1.0,1351092735,0,0,0,0,0,0,0,0
1195,4b6170d8f964a520a7132ae3,1.0,1351771731,0,0,0,0,0,0,0,0
1196,4b76624df964a520594a2ee3,1.0,1335942134,0,0,0,0,0,0,0,0
120,4b0587b8f964a52012a122e3,1.0,1342254710,0,0,0,0,0,0,0,0
1200,4b58051ef964a520c54828e3,1.0,1351841501,0,0,0,0,0,0,0,0
1203,4b526ce7f964a520a67c27e3,1.0,1337674351,0,0,1,34,0,0,1,34
1203,4ecf58f061af476c0748a1c2,1.0,1335235921,0,0,1,34,0,0,1,34
1204,4b5aa67af964a52072cf28e3,1.0,1339584935,0,1,1,6,0,1,1,5
1204,4b651198f964a5208ee22ae3,1.0,1338714044,0,1,1,6,0,1,1,5
1205,4b62da14f964a5208c552ae3,1.0,1333870154,0,0,10,375,0,0,10,375
1205,4b7520b8f964a520b6fe2de3,1.0,1341726766,0,0,10,375,0,0,10,375
1207,4b6c9fc7f964a5206b472ce3,1.0,1334973551,0,0,0,0,0,0,0,0
1209,4b6929aaf964a520ad9a2be3,1.0,1341558457,0,0,0,0,0,0,0,0
1211,4b5c0fe0f964a520d62229e3,1.0,1333866935,0,0,0,0,0,0,0,0
1216,4b5c0fe0f964a520d62229e3,1.0,1334994325,0,0,0,0,0,0,0,0
122,4b63ca9ef964a520c5912ae3,1.0,1336788953,0,0,0,0,0,0,0,0
1220,4b5c0fe0f964a520d62229e3,1.0,1336548052,0,0,8,119,0,0,7,100
1220,4c1b527463750f475aa2b467,1.0,1335677260,0,0,8,119,0,0,7,100
1221,4b5aa058f964a52068ce28e3,1.0,1341994783,3,80,1576,32952,3,67,1426,28953
1221,4b63eb4ff964a52015972ae3,1.0,1343632144,3,71,1526,31582,3,67,1426,28953
1221,4b7af3d1f964a520e3472fe3,1.0,1341999280,3,82,1616,33726,3,67,1426,28953
1221,4bd962602e6f0f4780610a08,1.0,1340005838,3,71,1538,31906,3,67,1426,28953
1222,4b7bc5d9f964a520996d2fe3,1.0,1339312245,0,0,0,0,0,0,0,0
1226,4b5bad9cf964a520820f29e3,1.0,1336210876,0,0,0,5,0,0,0,3
1226,4b697a2ef964a520d6a32be3,1.0,1335073442,0,0,0,5,0,0,0,3
1229,4b5c0fe0f964a520d62229e3,1.0,1344162531,0,5,40,1216,0,5,36,998
1229,4b7e29e5f964a520ebe42fe3,1.0,1344251684,0,5,40,1216,0,5,36,998
1234,4b5855d5f964a5204b5328e3,1.0,1339231478,0,0,0,0,0,0,0,0
1237,4b5aa58bf964a52048cf28e3,1.0,1342341051,0,0,19,581,0,0,18,519
1237,4b7af3d1f964a520e3472fe3,1.0,1336187619,0,0,19,581,0,0,18,519
1239,4b6f9ee6f964a5202af82ce3,1.0,1341807608,0,0,0,0,0,0,0,0
1240,4d87295c40a7a35d82fc41be,1.0,1335399540,0,0,0,0,0,0,0,0
1244,4b5d6871f964a5201d5c29e3,1.0,1350004602,0,0,5,139,0,0,5,137
1244,4b6154f1f964a52056102ae3,1.0,1337220332,0,0,5,139,0,0,5,137
1246,4b526ce7f964a520a67c27e3,1.0,1334987667,0,0,0,0,0,0,0,0
1248,4b5a9d21f964a520c6cd28e3,1.0,1335679301,0,0,8,277,0,0,8,262
1248,4b7e29e5f964a520ebe42fe3,1.0,1351760103,0,0,8,277,0,0,8,262
1249,4c09d81c6071a593e6bade32,1.0,1338016203,0,0,0,0,0,0,0,0
1250,4b5c0fe0f964a520d62229e3,1.0,1335601838,0,4,18,452,0,4,17,389
1250,4b6170d8f964a520a7132ae3,1.0,1336206355,0,4,18,452,0,4,17,389
1251,4b58051ef964a520c54828e3,1.0,1344157239,1,1,2,0,1,1,1,0
1251,4d03226d26adb1f71bbcca70,1.0,1341471250,1,1,2,0,1,1,1,0
1254,4b5e654bf964a520fa8c29e3,1.0,1338014979,0,0,0,0,0,0,0,0
1256,4b58051ef964a520c54828e3,1.0,1344686989,0,0,0,0,0,0,0,0
1258,4b5855d5f964a5204b5328e3,1.0,1338111590,0,0,0,0,0,0,0,0
1260,4b526ce7f964a520a67c27e3,1.0,1336797544,0,3,8,175,0,3,6,129
1260,4b5aa58bf964a52048cf28e3,1.0,1352600060,0,3,10,220,0,3,6,129
1260,4b63f798f964a52028992ae3,1.0,1336196169,0,0,6,135,0,0,4,103
1267,4b697a2ef964a520d6a32be3,1.0,1343130977,0,0,0,0,0,0,0,0
1269,4b62da14f964a5208c552ae3,1.0,1338118736,0,0,0,0,0,0,0,0
1272,4b5bfab8f964a520e91f29e3,1.0,1340265852,0,0,0,0,0,0,0,0
1273,4c14b3e5a5eb76b0a924c2b7,1.0,1341532547,0,0,0,0,0,0,0,0
1273,4c3d8a4f15cb1b8d040b7cdc,1.0,1333541040,0,0,0,0,0,0,0,0
1276,4b651198f964a5208ee22ae3,1.0,1350110906,0,0,0,0,0,0,0,0
1277,4b7e29e5f964a520ebe42fe3,1.0,1351848728,0,0,0,0,0,0,0,0
1278,4b6170d8f964a520a7132ae3,1.0,1339311542,0,0,0,0,0,0,0,0
128,4b77a99ff964a52002a62ee3,1.0,1334136189,1,0,0,1,1,0,0,1
128,4c456aeff0bdd13aa2e5cacc,1.0,1334135798,1,0,0,1,1,0,0,1
1290,4b6f9ee6f964a5202af82ce3,1.0,1336879872,0,0,8,190,0,0,6,147
1290,4b7520b8f964a520b6fe2de3,1.0,1337939344,1,21,301,4627,1,21,291,4408
1290,4dd3951cd22dc96be80944d4,1.0,1337939524,1,21,301,4649,1,21,291,4408
1293,4b6929aaf964a520ad9a2be3,1.0,1341654843,0,0,12,343,0,0,12,336
1293,4bd962602e6f0f4780610a08,1.0,1341648700,0,0,12,343,0,0,12,336
1296,4b6a851bf964a52093d72be3,1.0,1343120240,0,13,127,3453,0,11,81,2262
1296,4b7af3d1f964a520e3472fe3,1.0,1336103360,2,67,1147,24514,2,46,999,20396
1296,4b7e29e5f964a520ebe42fe3,1.0,1339229529,2,60,1123,23921,2,46,999,20396
1296,4d526ef4e02754816d6eb4b6,1.0,1336103367,2,53,1113,23580,2,46,999,20396
1296,4d577b04e319a1cdeb420534,1.0,1339069798,0,5,48,1040,0,4,34,464
1299,4b582d82f964a520084d28e3,1.0,1338547162,1,20,306,4736,1,20,297,4488
1299,4b5bb41df964a520111129e3,1.0,1350900725,1,20,306,4736,1,20,297,4488
13,4b5bfd03f964a520462029e3,1.0,1334904971,0,0,0,0,0,0,0,0
1301,4c1b527463750f475aa2b467,1.0,1334134269,0,0,0,0,0,0,0,0
1302,4b7af3d1f964a520e3472fe3,1.0,1333868305,0,0,0,0,0,0,0,0
1304,4b5aa058f964a52068ce28e3,1.0,1342180404,2,65,1099,23275,2,53,999,20396
1304,4b5bf603f964a520171f29e3,1.0,1334299566,2,8,15,130,2,5,5,69
1304,4b651198f964a5208ee22ae3,1.0,1334293341,2,12,27,552,2,5,10,282
1304,4b71176af964a5207a392de3,1.0,1333852459,0,2,16,428,0,2,16,423
1304,4b7af3d1f964a520e3472fe3,1.0,1341223709,2,69,1113,23627,2,53,999,20396
1304,4b7e29e5f964a520ebe42fe3,1.0,1337092731,2,64,1098,23218,2,53,999,20396
1304,4cce8b9e2dc437044415d508,1.0,1340048323,2,4,18,44,2,4,5,17
1305,4bd0416e9854d13a5252f74d,1.0,1351317184,0,0,0,0,0,0,0,0
1308,4b6f9ee6f964a5202af82ce3,1.0,1335418075,0,0,0,0,0,0,0,0
1309,4b63eb4ff964a52015972ae3,1.0,1342409215,0,0,0,0,0,0,0,0
1312,4b35a0aaf964a5204a2e25e3,1.0,1352616678,0,0,0,0,0,0,0,0
1313,4b6036e1f964a5204dda29e3,1.0,1349689861,0,0,0,0,0,0,0,0
1317,4b600f20f964a52087d429e3,1.0,1335938994,0,0,1,4,0,0,1,3
1317,4b90ffe3f964a520729e33e3,1.0,1343635051,0,0,1,4,0,0,1,3
1318,4b5aa67af964a52072cf28e3,1.0,1333861619,0,1,2,8,0,1,1,5
1318,4b5bf603f964a520171f29e3,1.0,1333527646,1,5,7,18,1,5,5,9
1318,4b651198f964a5208ee22ae3,1.0,1335429059,1,6,5,12,1,5,5,9
1321,4b7af3d1f964a520e3472fe3,1.0,1335263423,0,0,0,0,0,0,0,0
1322,4b5beeb7f964a520d61d29e3,1.0,1335072972,0,0,0,0,0,0,0,0
1325,4b5aa5eff964a5205ccf28e3,1.0,1333887610,0,0,0,0,0,0,0,0
1327,4ba5cae4f964a520962239e3,1.0,1334993390,0,0,0,0,0,0,0,0
133,4b5542c8f964a52027e027e3,1.0,1336800986,0,0,0,0,0,0,0,0
1331,4b5e654bf964a520fa8c29e3,1.0,1341724249,0,0,0,0,0,0,0,0
1335,4bc04e402a89ef3bd45cf088,1.0,1352613282,0,0,0,0,0,0,0,0
1339,4b35a0aaf964a5204a2e25e3,1.0,1351404429,0,0,1,45,0,0,1,43
1339,4ba5cae4f964a520962239e3,1.0,1333621120,0,0,1,45,0,0,1,43
1341,4b63ca9ef964a520c5912ae3,1.0,1335594863,1,27,551,11555,1,27,539,11091
1341,4b7af3d1f964a520e3472fe3,1.0,1353736523,1,27,551,11555,1,27,539,11091
1347,4b526ce7f964a520a67c27e3,1.0,1345278845,0,0,0,0,0,0,0,0
1348,4b526ce7f964a520a67c27e3,1.0,1350038002,0,0,0,0,0,0,0,0
1349,4b6a851bf964a52093d72be3,1.0,1334792045,0,0,0,0,0,0,0,0
1350,4b651198f964a5208ee22ae3,1.0,1339054797,0,1,3,8,0,1,3,8
1350,4d8575a9509137043cbd975b,1.0,1339491343,0,1,3,8,0,1,3,8
1352,4b5542c8f964a52027e027e3,1.0,1336734694,0,0,0,0,0,0,0,0
1356,4b63ca9ef964a520c5912ae3,1.0,1336899232,0,0,0,0,0,0,0,0
1357,4b58051ef964a520c54828e3,1.0,1339296519,0,0,4,75,0,0,3,39
1357,4b6036e1f964a5204dda29e3,1.0,1334032415,1,13,162,1804,1,13,159,1755
1357,4f7f9ceae4b023c637e055ec,1.0,1339562720,1,13,162,1819,1,13,159,1755
1358,4b582d82f964a520084d28e3,1.0,1334996594,0,0,0,0,0,0,0,0
136,4b52730af964a520da7d27e3,1.0,1351857627,0,3,25,514,0,3,19,389
136,4b5aa58bf964a52048cf28e3,1.0,1334052572,1,24,225,2981,1,24,212,2641
136,4b5c0fe0f964a520d62229e3,1.0,1334913985,1,27,232,3087,1,24,212,2641
1360,4b6f9ee6f964a5202af82ce3,1.0,1336197134,0,0,0,0,0,0,0,0
1363,4b71176af964a5207a392de3,1.0,1350121187,0,0,0,0,0,0,0,0
1366,4b651198f964a5208ee22ae3,1.0,1345445298,0,0,0,0,0,0,0,0
1367,4b5aa058f964a52068ce28e3,1.0,1344593344,0,4,39,1278,0,4,36,1021
1367,4b5c0fe0f964a520d62229e3,1.0,1335579179,0,4,39,1278,0,4,36,1021
137,4b5855d5f964a5204b5328e3,1.0,1351855455,1,6,10,24,1,6,10,23
137,4b68dccdf964a520a0902be3,1.0,1351322223,1,6,10,24,1,6,10,23
1371,4be81b324485d13ad40294ee,1.0,1339927008,0,0,0,0,0,0,0,0
1378,4b6a851bf964a52093d72be3,1.0,1347699807,0,0,0,0,0,0,0,0
1379,4b739b04f964a520b7b52de3,1.0,1335270549,0,0,0,0,0,0,0,0
138,4b58051ef964a520c54828e3,1.0,1341485212,0,0,0,0,0,0,0,0
1384,4b5aa058f964a52068ce28e3,1.0,1336727032,0,0,0,0,0,0,0,0
1386,4b7af3d1f964a520e3472fe3,1.0,1338348338,0,0,0,0,0,0,0,0
1387,4b600f20f964a52087d429e3,1.0,1334994193,0,0,0,0,0,0,0,0
1389,4b0587b8f964a52012a122e3,1.0,1344677713,0,0,0,0,0,0,0,0
139,4b526ce7f964a520a67c27e3,1.0,1342413571,0,0,0,0,0,0,0,0
1390,4b5a9d21f964a520c6cd28e3,1.0,1337417203,1,4,19,448,1,2,9,301
1390,4b5aa058f964a52068ce28e3,1.0,1341638016,1,33,563,12044,1,33,539,11091
1390,4b5be59df964a520331c29e3,1.0,1336878888,1,3,11,148,1,2,6,87
1390,4b7af3d1f964a520e3472fe3,1.0,1341636268,1,36,563,11994,1,33,539,11091
1392,4b582d82f964a520084d28e3,1.0,1351410806,0,0,0,0,0,0,0,0
1396,4b6a851bf964a52093d72be3,1.0,1339317243,0,0,0,0,0,0,0,0
1397,4b5e9e59f964a5201c9429e3,1.0,1351144471,0,0,0,0,0,0,0,0
1399,4b58051ef964a520c54828e3,1.0,1334286809,0,1,2,59,0,1,2,58
1399,4b5aa58bf964a52048cf28e3,1.0,1336195562,0,1,2,59,0,1,2,58
1400,4b58051ef964a520c54828e3,1.0,1334492124,0,0,0,0,0,0,0,0
1402,4b5aa058f964a52068ce28e3,1.0,1352458428,0,4,39,1278,0,4,36,1021
1402,4b5c0fe0f964a520d62229e3,1.0,1344587922,0,4,39,1278,0,4,36,1021
1403,4b5bad9cf964a520820f29e3,1.0,1347697320,1,24,303,4715,1,24,297,4488
1403,4b5bb41df964a520111129e3,1.0,1338087266,1,24,303,4715,1,24,297,4488
1405,4b5c0be8f964a520562229e3,1.0,1336809432,0,0,0,0,0,0,0,0
1406,4b63f798f964a52028992ae3,1.0,1335081737,0,0,0,0,0,0,0,0
1407,4b600f20f964a52087d429e3,1.0,1353148145,0,0,0,0,0,0,0,0
141,4b6170d8f964a520a7132ae3,1.0,1341649791,1,19,187,2479,1,13,164,1794
141,4b67d1a8f964a520795e2be3,1.0,1339377086,0,2,10,230,0,2,8,200
141,4b7af3d1f964a520e3472fe3,1.0,1333526396,0,6,47,1098,0,5,35,777
141,4d148b7c6d1037040f3122bd,1.0,1341650422,1,13,186,2147,1,13,164,1794
1411,4b5c0fe0f964a520d62229e3,1.0,1334884262,2,34,434,5507,2,28,381,4659
1411,4b6929aaf964a520ad9a2be3,1.0,1337137821,2,34,412,5258,2,28,381,4659
1411,4bc010634cdfc9b6eb789221,1.0,1337219092,2,28,414,5153,2,28,381,4659
1412,4b5bb41df964a520111129e3,1.0,1341625985,0,0,0,0,0,0,0,0
1413,4b5be175f964a5206c1b29e3,1.0,1342410218,0,0,0,0,0,0,0,0
1414,4b5aa58bf964a52048cf28e3,1.0,1353655198,0,0,0,0,0,0,0,0
1415,4be81b324485d13ad40294ee,1.0,1339307109,0,0,0,0,0,0,0,0
1419,4b6170d8f964a520a7132ae3,1.0,1336378382,0,0,0,32,0,0,0,32
1419,4ba5cae4f964a520962239e3,1.0,1340276161,0,0,0,32,0,0,0,32
1424,4b5aa58bf964a52048cf28e3,1.0,1342248399,1,14,204,2552,1,14,204,2551
1424,4b7a0c3cf964a520a2202fe3,1.0,1343559719,1,14,204,2552,1,14,204,2551
1427,4b7bc5d9f964a520996d2fe3,1.0,1335074965,0,0,0,0,0,0,0,0
1428,4b6170d8f964a520a7132ae3,1.0,1346843052,0,0,0,0,0,0,0,0
1429,4b5855d5f964a5204b5328e3,1.0,1333527202,0,2,6,150,0,2,6,131
1429,4b5aa058f964a52068ce28e3,1.0,1337413198,0,2,6,150,0,2,6,131
1430,4b5be175f964a5206c1b29e3,1.0,1338100545,0,0,2,101,0,0,2,90
1430,4b7af3d1f964a520e3472fe3,1.0,1353218080,0,0,2,101,0,0,2,90
1432,4b6a851bf964a52093d72be3,1.0,1353402618,0,0,0,0,0,0,0,0
1436,4b5aa5eff964a5205ccf28e3,1.0,1338116224,0,0,1,4,0,0,1,2
1436,4b5bf603f964a520171f29e3,1.0,1338023905,0,0,1,20,0,0,1,12
1436,4b6170d8f964a520a7132ae3,1.0,1338103991,0,0,0,16,0,0,0,12
1437,4b6170d8f964a520a7132ae3,1.0,1335592455,0,7,39,1103,0,5,33,808
1437,4b63ca9ef964a520c5912ae3,1.0,1338700950,1,28,571,12110,1,27,539,11091
1437,4b67d1a8f964a520795e2be3,1.0,1336114306,0,2,12,308,0,2,9,232
1437,4b7af3d1f964a520e3472fe3,1.0,1339913702,1,33,578,12299,1,27,539,11091
144,4b7af3d1f964a520e3472fe3,1.0,1336988281,0,0,0,0,0,0,0,0
1441,4b91b2e9f964a520c9d033e3,1.0,1342260787,0,0,0,0,0,0,0,0
1443,4b49a6bef964a5202b7226e3,1.0,1339321644,5,119,2566,53399,5,110,2328,46752
1443,4b5aa058f964a52068ce28e3,1.0,1337939706,5,132,2621,54843,5,110,2328,46752
1443,4b5bfab8f964a520e91f29e3,1.0,1339310256,5,114,2536,52539,5,110,2328,46752
1443,4b63ca9ef964a520c5912ae3,1.0,1339319732,5,124,2584,53765,5,110,2328,46752
1443,4b71176af964a5207a392de3,1.0,1334126370,0,2,16,428,0,2,16,423
1443,4b7af3d1f964a520e3472fe3,1.0,1336207936,5,137,2699,56491,5,110,2328,46752
1443,4d526ef4e02754816d6eb4b6,1.0,1336898355,5,124,2564,53415,5,110,2328,46752
1443,4f910f24e4b0ead19780cf24,1.0,1352188738,0,0,0,0,0,0,0,0
1447,4b35a0aaf964a5204a2e25e3,1.0,1339667086,0,0,9,164,0,0,8,162
1447,4e4cedde18a822288dd822ed,1.0,1337937358,0,0,9,164,0,0,8,162
1448,4b5aa058f964a52068ce28e3,1.0,1351245738,0,0,0,0,0,0,0,0
1449,4b6a851bf964a52093d72be3,1.0,1341826159,0,0,0,0,0,0,0,0
145,4b5aa58bf964a52048cf28e3,1.0,1351242671,0,0,0,0,0,0,0,0
1456,4b7520b8f964a520b6fe2de3,1.0,1345277156,1,20,288,4410,1,20,285,4370
1456,4b76624df964a520594a2ee3,1.0,1344667181,1,2,4,38,1,2,2,38
1456,4ba61ca4f964a5207c3439e3,1.0,1336799283,1,2,2,11,1,2,2,9
1456,4e910f436d8615aa713956d3,1.0,1345275530,1,20,288,4417,1,20,285,4370
1457,4b6f9ee6f964a5202af82ce3,1.0,1352370579,0,0,0,1,0,0,0,1
1457,4e65a3b9b0fb188e8f0f061f,1.0,1341715907,0,0,0,1,0,0,0,1
1458,4b63eb4ff964a52015972ae3,1.0,1338121992,0,0,11,289,0,0,11,286
1458,4c1b527463750f475aa2b467,1.0,1339056310,0,0,11,289,0,0,11,286
1460,4b526ce7f964a520a67c27e3,1.0,1353475559,0,0,0,0,0,0,0,0
1463,4b5542c8f964a52027e027e3,1.0,1336882105,1,24,528,11178,1,22,496,10260
1463,4b5beeb7f964a520d61d29e3,1.0,1339397842,0,2,52,1492,0,2,46,1292
1463,4eaa005f29c2152deb268308,1.0,1336122022,1,22,516,10858,1,22,496,10260
1465,4b7af3d1f964a520e3472fe3,1.0,1339211030,0,0,0,0,0,0,0,0
1466,4b5bf603f964a520171f29e3,1.0,1351315674,0,0,0,0,0,0,0,0
1468,4b651198f964a5208ee22ae3,1.0,1336713719,0,0,0,0,0,0,0,0
1469,4b62da14f964a5208c552ae3,1.0,1351060534,1,24,520,10861,1,24,516,10702
1469,4b7e29e5f964a520ebe42fe3,1.0,1338272428,1,24,520,10861,1,24,516,10702
1472,4b5ad6e3f964a520ecd628e3,1.0,1353237182,0,0,0,2,0,0,0,2
1472,4b6929aaf964a520ad9a2be3,1.0,1341469305,0,0,0,2,0,0,0,2
1473,4b7af3d1f964a520e3472fe3,1.0,1341114437,0,0,0,0,0,0,0,0
1477,4b5aa58bf964a52048cf28e3,1.0,1344594082,0,0,0,0,0,0,0,0
1478,4b5855d5f964a5204b5328e3,1.0,1353835225,0,0,0,23,0,0,0,22
1478,4b6929aaf964a520ad9a2be3,1.0,1338705817,0,1,1,43,0,1,1,22
1478,4b6d2fe6f964a520976a2ce3,1.0,1340283623,0,1,1,22,0,1,1,21
1479,4b58051ef964a520c54828e3,1.0,1351074536,0,0,0,0,0,0,0,0
148,4c56628e30d82d7f9490d762,1.0,1352698770,0,0,0,0,0,0,0,0
1480,4b5bf603f964a520171f29e3,1.0,1336828564,0,0,0,0,0,0,0,0
1486,4ba61ca4f964a5207c3439e3,1.0,1335591299,0,0,0,0,0,0,0,0
1490,4b5c0fe0f964a520d62229e3,1.0,1334485635,0,0,0,0,0,0,0,0
1491,4b5e654bf964a520fa8c29e3,1.0,1341660209,0,0,0,2,0,0,0,2
1491,4b697a2ef964a520d6a32be3,1.0,1339904785,0,0,0,2,0,0,0,2
1492,4b5c0be8f964a520562229e3,1.0,1353749494,0,0,0,0,0,0,0,0
1493,4b6170d8f964a520a7132ae3,1.0,1336121800,0,0,0,0,0,0,0,0
1496,4be81b324485d13ad40294ee,1.0,1337599937,0,0,0,0,0,0,0,0
1497,4b582d82f964a520084d28e3,1.0,1339412123,2,36,577,8850,2,34,549,8222
1497,4b6154f1f964a52056102ae3,1.0,1342492396,2,34,573,8757,2,34,549,8222
1497,4dd3951cd22dc96be80944d4,1.0,1351764053,2,38,590,9033,2,34,549,8222
1498,4b6f9ee6f964a5202af82ce3,1.0,1339315586,0,0,14,321,0,0,12,297
1498,4c62336158810f4723d2061e,1.0,1340018450,0,0,14,321,0,0,12,297
1499,4b651198f964a5208ee22ae3,1.0,1335061322,0,0,0,0,0,0,0,0
15,4b91b2e9f964a520c9d033e3,1.0,1353736318,0,0,0,0,0,0,0,0
150,4b58051ef964a520c54828e3,1.0,1340778306,0,0,3,46,0,0,3,39
150,4e4cfe4718388d49816f02a9,1.0,1343557578,0,0,3,46,0,0,3,39
1502,4b5beeb7f964a520d61d29e3,1.0,1333871410,0,0,0,0,0,0,0,0
1504,4b5bb41df964a520111129e3,1.0,1345459266,0,2,15,372,0,2,13,276
1504,4b5c0be8f964a520562229e3,1.0,1345264363,0,2,15,372,0,2,13,276
1505,4b5542c8f964a52027e027e3,1.0,1342087903,2,52,1062,22306,2,48,997,20352
1505,4b62da14f964a5208c552ae3,1.0,1338258133,2,51,1049,21841,2,48,997,20352
1505,4b7af3d1f964a520e3472fe3,1.0,1340238628,2,53,1095,23010,2,48,997,20352
1505,4ba5cae4f964a520962239e3,1.0,1334380038,0,2,10,301,0,2,5,143
1507,4b5c0fe0f964a520d62229e3,1.0,1336112061,1,19,221,2806,1,19,212,2641
1507,4bd0416e9854d13a5252f74d,1.0,1336112828,1,19,221,2806,1,19,212,2641
1511,4b6f9ee6f964a5202af82ce3,1.0,1345267153,0,0,0,0,0,0,0,0
1512,4b0587b8f964a52012a122e3,1.0,1352600336,1,16,291,4508,1,16,282,4320
1512,4b582d82f964a520084d28e3,1.0,1333862614,1,16,291,4520,1,16,282,4320
1512,4b6c9fc7f964a5206b472ce3,1.0,1341111942,0,0,18,360,0,0,14,275
1514,4b5bfab8f964a520e91f29e3,1.0,1350035921,0,2,49,1176,0,2,40,1021
1514,4b5c0fe0f964a520d62229e3,1.0,1351078176,1,16,260,3710,1,14,212,2641
1514,4ec8d5df7ee537da802879a4,1.0,1341485930,1,14,223,2832,1,14,212,2641
1517,4b6f9ee6f964a5202af82ce3,1.0,1334135129,0,0,0,0,0,0,0,0
1518,4b58051ef964a520c54828e3,1.0,1335950562,0,1,7,196,0,1,4,108
1518,4b5c0fe0f964a520d62229e3,1.0,1345345386,0,9,42,1412,0,8,36,1021
1518,4b7af3d1f964a520e3472fe3,1.0,1343462470,0,8,44,1433,0,8,36,1021
1518,4df30577b61cbd3ec019ddb8,1.0,1334223143,0,0,3,11,0,0,3,4
152,4b7af3d1f964a520e3472fe3,1.0,1338092877,1,27,534,11052,1,27,532,10930
152,4b88c6bbf964a520000d32e3,1.0,1338098392,1,27,534,11052,1,27,532,10930
1521,4b739b04f964a520b7b52de3,1.0,1338092961,0,0,0,0,0,0,0,0
1522,4b6170d8f964a520a7132ae3,1.0,1336716564,0,0,0,0,0,0,0,0
1523,4b5bad9cf964a520820f29e3,1.0,1336382061,1,24,303,4715,1,24,297,4488
1523,4b5bb41df964a520111129e3,1.0,1336371322,1,24,303,4715,1,24,297,4488
1525,4b600f20f964a52087d429e3,1.0,1334027508,0,0,0,0,0,0,0,0
1527,4b5c0fe0f964a520d62229e3,1.0,1337853701,0,1,8,178,0,1,7,97
1527,4b5c11a5f964a520382329e3,1.0,1339582973,0,1,9,91,0,1,7,84
1527,4b68f365f964a5208a942be3,1.0,1351143272,0,0,1,109,0,0,1,97
1529,4b5542c8f964a52027e027e3,1.0,1333537512,0,3,20,509,0,2,12,277
1529,4b651b5df964a52079e42ae3,1.0,1341983413,0,2,16,357,0,2,12,277
1529,4b95c4c8f964a5209bb234e3,1.0,1338349169,0,1,4,93,0,1,3,88
1529,4cc7a93e5b7aa14334aa307d,1.0,1351072428,0,0,12,215,0,0,12,214
153,4b6154f1f964a52056102ae3,1.0,1351130398,0,0,0,0,0,0,0,0
1530,4b8a22c0f964a5207b6132e3,1.0,1337393004,0,0,0,0,0,0,0,0
1531,4b5aa58bf964a52048cf28e3,1.0,1351073496,1,24,216,2780,1,24,212,2641
1531,4b5c0fe0f964a520d62229e3,1.0,1334997722,1,24,216,2780,1,24,212,2641
1533,4b5aa058f964a52068ce28e3,1.0,1344251729,0,0,0,0,0,0,0,0
1535,4b6a851bf964a52093d72be3,1.0,1334222196,0,0,0,0,0,0,0,0
1537,4b526ce7f964a520a67c27e3,1.0,1333972597,0,0,0,0,0,0,0,0
1538,4b95c4c8f964a5209bb234e3,1.0,1335921484,1,2,2,1,1,2,2,1
1538,4ba61ca4f964a5207c3439e3,1.0,1337680140,1,2,2,1,1,2,2,1
1539,4b1df53df964a520811624e3,1.0,1342508237,0,0,0,0,0,0,0,0
154,4b49a6bef964a5202b7226e3,1.0,1336720389,1,26,551,11516,1,26,539,11091
154,4b5be59df964a520331c29e3,1.0,1353145332,0,1,10,146,0,1,6,87
154,4b7af3d1f964a520e3472fe3,1.0,1336719756,1,27,551,11514,1,26,539,11091
1540,4f66d6ece4b0eae10c7bafee,1.0,1336211967,0,0,0,0,0,0,0,0
1541,4b5bad9cf964a520820f29e3,1.0,1336811931,0,0,0,0,0,0,0,0
1543,4b7e29e5f964a520ebe42fe3,1.0,1339324513,0,0,0,0,0,0,0,0
1547,4b526ce7f964a520a67c27e3,1.0,1338094771,0,0,0,0,0,0,0,0
1548,4b63ca9ef964a520c5912ae3,1.0,1341639482,1,25,515,10732,1,25,508,10543
1548,4d526ef4e02754816d6eb4b6,1.0,1338693680,1,25,515,10732,1,25,508,10543
155,4b600f20f964a52087d429e3,1.0,1336713262,0,0,0,0,0,0,0,0
1553,4b35a0aaf964a5204a2e25e3,1.0,1340618518,0,1,5,115,0,1,5,108
1553,4b68f365f964a5208a942be3,1.0,1341309534,0,1,5,115,0,1,5,108
1557,4b5aa058f964a52068ce28e3,1.0,1337392607,0,0,0,0,0,0,0,0
1562,4b5a905df964a52084cb28e3,1.0,1339922080,2,34,420,5282,2,30,383,4659
1562,4b5aa58bf964a52048cf28e3,1.0,1339576997,2,40,419,5331,2,30,383,4659
1562,4b5c0fe0f964a520d62229e3,1.0,1338359656,2,42,431,5469,2,30,383,4659
1562,4c9c3876d3c2b60c2f14b6bc,1.0,1338286479,0,0,2,26,0,0,2,18
1563,4b7bc5d9f964a520996d2fe3,1.0,1344757877,0,0,4,84,0,0,3,57
1563,4dd3951cd22dc96be80944d4,1.0,1334458936,1,18,310,4796,1,18,297,4498
1563,4e910f436d8615aa713956d3,1.0,1334459082,1,18,310,4790,1,18,297,4498
1564,4b624c63f964a52003412ae3,1.0,1341486462,0,0,0,0,0,0,0,0
1566,4c09d81c6071a593e6bade32,1.0,1351415007,1,2,3,2,1,2,2,1
1566,4e6ae546b0fb8b8a846af7b1,1.0,1352696381,1,2,3,2,1,2,2,1
1570,4b6170d8f964a520a7132ae3,1.0,1341631660,1,14,166,1881,1,14,164,1794
1570,4bc04e402a89ef3bd45cf088,1.0,1337415389,1,14,166,1881,1,14,164,1794
1571,4dd3951cd22dc96be80944d4,1.0,1353221991,0,0,0,0,0,0,0,0
1579,4b7f593ff964a5201d2930e3,1.0,1346840321,0,0,0,0,0,0,0,0
1580,4b67d1a8f964a520795e2be3,1.0,1333530421,0,0,0,0,0,0,0,0
1581,4b624c63f964a52003412ae3,1.0,1334811480,0,0,0,0,0,0,0,0
1581,4d44f7491ed56dcb0c3bb654,1.0,1344155352,0,0,0,0,0,0,0,0
1585,4b5c0fe0f964a520d62229e3,1.0,1338020851,0,0,0,0,0,0,0,0
1587,4b6170d8f964a520a7132ae3,1.0,1334401149,0,5,39,963,0,5,35,803
1587,4b7af3d1f964a520e3472fe3,1.0,1343466432,0,5,56,1312,0,5,35,803
1587,4e13d537b61c18a826fcd777,1.0,1338015585,0,0,49,975,0,0,35,803
1592,4b651198f964a5208ee22ae3,1.0,1336098977,0,0,1,41,0,0,1,40
1592,4e910f436d8615aa713956d3,1.0,1345351713,0,0,1,41,0,0,1,40
1594,4d526ef4e02754816d6eb4b6,1.0,1353756066,0,0,0,0,0,0,0,0
1595,4b526ce7f964a520a67c27e3,1.0,1339315477,0,0,0,0,0,0,0,0
1596,4b58051ef964a520c54828e3,1.0,1339065003,0,1,2,59,0,1,2,58
1596,4b5aa58bf964a52048cf28e3,1.0,1336176534,0,1,2,59,0,1,2,58
160,4b7af3d1f964a520e3472fe3,1.0,1337418145,0,0,0,0,0,0,0,0
1600,4b35a0aaf964a5204a2e25e3,1.0,1336787736,1,22,302,4717,1,22,296,4488
1600,4b6a851bf964a52093d72be3,1.0,1336786111,1,22,302,4717,1,22,296,4488
1602,4b5a9de1f964a520edcd28e3,1.0,1353040146,1,4,3,5,1,4,3,5
1602,4b875774f964a52040bc31e3,1.0,1353040007,1,4,3,5,1,4,3,5
1608,4b52730af964a520da7d27e3,1.0,1338973673,0,0,0,0,0,0,0,0
161,4b67d1a8f964a520795e2be3,1.0,1338694591,0,0,0,0,0,0,0,0
1613,4e12ff58483bee47ff3f2676,1.0,1336208021,0,0,0,0,0,0,0,0
1614,4b35706ff964a5202b2d25e3,1.0,1350646761,0,7,47,1190,0,6,35,884
1614,4b5c0fe0f964a520d62229e3,1.0,1350982835,0,11,58,1774,0,8,36,1021
1614,4b7af3d1f964a520e3472fe3,1.0,1350031269,0,12,67,2048,0,8,36,1021
1617,4d44f7491ed56dcb0c3bb654,1.0,1336558580,0,0,0,0,0,0,0,0
1618,4b5e9e59f964a5201c9429e3,1.0,1341117083,0,0,0,0,0,0,0,0
1621,4b5aa058f964a52068ce28e3,1.0,1344664856,0,4,39,1278,0,4,36,1021
1621,4b5c0fe0f964a520d62229e3,1.0,1353145426,0,4,39,1278,0,4,36,1021
1624,4b6a851bf964a52093d72be3,1.0,1352610073,0,0,0,0,0,0,0,0
1626,4c09d81c6071a593e6bade32,1.0,1335692570,0,0,0,0,0,0,0,0
1627,4b5bb41df964a520111129e3,1.0,1346845066,0,0,0,0,0,0,0,0
163,4b651198f964a5208ee22ae3,1.0,1336202550,0,0,0,0,0,0,0,0
1632,4b526ce7f964a520a67c27e3,1.0,1351402004,1,18,198,2620,1,15,164,1794
1632,4b6170d8f964a520a7132ae3,1.0,1338810595,1,20,207,2873,1,15,164,1794
1632,4b7af3d1f964a520e3472fe3,1.0,1343466258,0,7,83,2017,0,5,44,1084
1632,4b91b2e9f964a520c9d033e3,1.0,1334480820,0,1,58,1322,0,1,44,1084
1633,4b76624df964a520594a2ee3,1.0,1338022756,0,0,0,0,0,0,0,0
1635,4b5aa58bf964a52048cf28e3,1.0,1334563559,0,0,6,158,0,0,5,144
1635,4b5c0be8f964a520562229e3,1.0,1336207548,0,0,6,158,0,0,5,144
1636,4b5c0fe0f964a520d62229e3,1.0,1336212185,0,0,0,0,0,0,0,0
1638,4be81b324485d13ad40294ee,1.0,1344691226,0,0,0,0,0,0,0,0
1638,4cf587a4eb096ea83378c048,1.0,1339223263,0,0,0,0,0,0,0,0
164,4b5c0fe0f964a520d62229e3,1.0,1335437576,0,3,19,366,0,3,17,329
164,4bc04e402a89ef3bd45cf088,1.0,1342002113,0,3,19,366,0,3,17,329
1640,4b624c63f964a52003412ae3,1.0,1336731440,0,0,3,31,0,0,2,29
1640,4cc7a93e5b7aa14334aa307d,1.0,1334369866,0,0,3,31,0,0,2,29
1641,4b52730af964a520da7d27e3,1.0,1337162029,0,3,17,334,0,3,17,308
1641,4b5c0fe0f964a520d62229e3,1.0,1350468464,0,3,17,334,0,3,17,308
1648,4b5bf603f964a520171f29e3,1.0,1335681440,0,0,0,0,0,0,0,0
1649,4b600f20f964a52087d429e3,1.0,1352513020,0,0,0,0,0,0,0,0
1652,4b6154f1f964a52056102ae3,1.0,1353486670,0,0,0,0,0,0,0,0
1653,4b7af3d1f964a520e3472fe3,1.0,1350125605,0,0,0,0,0,0,0,0
1655,4b5c0be8f964a520562229e3,1.0,1351201962,1,12,84,826,1,8,39,440
1655,4b5e9e59f964a5201c9429e3,1.0,1334374560,1,6,41,272,1,5,36,195
1655,4b63f798f964a52028992ae3,1.0,1345152132,2,11,59,388,1,8,39,250
1655,4d526ef4e02754816d6eb4b6,1.0,1340274119,0,1,22,616,0,1,20,440
1659,4b526ce7f964a520a67c27e3,1.0,1336897212,0,0,0,0,0,0,0,0
1660,4b6154f1f964a52056102ae3,1.0,1352707355,0,0,0,0,0,0,0,0
1669,4b7af3d1f964a520e3472fe3,1.0,1351677067,0,0,0,0,0,0,0,0
167,4b5c0be8f964a520562229e3,1.0,1342415485,1,8,42,221,1,8,39,190
167,4b63f798f964a52028992ae3,1.0,1342416496,1,8,42,221,1,8,39,190
1673,4b63ca9ef964a520c5912ae3,1.0,1334653385,0,0,0,0,0,0,0,0
1676,4b65817ef964a520bdf22ae3,1.0,1339325573,0,0,0,0,0,0,0,0
1680,4b63f798f964a52028992ae3,1.0,1341576072,0,0,0,0,0,0,0,0
1681,4b6f9ee6f964a5202af82ce3,1.0,1338711578,0,0,0,0,0,0,0,0
1682,4e910f436d8615aa713956d3,1.0,1353747013,0,0,0,0,0,0,0,0
1683,4b7af3d1f964a520e3472fe3,1.0,1338804838,0,0,0,0,0,0,0,0
1689,4b0587b8f964a52012a122e3,1.0,1334995563,0,0,19,440,0,0,14,270
1689,4b5c0be8f964a520562229e3,1.0,1334993904,1,7,54,492,1,7,39,270
1689,4b5d6871f964a5201d5c29e3,1.0,1334226508,1,7,47,344,1,7,39,270
1690,4b35706ff964a5202b2d25e3,1.0,1337947748,0,0,0,43,0,0,0,40
1690,4b651198f964a5208ee22ae3,1.0,1335436158,0,0,0,43,0,0,0,40
1693,4b5aa58bf964a52048cf28e3,1.0,1335937128,1,17,245,3636,1,14,209,2641
1693,4b5ad3dbf964a52065d628e3,1.0,1335937022,1,15,233,3140,1,14,209,2641
1693,4b5bb41df964a520111129e3,1.0,1335070273,2,43,660,10604,2,37,555,8245
1693,4b6a851bf964a52093d72be3,1.0,1342422278,2,41,638,10187,2,37,555,8245
1693,4b6c9fc7f964a5206b472ce3,1.0,1335078704,0,1,35,796,0,1,14,365
1693,4e910f436d8615aa713956d3,1.0,1338104392,2,39,631,9923,2,37,555,8245
1695,4b526ce7f964a520a67c27e3,1.0,1353500015,0,1,7,157,0,1,6,129
1695,4b6929aaf964a520ad9a2be3,1.0,1353500005,0,1,7,157,0,1,6,129
1698,4b526ce7f964a520a67c27e3,1.0,1334984041,0,0,0,0,0,0,0,0
1701,4b5aa058f964a52068ce28e3,1.0,1341726547,1,25,533,11201,1,23,518,10724
1701,4b600f20f964a52087d429e3,1.0,1335076656,0,0,1,14,0,0,1,6
1701,4b62da14f964a5208c552ae3,1.0,1343556542,1,23,533,11163,1,23,518,10724
1701,4b651198f964a5208ee22ae3,1.0,1335691875,0,3,17,431,0,2,10,282
1701,4b690990f964a52098972be3,1.0,1339576995,0,1,4,85,0,1,2,78
1702,4b5542c8f964a52027e027e3,1.0,1353224299,0,0,0,0,0,0,0,0
1706,4bc04e402a89ef3bd45cf088,1.0,1339647443,0,0,0,0,0,0,0,0
1707,4b5bfd03f964a520462029e3,1.0,1335008618,1,22,494,10252,1,22,493,10225
1707,4d526ef4e02754816d6eb4b6,1.0,1334990424,1,22,494,10252,1,22,493,10225
1709,4b600f20f964a52087d429e3,1.0,1353745197,0,0,0,0,0,0,0,0
1710,4b5542c8f964a52027e027e3,1.0,1344676142,0,0,0,0,0,0,0,0
1711,4b5e9e59f964a5201c9429e3,1.0,1339926295,0,0,0,0,0,0,0,0
1711,4c78a007df08a1cddf47d85d,1.0,1333863402,0,0,0,0,0,0,0,0
1712,4b5e654bf964a520fa8c29e3,1.0,1353061961,0,0,0,0,0,0,0,0
1713,4b5aa058f964a52068ce28e3,1.0,1352619413,0,0,0,0,0,0,0,0
1714,4b5855d5f964a5204b5328e3,1.0,1333873258,2,10,20,44,2,6,11,23
1714,4b5abaa5f964a52056d228e3,1.0,1335677227,2,8,24,48,2,6,11,23
1714,4b68dccdf964a520a0902be3,1.0,1333871111,2,10,20,40,2,6,11,23
1715,4b5bad9cf964a520820f29e3,1.0,1345436831,0,0,0,0,0,0,0,0
1716,4b5bb41df964a520111129e3,1.0,1338693933,0,0,0,0,0,0,0,0
1723,4b5c0fe0f964a520d62229e3,1.0,1333970961,0,0,0,0,0,0,0,0
1725,4b63ca9ef964a520c5912ae3,1.0,1350990089,0,0,0,0,0,0,0,0
1728,4b84bfbdf964a520144331e3,1.0,1336710931,0,0,0,0,0,0,0,0
1731,4b5bb41df964a520111129e3,1.0,1334824565,0,0,0,0,0,0,0,0
1732,4b5aa58bf964a52048cf28e3,1.0,1344210222,0,0,0,0,0,0,0,0
1733,4b0587b8f964a52012a122e3,1.0,1336796277,0,0,0,0,0,0,0,0
1736,4b6929aaf964a520ad9a2be3,1.0,1353123796,0,0,0,0,0,0,0,0
1738,4b5ac0a7f964a5204bd328e3,1.0,1338186830,0,0,0,5,0,0,0,5
1738,4b63ca9ef964a520c5912ae3,1.0,1342088489,0,0,0,5,0,0,0,5
1740,4b582d82f964a520084d28e3,1.0,1333531648,0,0,0,0,0,0,0,0
1741,4b5bb41df964a520111129e3,1.0,1344506653,1,36,402,7363,1,22,300,4514
1741,4b5c0fe0f964a520d62229e3,1.0,1334231107,1,37,321,5784,1,20,212,2641
1741,4b6929aaf964a520ad9a2be3,1.0,1334231074,1,24,260,3957,1,20,212,2641
1741,4b6a851bf964a52093d72be3,1.0,1343469782,1,31,400,7262,1,22,300,4514
1741,4b7af3d1f964a520e3472fe3,1.0,1337164934,0,24,139,4214,0,11,80,2241
1745,4b7a66d4f964a520dd2b2fe3,1.0,1341726295,0,0,0,0,0,0,0,0
1747,4b5bb41df964a520111129e3,1.0,1349688896,2,37,619,9556,2,35,555,8245
1747,4b7520b8f964a520b6fe2de3,1.0,1349685875,2,38,593,9092,2,35,555,8245
1747,4e910f436d8615aa713956d3,1.0,1349685099,2,39,596,9172,2,35,555,8245
1748,4b5beeb7f964a520d61d29e3,1.0,1339311186,0,0,0,0,0,0,0,0
175,4b582d82f964a520084d28e3,1.0,1341226961,0,0,0,0,0,0,0,0
1753,4b5855d5f964a5204b5328e3,1.0,1336198124,0,1,1,58,0,1,1,44
1753,4b5bb41df964a520111129e3,1.0,1335077961,0,1,1,58,0,1,1,44
1754,4b58051ef964a520c54828e3,1.0,1353223873,0,0,0,0,0,0,0,0
1756,4bb6ddd61344b71328309e04,1.0,1338200700,0,0,0,0,0,0,0,0
1764,4b6f9ee6f964a5202af82ce3,1.0,1343556542,0,0,0,0,0,0,0,0
1765,4b6929aaf964a520ad9a2be3,1.0,1343621868,0,0,0,0,0,0,0,0
1766,4e13d537b61c18a826fcd777,1.0,1336198977,0,0,0,0,0,0,0,0
1772,4b35a0aaf964a5204a2e25e3,1.0,1353223318,4,85,1249,20291,4,64,1003,14335
1772,4b5aa058f964a52068ce28e3,1.0,1341726950,2,63,1226,26391,2,45,993,20131
1772,4b5beeb7f964a520d61d29e3,1.0,1343545314,4,83,1235,20097,4,64,1003,14335
1772,4b6154f1f964a52056102ae3,1.0,1336809034,4,70,1183,18679,4,64,1003,14335
1772,4b63ca9ef964a520c5912ae3,1.0,1341734034,2,54,1131,24523,2,45,993,20131
1772,4b6a851bf964a52093d72be3,1.0,1339306015,4,83,1265,20705,4,64,1003,14335
1772,4e910f436d8615aa713956d3,1.0,1344158264,4,74,1223,19515,4,64,1003,14335
1772,4f66d6ece4b0eae10c7bafee,1.0,1341727245,2,46,1078,23129,2,45,993,20131
1773,4b5c0fe0f964a520d62229e3,1.0,1339396241,1,15,224,2749,1,14,212,2641
1773,4b5c11a5f964a520382329e3,1.0,1338685703,0,1,8,92,0,1,7,84
1773,4ec74b6d775bf65c034080b5,1.0,1339396944,1,14,218,2709,1,14,212,2641
1774,4b5aa058f964a52068ce28e3,1.0,1353663918,0,0,0,0,0,0,0,0
1777,4b5aa058f964a52068ce28e3,1.0,1352181430,0,0,0,0,0,0,0,0
1778,4c56628e30d82d7f9490d762,1.0,1353149684,0,0,0,0,0,0,0,0
1779,4b582d82f964a520084d28e3,1.0,1350026298,3,54,845,12948,3,48,765,11211
1779,4b690d8ef964a520ff972be3,1.0,1335261505,0,0,0,10,0,0,0,5
1779,4dd3951cd22dc96be80944d4,1.0,1334380121,3,54,879,13448,3,48,765,11211
1779,4e910f436d8615aa713956d3,1.0,1335522607,3,52,859,13169,3,48,765,11211
1779,4f533277e4b036244b07dbd3,1.0,1334380093,3,48,811,12327,3,48,765,11211
178,4b7520b8f964a520b6fe2de3,1.0,1353834218,0,0,0,0,0,0,0,0
1780,4b0587b8f964a52012a122e3,1.0,1339569465,0,0,15,302,0,0,11,233
1780,4b63f798f964a52028992ae3,1.0,1336981262,0,1,14,258,0,1,11,233
1780,4b7bc5d9f964a520996d2fe3,1.0,1335922184,1,2,4,67,1,1,3,57
1780,4c4bff47bad7a5939ee1a0ac,1.0,1336555006,1,1,1,5,1,1,1,4
1782,4b5aa058f964a52068ce28e3,1.0,1339234917,0,0,0,0,0,0,0,0
1785,4b5aa058f964a52068ce28e3,1.0,1337412441,1,33,552,11731,1,33,539,11091
1785,4b7af3d1f964a520e3472fe3,1.0,1335087299,1,33,552,11731,1,33,539,11091
1786,4b582d82f964a520084d28e3,1.0,1336796213,2,38,586,9025,2,34,549,8222
1786,4b5bad9cf964a520820f29e3,1.0,1336790868,2,37,593,9169,2,34,549,8222
1786,4dd3951cd22dc96be80944d4,1.0,1336800257,2,39,601,9264,2,34,549,8222
1787,4b600f20f964a52087d429e3,1.0,1337248312,0,0,0,0,0,0,0,0
179,4b62da14f964a5208c552ae3,1.0,1336097975,1,24,520,10861,1,24,516,10702
179,4b7e29e5f964a520ebe42fe3,1.0,1336104126,1,24,520,10861,1,24,516,10702
1790,4b35a0aaf964a5204a2e25e3,1.0,1334054494,0,0,0,0,0,0,0,0
1792,4b35a0aaf964a5204a2e25e3,1.0,1336983172,4,95,1399,23625,4,64,1003,14335
1792,4b5542c8f964a52027e027e3,1.0,1333525233,3,89,1801,39203,3,67,1429,28953
1792,4b5bb41df964a520111129e3,1.0,1345459280,4,104,1445,24868,4,64,1003,14335
1792,4b5beeb7f964a520d61d29e3,1.0,1335165621,4,97,1406,23645,4,64,1003,14335
1792,4b5c0be8f964a520562229e3,1.0,1334911811,1,21,174,3325,1,9,67,688
1792,4b5c0fe0f964a520d62229e3,1.0,1335526773,0,43,362,9057,0,13,120,2564
1792,4b6170d8f964a520a7132ae3,1.0,1337152484,2,43,484,7796,2,26,311,3406
1792,4b63ca9ef964a520c5912ae3,1.0,1336993155,3,80,1789,38784,3,67,1429,28953
1792,4b651b5df964a52079e42ae3,1.0,1333531846,0,6,60,1610,0,3,30,704
1792,4b6a851bf964a52093d72be3,1.0,1336978919,4,97,1412,24126,4,64,1003,14335
1792,4b7e29e5f964a520ebe42fe3,1.0,1339154379,3,95,1828,40205,3,67,1429,28953
1792,4bc04e402a89ef3bd45cf088,1.0,1338187721,2,34,446,6561,2,26,311,3406
1792,4be81b324485d13ad40294ee,1.0,1341287425,0,1,13,366,0,1,9,272
1792,4d526ef4e02754816d6eb4b6,1.0,1335609968,3,81,1792,38908,3,67,1429,28953
1792,4d577b04e319a1cdeb420534,1.0,1334908477,1,17,140,2142,1,9,67,464
1792,4dd3951cd22dc96be80944d4,1.0,1339069449,4,82,1378,22866,4,64,1003,14335
1792,4f7f9ceae4b023c637e055ec,1.0,1335690879,2,31,431,6211,2,26,311,3406
1796,4b5beeb7f964a520d61d29e3,1.0,1338889933,0,0,0,0,0,0,0,0
1797,4b63ca9ef964a520c5912ae3,1.0,1351662378,1,24,507,10530,1,24,505,10461
1797,4bd962602e6f0f4780610a08,1.0,1351665879,1,24,507,10530,1,24,505,10461
1799,4b5be779f964a520981c29e3,1.0,1333882836,1,1,1,0,1,1,1,0
1799,4cf073097e0da1cd73b78b97,1.0,1334327912,1,1,1,0,1,1,1,0
180,4b88c6bbf964a520000d32e3,1.0,1351072381,0,0,0,0,0,0,0,0
1807,4b624c63f964a52003412ae3,1.0,1334309859,0,0,0,0,0,0,0,0
1809,4b7a66d4f964a520dd2b2fe3,1.0,1335253205,0,0,0,0,0,0,0,0
181,4b5aa058f964a52068ce28e3,1.0,1336473435,0,0,0,1,0,0,0,1
181,4c39bf961e06d13adc0b7a3e,1.0,1339227535,0,0,0,1,0,0,0,1
1810,4b6170d8f964a520a7132ae3,1.0,1341564088,0,0,0,0,0,0,0,0
1812,4b5a9d21f964a520c6cd28e3,1.0,1339667500,0,0,0,0,0,0,0,0
1816,4b5bb41df964a520111129e3,1.0,1337159653,0,2,16,335,0,2,11,233
1816,4b63f798f964a52028992ae3,1.0,1344504393,0,3,15,275,0,2,11,233
1816,4b7bc5d9f964a520996d2fe3,1.0,1351316841,0,1,5,82,0,1,3,57
1818,4b65817ef964a520bdf22ae3,1.0,1338092498,0,0,0,0,0,0,0,0
1819,4b5aa058f964a52068ce28e3,1.0,1333855388,2,61,1098,23235,2,45,993,20337
1819,4b5beeb7f964a520d61d29e3,1.0,1341313157,0,7,114,3109,0,7,81,2241
1819,4b7af3d1f964a520e3472fe3,1.0,1350467809,2,56,1130,24039,2,45,993,20337
1819,4f66d6ece4b0eae10c7bafee,1.0,1352604881,2,46,1058,22039,2,45,993,20337
1820,4b35a0aaf964a5204a2e25e3,1.0,1352459898,0,0,7,155,0,0,7,155
1820,4bc010634cdfc9b6eb789221,1.0,1352272543,0,0,7,155,0,0,7,155
1822,4b6154f1f964a52056102ae3,1.0,1347676538,0,0,10,388,0,0,10,386
1822,4bd962602e6f0f4780610a08,1.0,1341730036,0,0,10,388,0,0,10,386
1830,4b35a0aaf964a5204a2e25e3,1.0,1344503196,0,0,0,0,0,0,0,0
1831,4b5bfd03f964a520462029e3,1.0,1335594385,0,0,0,0,0,0,0,0
1832,4b5a905df964a52084cb28e3,1.0,1339908264,1,18,218,2740,1,18,212,2641
1832,4b5c0fe0f964a520d62229e3,1.0,1334486069,1,18,218,2740,1,18,212,2641
1834,4b5aa58bf964a52048cf28e3,1.0,1347766871,1,24,216,2780,1,24,212,2641
1834,4b5c0fe0f964a520d62229e3,1.0,1350467245,1,24,216,2780,1,24,212,2641
1835,4c25bf82f1272d7f026185c5,1.0,1338976374,0,0,0,0,0,0,0,0
1837,4b58051ef964a520c54828e3,1.0,1338089348,0,0,0,0,0,0,0,0
184,4b5be175f964a5206c1b29e3,1.0,1338107435,0,0,0,0,0,0,0,0
1845,4b5aa058f964a52068ce28e3,1.0,1334486458,0,0,0,0,0,0,0,0
1849,4b5aa58bf964a52048cf28e3,1.0,1337347021,0,0,0,0,0,0,0,0
185,4b49a6bef964a5202b7226e3,1.0,1338011175,0,0,0,0,0,0,0,0
1851,4b5c0be8f964a520562229e3,1.0,1342521568,1,7,41,198,1,7,39,187
1851,4b5d6871f964a5201d5c29e3,1.0,1333618867,1,7,41,198,1,7,39,187
1851,4b6acb5df964a520a0e02be3,1.0,1334406320,0,0,0,0,0,0,0,0
1852,4b582d82f964a520084d28e3,1.0,1341733789,0,0,0,0,0,0,0,0
1853,4b5e654bf964a520fa8c29e3,1.0,1333505703,0,0,0,0,0,0,0,0
1858,4b5542c8f964a52027e027e3,1.0,1342246552,6,149,3091,64430,6,132,2772,55440
1858,4b5bfab8f964a520e91f29e3,1.0,1342249105,6,136,3016,62573,6,132,2772,55440
1858,4b5c0be8f964a520562229e3,1.0,1344939503,2,19,162,2614,2,12,67,688
1858,4b62da14f964a5208c552ae3,1.0,1342257113,6,143,3025,62812,6,132,2772,55440
1858,4b63ca9ef964a520c5912ae3,1.0,1344230452,6,143,3096,64326,6,132,2772,55440
1858,4b7af3d1f964a520e3472fe3,1.0,1351334561,6,160,3247,67758,6,132,2772,55440
1858,4b7e29e5f964a520ebe42fe3,1.0,1341640083,6,156,3134,65275,6,132,2772,55440
1858,4c1b527463750f475aa2b467,1.0,1344918217,2,13,125,1502,2,12,67,628
1858,4c62336158810f4723d2061e,1.0,1347696953,6,133,2987,61781,6,132,2772,55440
1858,4d5769a2de8f6dcbcd91fe90,1.0,1351503534,0,0,0,0,0,0,0,0
1858,4ecf58f061af476c0748a1c2,1.0,1344940668,2,14,113,1213,2,12,67,498
1859,4b5a905df964a52084cb28e3,1.0,1334120607,0,0,0,0,0,0,0,0
1864,4b582d82f964a520084d28e3,1.0,1345438089,1,18,286,4399,1,18,285,4370
1864,4b7520b8f964a520b6fe2de3,1.0,1341474145,1,18,286,4399,1,18,285,4370
1865,4b526ce7f964a520a67c27e3,1.0,1339911246,0,0,0,0,0,0,0,0
1866,4b5abaa5f964a52056d228e3,1.0,1334139688,0,0,0,0,0,0,0,0
1868,4b35706ff964a5202b2d25e3,1.0,1338716212,0,0,0,0,0,0,0,0
187,4b71176af964a5207a392de3,1.0,1353670692,0,0,0,0,0,0,0,0
1879,4b526ce7f964a520a67c27e3,1.0,1334898699,1,15,184,2353,1,13,158,1741
1879,4b5855d5f964a5204b5328e3,1.0,1352614194,0,1,6,217,0,1,6,142
1879,4b7af3d1f964a520e3472fe3,1.0,1338179620,0,3,50,1083,0,2,35,777
1879,4b7f593ff964a5201d2930e3,1.0,1335598442,1,13,178,2059,1,13,158,1741
1880,4b6c9fc7f964a5206b472ce3,1.0,1344668688,0,0,0,0,0,0,0,0
1888,4b7af3d1f964a520e3472fe3,1.0,1339903095,0,0,0,0,0,0,0,0
1889,4b5542c8f964a52027e027e3,1.0,1337681678,0,2,39,1114,0,2,32,872
1889,4b58051ef964a520c54828e3,1.0,1344672222,0,0,11,242,0,0,6,129
1889,4b59f1ecf964a520d0a228e3,1.0,1334139425,0,1,9,223,0,1,8,213
1889,4b5beeb7f964a520d61d29e3,1.0,1344509665,0,3,45,1187,0,2,32,872
1890,4b526ce7f964a520a67c27e3,1.0,1335004114,0,2,26,594,0,2,25,545
1890,4b7af3d1f964a520e3472fe3,1.0,1336820821,0,2,26,594,0,2,25,545
1891,4b67d1a8f964a520795e2be3,1.0,1347702647,0,0,0,0,0,0,0,0
1893,4b35a0aaf964a5204a2e25e3,1.0,1334219190,0,4,50,1277,0,4,37,935
1893,4b5a905df964a52084cb28e3,1.0,1338807869,2,34,425,5417,2,30,383,4659
1893,4b5aa58bf964a52048cf28e3,1.0,1334664311,2,40,432,5684,2,30,383,4659
1893,4b5c0fe0f964a520d62229e3,1.0,1338808761,2,46,461,6216,2,30,383,4659
1894,4b5542c8f964a52027e027e3,1.0,1336804181,0,0,0,0,0,0,0,0
1895,4b59f1ecf964a520d0a228e3,1.0,1340097703,1,2,2,0,1,2,1,0
1895,4b739b04f964a520b7b52de3,1.0,1336388015,1,2,2,0,1,2,1,0
1896,4b6154f1f964a52056102ae3,1.0,1344664957,0,1,19,539,0,1,18,512
1896,4b63ca9ef964a520c5912ae3,1.0,1351648595,0,1,19,539,0,1,18,512
1897,4b5d6871f964a5201d5c29e3,1.0,1333849145,0,0,0,0,0,0,0,0
1897,4cfa10c5feec6dcb1a7c3d36,1.0,1333864537,0,0,0,0,0,0,0,0
1898,4b6f9ee6f964a5202af82ce3,1.0,1334899695,0,1,13,418,0,1,12,297
1898,4b7af3d1f964a520e3472fe3,1.0,1351050157,0,1,13,418,0,1,12,297
19,4b582d82f964a520084d28e3,1.0,1353931175,0,0,0,0,0,0,0,0
190,4b5c0fe0f964a520d62229e3,1.0,1345441344,0,0,0,0,0,0,0,0
1902,4b624c63f964a52003412ae3,1.0,1340622850,0,0,0,0,0,0,0,0
1904,4b57171cf964a520052628e3,1.0,1339658818,0,0,0,22,0,0,0,21
1904,4b6c9fc7f964a5206b472ce3,1.0,1333883082,0,0,0,22,0,0,0,21
1905,4b7af3d1f964a520e3472fe3,1.0,1341649687,0,0,0,0,0,0,0,0
1908,4f7f9ceae4b023c637e055ec,1.0,1335521720,0,0,0,0,0,0,0,0
1910,4b526ce7f964a520a67c27e3,1.0,1352264775,0,0,0,0,0,0,0,0
1913,4b7bc5d9f964a520996d2fe3,1.0,1334292764,0,0,0,0,0,0,0,0
1917,4b5bad9cf964a520820f29e3,1.0,1344927728,1,19,294,4587,1,19,290,4432
1917,4b5beeb7f964a520d61d29e3,1.0,1335241334,1,19,294,4587,1,19,290,4432
1919,4b5a905df964a52084cb28e3,1.0,1333508087,0,0,0,0,0,0,0,0
1921,4d03226d26adb1f71bbcca70,1.0,1344762068,0,0,0,0,0,0,0,0
1922,4b5d6871f964a5201d5c29e3,1.0,1344595191,0,0,0,0,0,0,0,0
1923,4b5c0be8f964a520562229e3,1.0,1341653600,0,0,0,0,0,0,0,0
1924,4b5aa5eff964a5205ccf28e3,1.0,1343639491,1,1,0,1,1,1,0,1
1924,4b5aa67af964a52072cf28e3,1.0,1343640977,1,1,0,1,1,1,0,1
1929,4b7af3d1f964a520e3472fe3,1.0,1353225493,0,0,0,0,0,0,0,0
193,4b5aa058f964a52068ce28e3,1.0,1350019905,2,56,1090,23285,2,47,993,20337
193,4b5c0fe0f964a520d62229e3,1.0,1350110587,0,7,114,3354,0,4,72,1999
193,4b63ca9ef964a520c5912ae3,1.0,1350022223,2,52,1081,22827,2,47,993,20337
193,4d526ef4e02754816d6eb4b6,1.0,1350024256,2,53,1075,22724,2,47,993,20337
1931,4b35706ff964a5202b2d25e3,1.0,1341390226,1,22,237,3661,1,15,180,2262
1931,4b5aa058f964a52068ce28e3,1.0,1334028550,1,40,642,14045,1,33,539,11091
1931,4b6a851bf964a52093d72be3,1.0,1338881833,0,12,124,3295,0,11,83,2262
1931,4b7af3d1f964a520e3472fe3,1.0,1353150020,1,45,644,14131,1,33,539,11091
1931,4f7f9ceae4b023c637e055ec,1.0,1334026087,1,17,223,3158,1,15,180,2262
1933,4b5c0fe0f964a520d62229e3,1.0,1336116150,0,0,0,0,0,0,0,0
1935,4b697a2ef964a520d6a32be3,1.0,1347769486,0,0,0,0,0,0,0,0
1940,4b35706ff964a5202b2d25e3,1.0,1333867205,0,0,0,0,0,0,0,0
1941,4b7bc5d9f964a520996d2fe3,1.0,1347531407,1,1,0,1,1,1,0,1
1941,4c4bff47bad7a5939ee1a0ac,1.0,1344604094,1,1,0,1,1,1,0,1
1943,4b5bad9cf964a520820f29e3,1.0,1338099128,1,20,316,5010,1,19,297,4488
1943,4b6929aaf964a520ad9a2be3,1.0,1335265614,0,1,17,495,0,1,16,443
1943,4dd3951cd22dc96be80944d4,1.0,1338099400,1,19,313,4963,1,19,297,4488
1945,4b35a0aaf964a5204a2e25e3,1.0,1337251534,0,0,0,0,0,0,0,0
1948,4b526ce7f964a520a67c27e3,1.0,1334985480,0,3,6,130,0,3,6,129
1948,4b5aa58bf964a52048cf28e3,1.0,1336192182,0,3,6,130,0,3,6,129
1950,4b5c0be8f964a520562229e3,1.0,1336985267,1,11,48,439,1,8,39,234
1950,4b5c0fe0f964a520d62229e3,1.0,1352375211,0,3,16,396,0,3,7,234
1950,4b63f798f964a52028992ae3,1.0,1337937689,1,8,52,393,1,8,39,234
1951,4b6c9fc7f964a5206b472ce3,1.0,1350037092,0,0,0,0,0,0,0,0
1955,4d148b7c6d1037040f3122bd,1.0,1336389063,0,0,0,0,0,0,0,0
1958,4b35706ff964a5202b2d25e3,1.0,1353833792,1,16,189,2392,1,13,166,1868
1958,4b5a905df964a52084cb28e3,1.0,1333880318,1,18,228,2949,1,18,212,2641
1958,4b5c0fe0f964a520d62229e3,1.0,1333880792,1,21,254,3433,1,18,212,2641
1958,4f5c13fee4b086681bb56c4f,1.0,1338708473,1,13,187,2140,1,13,166,1868
1959,4b582d82f964a520084d28e3,1.0,1335264050,0,0,0,0,0,0,0,0
1960,4ca927a744a8224b65201f40,1.0,1334893078,0,0,0,0,0,0,0,0
1961,4b0587b8f964a52012a122e3,1.0,1335179102,3,58,955,15384,3,50,780,11365
1961,4b35a0aaf964a5204a2e25e3,1.0,1335955012,3,65,1025,17238,3,50,780,11365
1961,4b49a6bef964a5202b7226e3,1.0,1337341152,2,54,1167,25303,2,47,999,20396
1961,4b5542c8f964a52027e027e3,1.0,1341400667,2,61,1177,25622,2,47,999,20396
1961,4b5bb41df964a520111129e3,1.0,1335177517,3,71,1049,17908,3,50,780,11365
1961,4b5c0fe0f964a520d62229e3,1.0,1337249362,0,24,239,6142,0,13,110,2515
1961,4b7e29e5f964a520ebe42fe3,1.0,1341399290,2,63,1193,26184,2,47,999,20396
1961,4dd3951cd22dc96be80944d4,1.0,1335173755,3,64,1011,16621,3,50,780,11365
1962,4b7e29e5f964a520ebe42fe3,1.0,1344663493,0,0,0,0,0,0,0,0
1963,4b5855d5f964a5204b5328e3,1.0,1338734963,1,9,15,183,1,6,11,142
1963,4b5aa058f964a52068ce28e3,1.0,1342085334,0,2,26,753,0,2,18,488
1963,4b5c0be8f964a520562229e3,1.0,1342413446,0,1,19,610,0,1,18,488
1963,4b68dccdf964a520a0902be3,1.0,1352107515,1,6,14,56,1,6,11,23
1966,4b35a0aaf964a5204a2e25e3,1.0,1352277339,0,0,0,0,0,0,0,0
1968,4b5abaa5f964a52056d228e3,1.0,1339292554,1,4,10,23,1,4,10,23
1968,4b652cfff964a5209ee72ae3,1.0,1338016509,1,4,10,23,1,4,10,23
1969,4b7af3d1f964a520e3472fe3,1.0,1351161170,0,0,0,0,0,0,0,0
1971,4b5bad9cf964a520820f29e3,1.0,1350897990,0,0,0,0,0,0,0,0
1975,4b5542c8f964a52027e027e3,1.0,1347694794,0,0,0,0,0,0,0,0
1979,4b697a2ef964a520d6a32be3,1.0,1342086864,0,0,0,0,0,0,0,0
198,4b5abaa5f964a52056d228e3,1.0,1339313813,0,0,0,0,0,0,0,0
1986,4b5aa58bf964a52048cf28e3,1.0,1342519307,1,24,217,2785,1,24,212,2641
1986,4b5be779f964a520981c29e3,1.0,1341977435,0,0,2,18,0,0,2,12
1986,4b5c0fe0f964a520d62229e3,1.0,1352168151,1,24,217,2793,1,24,212,2641
1994,4b35a0aaf964a5204a2e25e3,1.0,1352192843,0,3,47,1325,0,3,41,1122
1994,4b7af3d1f964a520e3472fe3,1.0,1336813749,0,3,47,1325,0,3,41,1122
1995,4b5c0fe0f964a520d62229e3,1.0,1333864293,0,2,5,185,0,2,5,179
1995,4b6c9fc7f964a5206b472ce3,1.0,1338104063,0,2,5,185,0,2,5,179
1996,4b6a851bf964a52093d72be3,1.0,1345278346,0,0,0,0,0,0,0,0
1997,4b5a9d21f964a520c6cd28e3,1.0,1338099007,0,2,1,21,0,2,1,19
1997,4b6f9ee6f964a5202af82ce3,1.0,1335004921,0,2,1,21,0,2,1,19
20,4b582d82f964a520084d28e3,1.0,1339069674,3,59,947,15116,3,49,778,11365
20,4b5bb41df964a520111129e3,1.0,1333619925,3,73,993,16364,3,49,778,11365
20,4b6a851bf964a52093d72be3,1.0,1342078874,3,65,989,16247,3,49,778,11365
20,4b7af3d1f964a520e3472fe3,1.0,1339241427,1,42,700,15736,1,28,561,11365
20,4d526ef4e02754816d6eb4b6,1.0,1334460179,1,32,648,14389,1,28,561,11365
20,4dd3951cd22dc96be80944d4,1.0,1339070607,3,63,981,15818,3,49,778,11365
2003,4b6c9fc7f964a5206b472ce3,1.0,1353213042,0,0,0,0,0,0,0,0
2005,4b5bb41df964a520111129e3,1.0,1341564332,0,1,18,414,0,1,18,392
2005,4bc04e402a89ef3bd45cf088,1.0,1335087878,0,1,18,414,0,1,18,392
2012,4b6170d8f964a520a7132ae3,1.0,1336189554,0,0,0,0,0,0,0,0
2019,4b5542c8f964a52027e027e3,1.0,1336117222,0,0,0,0,0,0,0,0
2025,4b49a6bef964a5202b7226e3,1.0,1353215591,1,23,515,10773,1,23,508,10543
2025,4b5abaa5f964a52056d228e3,1.0,1350028254,0,0,7,193,0,0,6,163
2025,4d526ef4e02754816d6eb4b6,1.0,1353215467,1,23,516,10778,1,23,508,10543
2026,4b5855d5f964a5204b5328e3,1.0,1334138114,0,0,0,0,0,0,0,0
2029,4b5aa58bf964a52048cf28e3,1.0,1347696411,0,0,0,0,0,0,0,0
2031,4c09d81c6071a593e6bade32,1.0,1336375867,0,0,0,0,0,0,0,0
2032,4bc04e402a89ef3bd45cf088,1.0,1338699070,0,0,0,0,0,0,0,0
2036,4b52730af964a520da7d27e3,1.0,1336106075,0,0,0,0,0,0,0,0
2039,4b5e654bf964a520fa8c29e3,1.0,1341402164,0,0,0,0,0,0,0,0
2041,4b5a905df964a52084cb28e3,1.0,1344930397,2,28,405,5116,2,28,380,4659
2041,4b6929aaf964a520ad9a2be3,1.0,1341827063,2,31,403,5107,2,28,380,4659
2041,4bd0416e9854d13a5252f74d,1.0,1338283294,2,31,404,5115,2,28,380,4659
2042,4b63ca9ef964a520c5912ae3,1.0,1336200561,0,0,0,0,0,0,0,0
2044,4b35a0aaf964a5204a2e25e3,1.0,1341564537,0,8,90,2424,0,4,48,1325
2044,4b5a9d21f964a520c6cd28e3,1.0,1341385389,0,5,17,438,0,2,9,301
2044,4b5abaa5f964a52056d228e3,1.0,1345430031,0,1,7,209,0,1,6,163
2044,4b5c0fe0f964a520d62229e3,1.0,1353479924,0,15,76,2388,0,8,48,1325
2044,4b651198f964a5208ee22ae3,1.0,1337062107,0,3,12,388,0,2,7,282
2044,4b690990f964a52098972be3,1.0,1340765901,1,3,6,85,1,2,2,78
2044,4b6f9ee6f964a5202af82ce3,1.0,1336099647,0,4,19,645,0,2,12,314
2044,4b7af3d1f964a520e3472fe3,1.0,1342494028,0,16,125,3711,0,8,48,1325
2044,4b90ffe3f964a520729e33e3,1.0,1340766534,1,2,5,24,1,2,2,8
2044,4c456aeff0bdd13aa2e5cacc,1.0,1353643337,0,0,0,8,0,0,0,8
2044,4f98eeb0e4b01ba9d4a85666,1.0,1335422647,0,1,1,44,0,1,1,43
2047,4b5ad3dbf964a52065d628e3,1.0,1350391372,0,0,9,201,0,0,9,201
2047,4b7e29e5f964a520ebe42fe3,1.0,1353148350,0,0,9,201,0,0,9,201
2056,4b35a0aaf964a5204a2e25e3,1.0,1336805421,0,0,2,40,0,0,2,38
2056,4b76624df964a520594a2ee3,1.0,1335080022,0,0,2,40,0,0,2,38
2057,4b5c0fe0f964a520d62229e3,1.0,1347700389,0,0,0,0,0,0,0,0
206,4b526ce7f964a520a67c27e3,1.0,1336211093,0,0,0,0,0,0,0,0
2062,4b5be779f964a520981c29e3,1.0,1338362633,1,1,1,13,1,1,1,12
2062,4b7af3d1f964a520e3472fe3,1.0,1335004929,0,0,1,49,0,0,1,28
2062,4c9c3876d3c2b60c2f14b6bc,1.0,1338361236,1,1,2,40,1,1,1,28
2066,4b7af3d1f964a520e3472fe3,1.0,1343526290,0,2,40,1004,0,2,38,946
2066,4e910f436d8615aa713956d3,1.0,1338103544,0,2,40,1004,0,2,38,946
2067,4b5c0be8f964a520562229e3,1.0,1344591141,0,0,0,0,0,0,0,0
207,4b5c0fe0f964a520d62229e3,1.0,1336555021,0,16,111,3311,0,11,71,1978
207,4b6a851bf964a52093d72be3,1.0,1339579451,0,12,114,3159,0,11,71,1978
207,4b7af3d1f964a520e3472fe3,1.0,1337592359,1,47,632,14138,1,33,539,11091
207,4b7e29e5f964a520ebe42fe3,1.0,1344229971,1,41,625,13844,1,33,539,11091
2070,4b7af3d1f964a520e3472fe3,1.0,1337938580,0,0,0,0,0,0,0,0
2073,4b5bb41df964a520111129e3,1.0,1350093451,1,23,317,4910,1,23,302,4552
2073,4dd3951cd22dc96be80944d4,1.0,1346839203,1,23,317,4910,1,23,302,4552
2077,4b49a6bef964a5202b7226e3,1.0,1352630537,1,23,500,10395,1,23,499,10353
2077,4b88c6bbf964a520000d32e3,1.0,1352625885,1,23,500,10395,1,23,499,10353
2078,4bd962602e6f0f4780610a08,1.0,1340796163,0,0,0,0,0,0,0,0
2079,4bc04e402a89ef3bd45cf088,1.0,1353130103,0,0,0,0,0,0,0,0
2081,4b0587b8f964a52012a122e3,1.0,1344167930,2,36,569,8704,2,35,549,8221
2081,4b7520b8f964a520b6fe2de3,1.0,1341740097,2,39,571,8727,2,35,549,8221
2081,4dd3951cd22dc96be80944d4,1.0,1341737401,2,39,588,8995,2,35,549,8221
2082,4b5c0be8f964a520562229e3,1.0,1353833580,0,3,7,229,0,3,6,179
2082,4b5c0fe0f964a520d62229e3,1.0,1334994259,0,3,7,229,0,3,6,179
2084,4b526ce7f964a520a67c27e3,1.0,1334920080,0,0,0,0,0,0,0,0
2087,4b6170d8f964a520a7132ae3,1.0,1336112024,0,0,0,0,0,0,0,0
209,4b36cbc0f964a5209d3c25e3,1.0,1344593283,1,2,7,9,1,2,5,8
209,4b651198f964a5208ee22ae3,1.0,1342229138,1,2,7,9,1,2,5,8
2090,4b5be175f964a5206c1b29e3,1.0,1336126893,0,0,0,0,0,0,0,0
2091,4b5aa058f964a52068ce28e3,1.0,1344671374,0,0,0,0,0,0,0,0
2093,4b63ca9ef964a520c5912ae3,1.0,1339915510,0,0,5,141,0,0,5,140
2093,4e4cfe4718388d49816f02a9,1.0,1353142868,0,0,5,141,0,0,5,140
2094,4b5beeb7f964a520d61d29e3,1.0,1339582429,0,0,0,0,0,0,0,0
2096,4bd0416e9854d13a5252f74d,1.0,1338087858,0,0,0,0,0,0,0,0
2097,4b6acb5df964a520a0e02be3,1.0,1350475412,0,0,0,0,0,0,0,0
2097,4b88c6bbf964a520000d32e3,1.0,1353211420,0,0,0,0,0,0,0,0
2098,4b5bb41df964a520111129e3,1.0,1353488845,0,0,0,0,0,0,0,0
210,4cf587a4eb096ea83378c048,1.0,1335447971,0,0,0,0,0,0,0,0
2104,4b5aa058f964a52068ce28e3,1.0,1338170145,0,0,0,0,0,0,0,0
2105,4b91b2e9f964a520c9d033e3,1.0,1350103440,0,0,0,0,0,0,0,0
2108,4b63eb4ff964a52015972ae3,1.0,1353655798,0,0,0,0,0,0,0,0
2109,4bc04e402a89ef3bd45cf088,1.0,1351303771,0,0,0,0,0,0,0,0
2111,4e13d537b61c18a826fcd777,1.0,1337405644,0,0,0,0,0,0,0,0
2115,4b5c0fe0f964a520d62229e3,1.0,1335526135,0,0,0,0,0,0,0,0
2116,4d526ef4e02754816d6eb4b6,1.0,1335068967,1,22,490,10166,1,22,490,10160
2116,4ff147c5e4b05cede0ddeddc,1.0,1341404257,1,22,490,10166,1,22,490,10160
2117,4bd962602e6f0f4780610a08,1.0,1342341949,0,0,0,0,0,0,0,0
212,4b5e654bf964a520fa8c29e3,1.0,1352712355,0,0,0,0,0,0,0,0
2121,4b5be779f964a520981c29e3,1.0,1343461958,0,0,0,0,0,0,0,0
2122,4b5aa058f964a52068ce28e3,1.0,1335415708,2,51,1044,21840,2,44,990,20255
2122,4b5bdb89f964a520171a29e3,1.0,1335352250,0,0,0,0,0,0,0,0
2122,4b5bfd03f964a520462029e3,1.0,1335418423,2,44,1018,21067,2,44,990,20255
2122,4b7e29e5f964a520ebe42fe3,1.0,1336797892,2,51,1042,21797,2,44,990,20255
2124,4b5bad9cf964a520820f29e3,1.0,1351163254,0,0,10,217,0,0,10,211
2124,4e4cfe4718388d49816f02a9,1.0,1339515947,0,0,10,217,0,0,10,211
2126,4b7e29e5f964a520ebe42fe3,1.0,1342058576,0,0,0,0,0,0,0,0
2127,4e910f436d8615aa713956d3,1.0,1345272692,0,0,0,0,0,0,0,0
2131,4b49a6bef964a5202b7226e3,1.0,1351413660,0,0,0,0,0,0,0,0
2132,4ba61ca4f964a5207c3439e3,1.0,1343635165,0,0,0,4,0,0,0,4
2132,4c1b527463750f475aa2b467,1.0,1344921671,0,0,0,4,0,0,0,4
2133,4b49a6bef964a5202b7226e3,1.0,1336806190,0,0,9,247,0,0,8,236
2133,4b651198f964a5208ee22ae3,1.0,1335609033,0,0,9,247,0,0,8,236
2134,4b5c11a5f964a520382329e3,1.0,1334919761,0,0,0,0,0,0,0,0
2137,4b5aa058f964a52068ce28e3,1.0,1335073118,0,0,0,0,0,0,0,0
2138,4b5aa058f964a52068ce28e3,1.0,1339314647,0,0,0,0,0,0,0,0
2139,4b5bad9cf964a520820f29e3,1.0,1345252167,1,24,303,4715,1,24,297,4488
2139,4b5bb41df964a520111129e3,1.0,1345255859,1,24,303,4715,1,24,297,4488
214,4b651b5df964a52079e42ae3,1.0,1336816808,0,0,0,0,0,0,0,0
2141,4b582d82f964a520084d28e3,1.0,1341726676,1,18,286,4399,1,18,285,4370
2141,4b7520b8f964a520b6fe2de3,1.0,1341736575,1,18,286,4399,1,18,285,4370
2142,4b5abaa5f964a52056d228e3,1.0,1338882865,0,0,0,9,0,0,0,8
2142,4b63f798f964a52028992ae3,1.0,1350040649,0,0,0,9,0,0,0,8
2145,4b7e29e5f964a520ebe42fe3,1.0,1337824193,0,0,0,0,0,0,0,0
2147,4b5bad9cf964a520820f29e3,1.0,1338024298,1,17,293,4504,1,17,287,4397
2147,4b7520b8f964a520b6fe2de3,1.0,1334915201,1,17,293,4504,1,17,287,4397
2149,4b5e9e59f964a5201c9429e3,1.0,1343458017,0,0,0,0,0,0,0,0
215,4b52730af964a520da7d27e3,1.0,1335952809,0,1,3,65,0,1,3,65
215,4b6c9fc7f964a5206b472ce3,1.0,1334270445,0,1,3,65,0,1,3,65
2150,4b76624df964a520594a2ee3,1.0,1334981260,1,2,2,0,1,2,2,0
2150,4ba61ca4f964a5207c3439e3,1.0,1353658953,1,2,2,0,1,2,2,0
2154,4b62da14f964a5208c552ae3,1.0,1336909557,0,0,0,0,0,0,0,0
2159,4b5bad9cf964a520820f29e3,1.0,1343468876,2,43,605,9370,2,35,555,8245
2159,4b5bb41df964a520111129e3,1.0,1343467940,2,47,616,9544,2,35,555,8245
2159,4b8a22c0f964a5207b6132e3,1.0,1338889570,0,0,0,0,0,0,0,0
2159,4dd3951cd22dc96be80944d4,1.0,1343465947,2,42,619,9564,2,35,555,8245
216,4b651198f964a5208ee22ae3,1.0,1343635594,0,0,0,0,0,0,0,0
2160,4b5aa058f964a52068ce28e3,1.0,1334227113,2,66,1107,23596,2,53,999,20396
2160,4b651198f964a5208ee22ae3,1.0,1339233656,0,6,23,581,0,3,10,282
2160,4b651b5df964a52079e42ae3,1.0,1335090822,0,4,29,921,0,2,18,574
2160,4b7af3d1f964a520e3472fe3,1.0,1336637385,2,69,1129,24057,2,53,999,20396
2160,4b7e29e5f964a520ebe42fe3,1.0,1342515517,2,65,1113,23551,2,53,999,20396
2160,4ecf58f061af476c0748a1c2,1.0,1338705525,0,2,37,782,0,2,29,498
2163,4b5ad6e3f964a520ecd628e3,1.0,1352794696,0,0,0,0,0,0,0,0
2168,4b6bc201f964a5208f172ce3,1.0,1354012948,1,2,4,2,1,2,2,2
2168,4b90ffe3f964a520729e33e3,1.0,1334576444,1,2,4,2,1,2,2,2
2169,4b5bf603f964a520171f29e3,1.0,1338020535,0,1,5,95,0,1,5,69
2169,4b6929aaf964a520ad9a2be3,1.0,1336035926,0,2,15,464,0,2,13,411
2169,4b7e29e5f964a520ebe42fe3,1.0,1338095287,0,3,20,543,0,2,13,411
2177,4b5d6871f964a5201d5c29e3,1.0,1334040628,0,0,0,0,0,0,0,0
2178,4b5aa058f964a52068ce28e3,1.0,1353741140,3,79,1589,33220,3,67,1429,28953
2178,4b6036e1f964a5204dda29e3,1.0,1353823250,0,0,27,636,0,0,25,595
2178,4b63ca9ef964a520c5912ae3,1.0,1353741197,3,74,1564,32668,3,67,1429,28953
2178,4b7e29e5f964a520ebe42fe3,1.0,1353741184,3,75,1585,33212,3,67,1429,28953
2178,4bd962602e6f0f4780610a08,1.0,1353741211,3,70,1539,32012,3,67,1429,28953
2180,4b5c0fe0f964a520d62229e3,1.0,1336803578,0,0,0,0,0,0,0,0
2182,4b5aa58bf964a52048cf28e3,1.0,1341625226,0,0,0,1,0,0,0,1
2182,4b5aa67af964a52072cf28e3,1.0,1339045015,0,0,0,0,0,0,0,0
2182,4b7a66d4f964a520dd2b2fe3,1.0,1339053533,0,0,0,1,0,0,0,1
2183,4b7af3d1f964a520e3472fe3,1.0,1351222045,0,0,0,0,0,0,0,0
2184,4b5c0fe0f964a520d62229e3,1.0,1333618630,0,0,0,0,0,0,0,0
2187,4b35a0aaf964a5204a2e25e3,1.0,1340012313,1,21,329,5449,1,19,293,4455
2187,4b63ca9ef964a520c5912ae3,1.0,1337410811,0,3,49,1426,0,3,44,1259
2187,4e910f436d8615aa713956d3,1.0,1337401613,1,20,322,5245,1,19,293,4455
2190,4b5aa67af964a52072cf28e3,1.0,1339996917,0,0,0,0,0,0,0,0
2193,4b5aa058f964a52068ce28e3,1.0,1353920431,1,23,516,10708,1,23,515,10656
2193,4b63eb4ff964a52015972ae3,1.0,1341745987,1,23,516,10708,1,23,515,10656
2194,4b526ce7f964a520a67c27e3,1.0,1339067024,0,0,0,2,0,0,0,2
2194,4b739b04f964a520b7b52de3,1.0,1345268116,0,0,0,2,0,0,0,2
22,4b5bfab8f964a520e91f29e3,1.0,1341471665,1,23,495,10277,1,23,494,10245
22,4b62da14f964a5208c552ae3,1.0,1343123693,1,23,494,10276,1,23,494,10245
22,4d03226d26adb1f71bbcca70,1.0,1339294327,0,0,1,20,0,0,1,13
22,4db0871dfc60cfe27fb3eaad,1.0,1335578041,1,0,0,0,1,0,0,0
22,4e65a3b9b0fb188e8f0f061f,1.0,1335593717,1,0,0,1,1,0,0,1
2201,4b63f798f964a52028992ae3,1.0,1337226223,0,0,0,0,0,0,0,0
2206,4b5bb41df964a520111129e3,1.0,1341385447,1,23,317,4910,1,23,302,4552
2206,4dd3951cd22dc96be80944d4,1.0,1351482997,1,23,317,4910,1,23,302,4552
2210,4b5a9d21f964a520c6cd28e3,1.0,1344758445,0,0,0,0,0,0,0,0
2211,4b7af3d1f964a520e3472fe3,1.0,1337137051,0,0,0,0,0,0,0,0
2216,4f7f9ceae4b023c637e055ec,1.0,1343548960,0,0,0,0,0,0,0,0
2217,4b651361f964a520f5e22ae3,1.0,1335155509,0,0,0,0,0,0,0,0
2219,4b57171cf964a520052628e3,1.0,1337998844,1,4,2,10,1,4,2,10
2219,4b5a9d21f964a520c6cd28e3,1.0,1339641421,1,4,2,10,1,4,2,10
2230,4b526ce7f964a520a67c27e3,1.0,1335683882,0,1,7,157,0,1,6,129
2230,4b6929aaf964a520ad9a2be3,1.0,1335691849,0,1,7,157,0,1,6,129
2231,4b0587b8f964a52012a122e3,1.0,1341394197,2,39,641,10617,2,35,562,8550
2231,4b35a0aaf964a5204a2e25e3,1.0,1352198669,2,43,697,12054,2,35,562,8550
2231,4b49a6bef964a5202b7226e3,1.0,1337402762,2,51,1124,24044,2,46,999,20396
2231,4b5aa058f964a52068ce28e3,1.0,1337409590,2,57,1198,25556,2,46,999,20396
2231,4b7520b8f964a520b6fe2de3,1.0,1342249828,2,36,655,10817,2,35,562,8550
2231,4b7e29e5f964a520ebe42fe3,1.0,1338712206,2,57,1146,24693,2,46,999,20396
2231,4bc04e402a89ef3bd45cf088,1.0,1334997651,0,3,81,2073,0,3,58,1437
2232,4c1b527463750f475aa2b467,1.0,1338770523,0,0,0,0,0,0,0,0
2233,4b526ce7f964a520a67c27e3,1.0,1335086392,0,0,16,424,0,0,15,398
2233,4b5542c8f964a52027e027e3,1.0,1338290283,0,0,16,424,0,0,15,398
2234,4b5a9d21f964a520c6cd28e3,1.0,1336722198,0,0,0,0,0,0,0,0
2236,4b5bb41df964a520111129e3,1.0,1334028308,1,21,309,4868,1,21,298,4505
2236,4b5beeb7f964a520d61d29e3,1.0,1338111672,1,21,309,4868,1,21,298,4505
2237,4b5e654bf964a520fa8c29e3,1.0,1339580202,0,0,5,35,0,0,3,27
2237,4c1b527463750f475aa2b467,1.0,1342420993,0,2,19,127,0,2,16,95
2237,4dfdc23f8877e9c474975aa6,1.0,1338276536,0,2,18,104,0,2,16,95
2238,4b6929aaf964a520ad9a2be3,1.0,1351493363,0,5,32,951,0,3,23,686
2238,4b7af3d1f964a520e3472fe3,1.0,1350021070,1,38,570,12235,1,33,539,11091
2238,4b7e29e5f964a520ebe42fe3,1.0,1339663885,1,35,569,12214,1,33,539,11091
2238,4ba5cae4f964a520962239e3,1.0,1339048733,0,2,9,288,0,2,5,143
2240,4b6f9ee6f964a5202af82ce3,1.0,1336902145,0,0,0,0,0,0,0,0
2242,4b526ce7f964a520a67c27e3,1.0,1352196307,1,13,162,1814,1,13,161,1778
2242,4bc04e402a89ef3bd45cf088,1.0,1352606729,1,13,162,1814,1,13,161,1778
2243,4b91b2e9f964a520c9d033e3,1.0,1335690269,0,0,0,0,0,0,0,0
2244,4b5c0be8f964a520562229e3,1.0,1339231738,0,2,36,890,0,2,29,589
2244,4b7e29e5f964a520ebe42fe3,1.0,1338698627,1,24,525,10947,1,22,505,10425
2244,4d32911b5017a093aae54a9b,1.0,1336875085,1,22,521,10829,1,22,505,10425
2247,4b5bad9cf964a520820f29e3,1.0,1345269427,0,0,0,0,0,0,0,0
2249,4b5beeb7f964a520d61d29e3,1.0,1339211782,0,0,0,0,0,0,0,0
2252,4b5c0fe0f964a520d62229e3,1.0,1336091513,0,0,0,0,0,0,0,0
2254,4ba5cae4f964a520962239e3,1.0,1336112770,0,0,0,0,0,0,0,0
2257,4b526ce7f964a520a67c27e3,1.0,1334985122,0,0,0,0,0,0,0,0
2258,4b5c0be8f964a520562229e3,1.0,1334311031,1,6,39,193,1,6,39,181
2258,4b5c11a5f964a520382329e3,1.0,1334310979,1,6,39,193,1,6,39,181
226,4b651198f964a5208ee22ae3,1.0,1343530302,0,0,0,0,0,0,0,0
2262,4b582d82f964a520084d28e3,1.0,1334488306,0,0,0,0,0,0,0,0
2263,4b63eb4ff964a52015972ae3,1.0,1349689778,3,70,1489,30860,3,67,1426,28953
2263,4b7af3d1f964a520e3472fe3,1.0,1351307599,3,75,1591,32858,3,67,1426,28953
2263,4b88c6bbf964a520000d32e3,1.0,1333620839,3,72,1493,30959,3,67,1426,28953
2263,4c62336158810f4723d2061e,1.0,1344658897,3,67,1489,30847,3,67,1426,28953
2264,4b6170d8f964a520a7132ae3,1.0,1336204901,0,0,0,0,0,0,0,0
2267,4b71176af964a5207a392de3,1.0,1339388667,0,0,0,0,0,0,0,0
227,4b7bc5d9f964a520996d2fe3,1.0,1337415606,0,0,0,0,0,0,0,0
2279,4b35706ff964a5202b2d25e3,1.0,1334306327,0,0,19,427,0,0,19,420
2279,4b582d82f964a520084d28e3,1.0,1351074523,0,0,19,427,0,0,19,420
228,4b63ca9ef964a520c5912ae3,1.0,1337408102,0,0,0,0,0,0,0,0
2282,4b5c0fe0f964a520d62229e3,1.0,1352631850,0,0,0,0,0,0,0,0
2286,4b5542c8f964a52027e027e3,1.0,1336201614,0,0,0,0,0,0,0,0
229,4b5bfab8f964a520e91f29e3,1.0,1351409950,0,2,53,1363,0,2,40,1021
229,4b5c0fe0f964a520d62229e3,1.0,1336206109,3,44,687,8974,3,42,546,6552
229,4b7a0c3cf964a520a2202fe3,1.0,1341108079,3,42,586,7393,3,42,546,6552
229,4e33b15962e1733d7aa4f6b8,1.0,1333862166,3,42,584,7359,3,42,546,6552
229,4f8e3f6ce4b0dcea356eba23,1.0,1335248464,3,42,584,7359,3,42,546,6552
2290,4b5aa58bf964a52048cf28e3,1.0,1341829064,0,0,0,0,0,0,0,0
232,4b0587b8f964a52012a122e3,1.0,1339067707,0,0,0,0,0,0,0,0
233,4b65817ef964a520bdf22ae3,1.0,1335072133,1,0,1,5,1,0,1,4
233,4b67d1a8f964a520795e2be3,1.0,1342178290,0,1,4,18,0,1,1,6
233,4b739b04f964a520b7b52de3,1.0,1342164786,0,0,0,2,0,0,0,2
233,4b90ffe3f964a520729e33e3,1.0,1334481638,0,1,2,11,0,1,1,6
233,4d44f7491ed56dcb0c3bb654,1.0,1335068410,1,0,1,2,1,0,1,2
234,4b6929aaf964a520ad9a2be3,1.0,1337649960,0,0,0,0,0,0,0,0
236,4b5bad9cf964a520820f29e3,1.0,1353637580,1,18,296,4565,1,18,290,4425
236,4e910f436d8615aa713956d3,1.0,1353635643,1,18,296,4565,1,18,290,4425
239,4b7af3d1f964a520e3472fe3,1.0,1336891836,0,0,0,0,0,0,0,0
242,4b5e9e59f964a5201c9429e3,1.0,1339490082,0,0,0,0,0,0,0,0
243,4b690990f964a52098972be3,1.0,1351406883,0,0,0,0,0,0,0,0
246,4b7e29e5f964a520ebe42fe3,1.0,1343336440,0,0,0,0,0,0,0,0
25,4b5e654bf964a520fa8c29e3,1.0,1342431945,0,0,0,0,0,0,0,0
256,4b5c0fe0f964a520d62229e3,1.0,1351733621,0,0,0,0,0,0,0,0
257,4b690d8ef964a520ff972be3,1.0,1341995665,1,2,4,4,1,2,2,3
257,4b90ffe3f964a520729e33e3,1.0,1334301358,1,2,4,4,1,2,2,3
259,4b35a0aaf964a5204a2e25e3,1.0,1336121007,0,0,0,0,0,0,0,0
26,4b5bb41df964a520111129e3,1.0,1342339098,0,6,36,987,0,6,31,748
26,4b5c0fe0f964a520d62229e3,1.0,1334315549,0,6,36,1005,0,6,31,748
26,4ba5cae4f964a520962239e3,1.0,1338707693,0,0,2,128,0,0,1,94
261,4b5bad9cf964a520820f29e3,1.0,1334993019,0,1,9,206,0,1,9,196
261,4b6c9fc7f964a5206b472ce3,1.0,1335608535,0,1,9,206,0,1,9,196
263,4b35a0aaf964a5204a2e25e3,1.0,1342433443,0,1,4,121,0,1,4,120
263,4b6f9ee6f964a5202af82ce3,1.0,1351310144,0,1,4,121,0,1,4,120
266,4b6f9ee6f964a5202af82ce3,1.0,1344234571,0,0,0,0,0,0,0,0
267,4b6c9fc7f964a5206b472ce3,1.0,1333618474,0,0,0,0,0,0,0,0
27,4b52730af964a520da7d27e3,1.0,1353052730,0,0,0,0,0,0,0,0
270,4b5abaa5f964a52056d228e3,1.0,1342430237,0,0,0,0,0,0,0,0
274,4b5c0be8f964a520562229e3,1.0,1338543389,0,0,2,26,0,0,2,23
274,4b7bc5d9f964a520996d2fe3,1.0,1339913719,0,0,2,26,0,0,2,23
279,4b5d6871f964a5201d5c29e3,1.0,1353217663,0,0,0,0,0,0,0,0
28,4b5aa058f964a52068ce28e3,1.0,1345284957,0,2,51,1421,0,2,46,1204
28,4b5bb41df964a520111129e3,1.0,1346904209,0,2,51,1421,0,2,46,1204
283,4b5aa058f964a52068ce28e3,1.0,1342340910,1,34,577,12387,1,33,539,11091
283,4b6170d8f964a520a7132ae3,1.0,1343548887,0,6,48,1309,0,5,35,884
283,4b624c63f964a52003412ae3,1.0,1352187559,0,0,3,34,0,0,2,29
283,4b7af3d1f964a520e3472fe3,1.0,1342344208,1,38,574,12342,1,33,539,11091
284,4b651b5df964a52079e42ae3,1.0,1336898957,0,0,0,0,0,0,0,0
285,4b57171cf964a520052628e3,1.0,1335073827,1,6,29,602,1,4,15,391
285,4b582d82f964a520084d28e3,1.0,1334401314,1,22,416,7253,1,20,297,4488
285,4b5a9d21f964a520c6cd28e3,1.0,1339912559,1,7,21,523,1,4,9,301
285,4b5a9de1f964a520edcd28e3,1.0,1335082127,1,6,14,174,1,4,4,71
285,4b5bb41df964a520111129e3,1.0,1351658523,1,39,435,8173,1,20,297,4488
285,4b5c0fe0f964a520d62229e3,1.0,1334288134,1,42,362,6514,1,20,212,2641
285,4b6170d8f964a520a7132ae3,1.0,1337940104,1,27,259,4122,1,15,177,2262
285,4b6929aaf964a520ad9a2be3,1.0,1334382564,1,24,273,4252,1,20,212,2641
285,4b7af3d1f964a520e3472fe3,1.0,1337250514,0,29,205,5546,0,11,81,2262
285,4b875774f964a52040bc31e3,1.0,1333536447,1,6,12,173,1,4,4,106
285,4f7f9ceae4b023c637e055ec,1.0,1336812305,1,20,246,3520,1,15,177,2262
287,4b5be175f964a5206c1b29e3,1.0,1338106034,1,1,2,17,1,1,2,13
287,4b697a2ef964a520d6a32be3,1.0,1334485377,1,3,5,8,1,2,2,3
287,4b6c9fc7f964a5206b472ce3,1.0,1335531394,0,0,0,16,0,0,0,13
287,4c09d81c6071a593e6bade32,1.0,1333877069,2,2,3,1,1,2,2,1
288,4b5542c8f964a52027e027e3,1.0,1341992509,0,0,0,0,0,0,0,0
29,4b49a6bef964a5202b7226e3,1.0,1342252466,2,51,1060,22172,2,48,999,20396
29,4b5542c8f964a52027e027e3,1.0,1341312122,2,51,1069,22481,2,48,999,20396
29,4b7af3d1f964a520e3472fe3,1.0,1342246703,2,54,1102,23150,2,48,999,20396
29,4b875774f964a52040bc31e3,1.0,1339591528,1,3,9,129,1,2,4,106
29,4bd91f570115c9b63b8b7680,1.0,1338008542,1,3,12,146,1,2,5,131
291,4b5bb41df964a520111129e3,1.0,1338981245,0,0,0,0,0,0,0,0
293,4b7bc5d9f964a520996d2fe3,1.0,1351843772,0,0,0,0,0,0,0,0
296,4b5542c8f964a52027e027e3,1.0,1342419040,1,31,537,11309,1,28,520,10773
296,4b6f9ee6f964a5202af82ce3,1.0,1342347960,0,4,22,615,0,3,12,314
296,4b7e29e5f964a520ebe42fe3,1.0,1342419060,1,29,539,11386,1,28,520,10773
298,4b6f9ee6f964a5202af82ce3,1.0,1350612709,0,0,0,0,0,0,0,0
30,4b582d82f964a520084d28e3,1.0,1347694174,1,20,362,6326,1,18,297,4690
30,4b5aa58bf964a52048cf28e3,1.0,1335951907,1,25,251,3752,1,24,212,2641
30,4b5bfab8f964a520e91f29e3,1.0,1335950385,1,25,572,12417,1,23,499,10345
30,4b5c0fe0f964a520d62229e3,1.0,1343640655,1,30,363,6230,1,24,212,2641
30,4d526ef4e02754816d6eb4b6,1.0,1335929142,1,26,590,12966,1,23,499,10345
30,4e910f436d8615aa713956d3,1.0,1347692555,1,20,368,6477,1,18,297,4690
300,4b5c0fe0f964a520d62229e3,1.0,1343532994,0,0,0,0,0,0,0,0
302,4b63eb4ff964a52015972ae3,1.0,1342415563,2,48,1018,21080,2,47,993,20337
302,4b7af3d1f964a520e3472fe3,1.0,1344245153,2,49,1072,22202,2,47,993,20337
302,4bd962602e6f0f4780610a08,1.0,1350098303,2,47,1026,21300,2,47,993,20337
303,4b63ca9ef964a520c5912ae3,1.0,1339912346,1,22,495,10260,1,22,494,10228
303,4ff147c5e4b05cede0ddeddc,1.0,1353161145,1,22,495,10260,1,22,494,10228
306,4b6170d8f964a520a7132ae3,1.0,1334920916,0,0,5,121,0,0,5,120
306,4b6f9ee6f964a5202af82ce3,1.0,1341113115,0,0,5,121,0,0,5,120
310,4b5aa058f964a52068ce28e3,1.0,1341558575,2,60,1121,23779,2,48,999,20396
310,4b63ca9ef964a520c5912ae3,1.0,1339313014,2,54,1100,23189,2,48,999,20396
310,4b7af3d1f964a520e3472fe3,1.0,1339311091,2,61,1141,24282,2,48,999,20396
310,4dd3951cd22dc96be80944d4,1.0,1354168115,0,3,106,2768,0,3,81,2241
311,4b5a9d21f964a520c6cd28e3,1.0,1338112191,0,0,0,0,0,0,0,0
329,4b5aa058f964a52068ce28e3,1.0,1333532747,0,2,10,316,0,2,10,277
329,4b651b5df964a52079e42ae3,1.0,1339316602,0,2,10,316,0,2,10,277
331,4b5a905df964a52084cb28e3,1.0,1352280246,1,18,226,2890,1,18,212,2641
331,4b5c0fe0f964a520d62229e3,1.0,1353137175,1,21,236,3085,1,18,212,2641
331,4bc04e402a89ef3bd45cf088,1.0,1352616328,0,3,26,501,0,3,19,389
333,4b6f9ee6f964a5202af82ce3,1.0,1340239031,0,0,0,0,0,0,0,0
335,4b526ce7f964a520a67c27e3,1.0,1336115202,0,0,0,0,0,0,0,0
336,4b5abaa5f964a52056d228e3,1.0,1336184912,1,4,14,30,1,4,10,23
336,4b68dccdf964a520a0902be3,1.0,1336182993,1,4,14,30,1,4,10,23
338,4b0587b8f964a52012a122e3,1.0,1344677943,0,0,0,0,0,0,0,0
339,4b651b5df964a52079e42ae3,1.0,1334051949,0,0,0,0,0,0,0,0
34,4b5542c8f964a52027e027e3,1.0,1339910066,1,23,539,11364,1,23,529,10935
34,4b5aa058f964a52068ce28e3,1.0,1350034579,1,23,539,11364,1,23,529,10935
342,4b6170d8f964a520a7132ae3,1.0,1336192972,0,0,0,0,0,0,0,0
345,4b35706ff964a5202b2d25e3,1.0,1336187935,1,16,185,2106,1,15,165,1800
345,4b526ce7f964a520a67c27e3,1.0,1339934274,1,16,184,2100,1,15,165,1800
345,4be7e5c588ed2d7faf2dcb1d,1.0,1343544788,0,2,31,400,0,2,31,375
348,4b7e29e5f964a520ebe42fe3,1.0,1350104319,0,0,0,0,0,0,0,0
349,4b651198f964a5208ee22ae3,1.0,1337594367,0,1,0,17,0,1,0,17
349,4b651b5df964a52079e42ae3,1.0,1335066301,0,1,0,17,0,1,0,17
351,4b58051ef964a520c54828e3,1.0,1335704716,0,0,2,36,0,0,2,34
351,4c1b527463750f475aa2b467,1.0,1338548153,1,6,33,181,1,6,32,170
351,4d32a9c2b60937042bc8f9df,1.0,1341572941,1,6,35,199,1,6,32,170
352,4b5aa058f964a52068ce28e3,1.0,1343645893,0,0,12,206,0,0,12,206
352,4b63e2c1f964a520c0952ae3,1.0,1339408289,0,0,12,206,0,0,12,206
355,4b5ad6e3f964a520ecd628e3,1.0,1338008621,0,0,0,0,0,0,0,0
357,4b6a851bf964a52093d72be3,1.0,1334297235,0,0,0,0,0,0,0,0
359,4c56628e30d82d7f9490d762,1.0,1335421996,0,0,0,0,0,0,0,0
36,4b5bfab8f964a520e91f29e3,1.0,1334300044,0,0,0,0,0,0,0,0
363,4b49a6bef964a5202b7226e3,1.0,1336811858,0,1,13,342,0,1,12,297
363,4b6f9ee6f964a5202af82ce3,1.0,1339758569,0,1,13,342,0,1,12,297
364,4b57171cf964a520052628e3,1.0,1340766724,0,0,0,0,0,0,0,0
366,4b5542c8f964a52027e027e3,1.0,1350464276,0,0,0,0,0,0,0,0
367,4b35a0aaf964a5204a2e25e3,1.0,1338199769,2,35,591,9116,2,34,549,8222
367,4b5bad9cf964a520820f29e3,1.0,1333623854,2,34,586,9041,2,34,549,8222
367,4b6154f1f964a52056102ae3,1.0,1344507905,2,35,571,8747,2,34,549,8222
368,4b5aa58bf964a52048cf28e3,1.0,1338102790,2,38,414,5246,2,28,383,4659
368,4b5c0fe0f964a520d62229e3,1.0,1338097912,2,38,430,5422,2,28,383,4659
368,4fe3dcaae4b0d43f1f79a1af,1.0,1351316408,2,28,416,5160,2,28,383,4659
369,4b7af3d1f964a520e3472fe3,1.0,1334821918,2,54,1076,22429,2,46,993,20337
369,4b88c6bbf964a520000d32e3,1.0,1339321236,2,49,1034,21435,2,46,993,20337
369,4d526ef4e02754816d6eb4b6,1.0,1335069577,2,49,1046,21854,2,46,993,20337
370,4b5bf603f964a520171f29e3,1.0,1336218206,0,0,0,0,0,0,0,0
378,4b6f9ee6f964a5202af82ce3,1.0,1336107797,0,0,0,0,0,0,0,0
38,4b7af3d1f964a520e3472fe3,1.0,1336997313,0,0,0,0,0,0,0,0
380,4bd3d1909854d13a65bffe4d,1.0,1350906745,0,0,0,0,0,0,0,0
388,4b7af3d1f964a520e3472fe3,1.0,1337163836,1,27,534,11052,1,27,532,10930
388,4b88c6bbf964a520000d32e3,1.0,1337415024,1,27,534,11052,1,27,532,10930
389,4b5bdb89f964a520171a29e3,1.0,1341386036,0,0,0,0,0,0,0,0
39,4eb3c2e3469073bbc565879d,1.0,1339312356,0,0,0,0,0,0,0,0
394,4b5bfab8f964a520e91f29e3,1.0,1345313082,0,0,0,0,0,0,0,0
395,4b6a851bf964a52093d72be3,1.0,1353209209,0,0,0,0,0,0,0,0
401,4b5beeb7f964a520d61d29e3,1.0,1342408307,1,21,297,4669,1,21,295,4486
401,4b6a851bf964a52093d72be3,1.0,1342410755,1,21,297,4669,1,21,295,4486
403,4b52730af964a520da7d27e3,1.0,1334656798,0,0,0,0,0,0,0,0
406,4b5bad9cf964a520820f29e3,1.0,1335677711,0,1,42,1129,0,1,38,959
406,4b5e9e59f964a5201c9429e3,1.0,1333864560,0,0,6,116,0,0,5,91
406,4b7af3d1f964a520e3472fe3,1.0,1335574535,0,1,44,1161,0,1,38,959
408,4b5542c8f964a52027e027e3,1.0,1341574214,0,3,30,821,0,2,23,686
408,4b6929aaf964a520ad9a2be3,1.0,1335231801,1,18,220,3057,1,17,203,2565
408,4bd0416e9854d13a5252f74d,1.0,1335238629,1,19,216,2916,1,17,203,2565
41,4b5bf603f964a520171f29e3,1.0,1334460628,1,5,5,12,1,5,5,9
41,4b651198f964a5208ee22ae3,1.0,1337244703,1,5,5,12,1,5,5,9
415,4b49a6bef964a5202b7226e3,1.0,1336209821,3,68,1507,31375,3,66,1425,28953
415,4b5bfd03f964a520462029e3,1.0,1334460741,3,66,1471,30561,3,66,1425,28953
415,4b63ca9ef964a520c5912ae3,1.0,1336209756,3,70,1522,31614,3,66,1425,28953
415,4bd962602e6f0f4780610a08,1.0,1336214481,3,69,1489,30970,3,66,1425,28953
415,4c1b527463750f475aa2b467,1.0,1342354425,0,1,35,920,0,1,31,628
416,4b526ce7f964a520a67c27e3,1.0,1335680001,0,0,0,0,0,0,0,0
417,4b5aa58bf964a52048cf28e3,1.0,1341628005,0,0,0,0,0,0,0,0
42,4b63ca9ef964a520c5912ae3,1.0,1333498282,1,22,494,10234,1,22,494,10228
42,4df4798c14954f21cf31ea8c,1.0,1336526931,1,22,494,10234,1,22,494,10228
420,4b6f9ee6f964a5202af82ce3,1.0,1336198950,0,0,0,0,0,0,0,0
423,4b5beeb7f964a520d61d29e3,1.0,1354161921,0,0,0,0,0,0,0,0
428,4b526ce7f964a520a67c27e3,1.0,1339579034,0,3,51,1377,0,2,36,900
428,4b582d82f964a520084d28e3,1.0,1344598474,2,34,624,10208,2,33,537,8245
428,4b5aa058f964a52068ce28e3,1.0,1350115672,1,31,657,14171,1,23,529,10724
428,4b62da14f964a5208c552ae3,1.0,1336195406,1,23,570,12564,1,23,529,10724
428,4b6a851bf964a52093d72be3,1.0,1351320742,2,40,658,11122,2,33,537,8245
428,4b91b2e9f964a520c9d033e3,1.0,1351321118,2,37,590,9478,2,33,537,8245
429,4b5c0fe0f964a520d62229e3,1.0,1342249912,0,0,0,0,0,0,0,0
433,4b65817ef964a520bdf22ae3,1.0,1353393756,0,0,0,0,0,0,0,0
434,4b582d82f964a520084d28e3,1.0,1338114957,2,38,593,9156,2,34,549,8222
434,4b5bad9cf964a520820f29e3,1.0,1338001280,2,42,590,9139,2,34,549,8222
434,4b5bb41df964a520111129e3,1.0,1338202426,2,44,605,9375,2,34,549,8222
436,4b5aa58bf964a52048cf28e3,1.0,1336816488,2,39,425,5420,2,30,383,4659
436,4b5c0fe0f964a520d62229e3,1.0,1350988107,2,43,433,5517,2,30,383,4659
436,4bd0416e9854d13a5252f74d,1.0,1339319255,2,34,430,5441,2,30,383,4659
437,4b71176af964a5207a392de3,1.0,1334223558,0,0,0,0,0,0,0,0
438,4b5ad3dbf964a52065d628e3,1.0,1353394002,0,1,31,584,0,1,21,429
438,4b5bad9cf964a520820f29e3,1.0,1334818112,1,24,326,5227,1,24,297,4488
438,4b5bb41df964a520111129e3,1.0,1353813750,1,27,332,5305,1,24,297,4488
438,4b5e654bf964a520fa8c29e3,1.0,1351062610,0,1,13,252,0,1,6,150
438,4b63f798f964a52028992ae3,1.0,1353236010,0,3,28,554,0,2,15,319
439,4b5e654bf964a520fa8c29e3,1.0,1334919072,0,0,0,0,0,0,0,0
440,4b5bb41df964a520111129e3,1.0,1352701718,0,7,41,1245,0,7,38,1084
440,4b7af3d1f964a520e3472fe3,1.0,1350982485,0,7,41,1245,0,7,38,1084
442,4b58051ef964a520c54828e3,1.0,1335672750,0,0,4,45,0,0,3,39
442,4d148b7c6d1037040f3122bd,1.0,1336200439,0,0,4,45,0,0,3,39
444,4b7af3d1f964a520e3472fe3,1.0,1352621737,0,0,0,0,0,0,0,0
445,4b5542c8f964a52027e027e3,1.0,1338360658,0,0,0,0,0,0,0,0
449,4b5542c8f964a52027e027e3,1.0,1338005351,1,33,558,11946,1,26,505,10461
449,4b5c0fe0f964a520d62229e3,1.0,1353227298,1,26,299,4891,1,20,213,2723
449,4b62da14f964a5208c552ae3,1.0,1338009964,1,29,554,11778,1,26,505,10461
449,4bd0416e9854d13a5252f74d,1.0,1342239048,1,22,241,3341,1,20,213,2723
45,4b5e654bf964a520fa8c29e3,1.0,1342437710,0,0,0,0,0,0,0,0
450,4b5bfab8f964a520e91f29e3,1.0,1350039765,0,0,0,0,0,0,0,0
452,4b7af3d1f964a520e3472fe3,1.0,1338705851,1,33,550,11644,1,33,539,11091
452,4b7e29e5f964a520ebe42fe3,1.0,1338714985,1,33,550,11644,1,33,539,11091
456,4b5542c8f964a52027e027e3,1.0,1338259884,0,2,59,1707,0,2,48,1359
456,4b5bad9cf964a520820f29e3,1.0,1338857806,1,18,327,5427,1,17,297,4488
456,4b6a851bf964a52093d72be3,1.0,1336954893,1,18,342,5802,1,17,297,4488
462,4b5bfab8f964a520e91f29e3,1.0,1338283682,0,0,12,292,0,0,10,277
462,4b651b5df964a52079e42ae3,1.0,1336180884,0,0,12,292,0,0,10,277
466,4b5a905df964a52084cb28e3,1.0,1339544365,0,0,0,0,0,0,0,0
468,4b690d8ef964a520ff972be3,1.0,1351155538,0,0,0,0,0,0,0,0
471,4b63f798f964a52028992ae3,1.0,1333618940,0,0,0,0,0,0,0,0
472,4b63ca9ef964a520c5912ae3,1.0,1334898706,0,0,0,0,0,0,0,0
475,4b5542c8f964a52027e027e3,1.0,1336710101,1,29,544,11511,1,28,520,10773
475,4b6929aaf964a520ad9a2be3,1.0,1352720749,0,3,31,898,0,2,23,686
475,4b7e29e5f964a520ebe42fe3,1.0,1339298506,1,30,541,11469,1,28,520,10773
481,4b5c0fe0f964a520d62229e3,1.0,1344236663,0,0,0,0,0,0,0,0
485,4b5855d5f964a5204b5328e3,1.0,1333887056,0,0,0,0,0,0,0,0
489,4b526ce7f964a520a67c27e3,1.0,1336119308,0,0,0,0,0,0,0,0
491,4b52730af964a520da7d27e3,1.0,1341723035,0,0,0,0,0,0,0,0
494,4b7f593ff964a5201d2930e3,1.0,1344593211,1,12,149,1669,1,12,149,1664
494,4e4cfe4718388d49816f02a9,1.0,1334921247,1,12,149,1669,1,12,149,1664
497,4e648c7a8877954de9170315,1.0,1350380861,0,0,0,0,0,0,0,0
50,4b5ac0a7f964a5204bd328e3,1.0,1344825832,0,0,1,7,0,0,1,5
50,4b5bb41df964a520111129e3,1.0,1334911110,1,24,353,5790,1,21,298,4505
50,4b5beeb7f964a520d61d29e3,1.0,1339050900,1,24,361,5777,1,21,298,4505
50,4b63f798f964a52028992ae3,1.0,1335674389,1,9,69,728,1,7,50,401
50,4b6f9ee6f964a5202af82ce3,1.0,1338092918,0,0,13,359,0,0,6,155
50,4d577b04e319a1cdeb420534,1.0,1334210008,1,9,72,847,1,7,50,440
50,4e4cfe4718388d49816f02a9,1.0,1347681336,0,0,41,664,0,0,29,440
503,4b600f20f964a52087d429e3,1.0,1336902748,0,0,0,0,0,0,0,0
504,4b6170d8f964a520a7132ae3,1.0,1339406664,0,0,0,0,0,0,0,0
507,4b63ca9ef964a520c5912ae3,1.0,1351317775,0,0,0,0,0,0,0,0
508,4b90ffe3f964a520729e33e3,1.0,1335064769,0,0,0,0,0,0,0,0
51,4b582d82f964a520084d28e3,1.0,1343122216,0,0,0,0,0,0,0,0
510,4b5855d5f964a5204b5328e3,1.0,1334997690,1,6,12,72,1,6,10,44
510,4b68dccdf964a520a0902be3,1.0,1334996053,1,6,10,32,1,6,10,23
510,4b91b2e9f964a520c9d033e3,1.0,1350116719,0,0,2,56,0,0,1,44
512,4b58051ef964a520c54828e3,1.0,1338089369,0,0,0,0,0,0,0,0
515,4b5c0fe0f964a520d62229e3,1.0,1335412939,0,0,0,0,0,0,0,0
518,4bb596022ea1952114a4aa2f,1.0,1342345650,1,16,240,3724,1,16,240,3724
518,4e13d537b61c18a826fcd777,1.0,1336366696,1,16,240,3724,1,16,240,3724
519,4b5542c8f964a52027e027e3,1.0,1338011603,0,2,11,314,0,2,10,277
519,4b651b5df964a52079e42ae3,1.0,1336880012,0,2,10,283,0,2,10,277
519,4c9c3876d3c2b60c2f14b6bc,1.0,1336812797,0,0,1,37,0,0,1,28
52,4b6170d8f964a520a7132ae3,1.0,1341647998,0,0,0,0,0,0,0,0
524,4b90ffe3f964a520729e33e3,1.0,1351316887,0,0,0,0,0,0,0,0
526,4bd0416e9854d13a5252f74d,1.0,1337081677,0,0,0,0,0,0,0,0
533,4b651361f964a520f5e22ae3,1.0,1336203601,0,0,0,0,0,0,0,0
540,4b582d82f964a520084d28e3,1.0,1337166956,0,0,0,0,0,0,0,0
541,4b62da14f964a5208c552ae3,1.0,1347673460,0,0,0,0,0,0,0,0
542,4b5a9d21f964a520c6cd28e3,1.0,1339236692,0,0,0,0,0,0,0,0
543,4b63ca9ef964a520c5912ae3,1.0,1341461772,0,0,0,0,0,0,0,0
544,4b7520b8f964a520b6fe2de3,1.0,1342340383,0,0,0,0,0,0,0,0
545,4b57171cf964a520052628e3,1.0,1334207003,0,0,0,0,0,0,0,0
548,4b5beeb7f964a520d61d29e3,1.0,1351397159,0,5,32,830,0,5,31,697
548,4b5c0fe0f964a520d62229e3,1.0,1336806441,0,6,31,814,0,5,31,697
548,4f98eeb0e4b01ba9d4a85666,1.0,1351215548,0,1,1,44,0,1,1,43
550,4b63eb4ff964a52015972ae3,1.0,1345291817,0,0,0,0,0,0,0,0
551,4b7e29e5f964a520ebe42fe3,1.0,1338698318,0,0,0,0,0,0,0,0
553,4b6154f1f964a52056102ae3,1.0,1336908406,3,52,848,12947,3,49,778,11361
553,4b7520b8f964a520b6fe2de3,1.0,1336905889,3,58,852,13007,3,49,778,11361
553,4dd3951cd22dc96be80944d4,1.0,1334831691,3,57,888,13582,3,49,778,11361
553,4e910f436d8615aa713956d3,1.0,1335266171,3,55,868,13292,3,49,778,11361
555,4b49a6bef964a5202b7226e3,1.0,1338095342,1,26,546,11443,1,26,539,11091
555,4b7af3d1f964a520e3472fe3,1.0,1339893236,1,26,546,11443,1,26,539,11091
556,4d87295c40a7a35d82fc41be,1.0,1335581624,0,0,0,0,0,0,0,0
557,4b35706ff964a5202b2d25e3,1.0,1334996753,1,19,231,3482,1,15,180,2262
557,4b7520b8f964a520b6fe2de3,1.0,1351309248,0,0,86,2065,0,0,68,1660
557,4b7af3d1f964a520e3472fe3,1.0,1334376958,1,33,633,13575,1,27,535,11020
557,4d526ef4e02754816d6eb4b6,1.0,1334376946,1,29,597,12852,1,27,535,11020
557,4f7f9ceae4b023c637e055ec,1.0,1336803271,1,17,211,2928,1,15,180,2262
558,4b6f9ee6f964a5202af82ce3,1.0,1343118560,0,0,0,0,0,0,0,0
559,4bc04e402a89ef3bd45cf088,1.0,1352613288,0,0,0,0,0,0,0,0
560,4b5a9d21f964a520c6cd28e3,1.0,1336904199,1,2,4,10,1,2,2,10
560,4b5be59df964a520331c29e3,1.0,1344938216,1,2,4,10,1,2,2,10
562,4b63e2c1f964a520c0952ae3,1.0,1351392746,0,0,0,0,0,0,0,0
563,4b5c0fe0f964a520d62229e3,1.0,1334918619,0,0,0,0,0,0,0,0
564,4b5e9e59f964a5201c9429e3,1.0,1336807258,1,2,5,30,1,2,5,30
564,4dfdc23f8877e9c474975aa6,1.0,1337674578,1,2,5,30,1,2,5,30
566,4b52730af964a520da7d27e3,1.0,1353829930,0,0,0,0,0,0,0,0
571,4b5c0fe0f964a520d62229e3,1.0,1333536841,0,0,0,0,0,0,0,0
572,4b35a0aaf964a5204a2e25e3,1.0,1337160625,0,0,0,0,0,0,0,0
578,4b5bad9cf964a520820f29e3,1.0,1341391786,0,0,0,0,0,0,0,0
579,4b5e654bf964a520fa8c29e3,1.0,1338886983,0,0,1,1,0,0,1,1
579,4b77a99ff964a52002a62ee3,1.0,1353917249,0,0,1,1,0,0,1,1
580,4b5c0fe0f964a520d62229e3,1.0,1336038845,0,0,0,0,0,0,0,0
582,4b7af3d1f964a520e3472fe3,1.0,1343466693,0,0,0,0,0,0,0,0
583,4b63eb4ff964a52015972ae3,1.0,1353580542,0,0,0,0,0,0,0,0
584,4b6f9ee6f964a5202af82ce3,1.0,1337149979,0,0,0,0,0,0,0,0
586,4b7af3d1f964a520e3472fe3,1.0,1336474751,0,0,0,0,0,0,0,0
587,4b582d82f964a520084d28e3,1.0,1351407035,0,0,0,0,0,0,0,0
59,4b690990f964a52098972be3,1.0,1340802283,0,0,0,0,0,0,0,0
590,4b63f798f964a52028992ae3,1.0,1339228110,0,0,10,243,0,0,10,233
590,4e910f436d8615aa713956d3,1.0,1341735369,0,0,10,243,0,0,10,233
591,4b35a0aaf964a5204a2e25e3,1.0,1340013073,0,0,0,0,0,0,0,0
593,4b5beeb7f964a520d61d29e3,1.0,1334978217,0,8,55,1312,0,6,35,803
593,4b5c0fe0f964a520d62229e3,1.0,1334989569,0,9,49,1238,0,6,35,803
593,4b6170d8f964a520a7132ae3,1.0,1335087532,0,7,42,962,0,6,35,803
596,4b35706ff964a5202b2d25e3,1.0,1353058900,0,3,76,2084,0,2,51,1363
596,4b49a6bef964a5202b7226e3,1.0,1337409419,3,74,1543,32271,3,67,1429,28953
596,4b5542c8f964a52027e027e3,1.0,1336192809,3,74,1560,32751,3,67,1429,28953
596,4b57171cf964a520052628e3,1.0,1338008873,1,6,20,469,1,4,15,391
596,4b5a9d21f964a520c6cd28e3,1.0,1338017948,1,6,27,702,1,4,9,301
596,4b5bfab8f964a520e91f29e3,1.0,1350120483,3,68,1525,31851,3,67,1429,28953
596,4b67d1a8f964a520795e2be3,1.0,1341622165,0,0,18,428,0,0,9,232
596,4b6f9ee6f964a5202af82ce3,1.0,1343619535,0,7,46,1134,0,3,12,314
596,4b88c6bbf964a520000d32e3,1.0,1337407720,3,68,1525,31882,3,67,1429,28953
598,4b582d82f964a520084d28e3,1.0,1349689433,0,0,12,294,0,0,12,270
598,4b5c0be8f964a520562229e3,1.0,1335004240,0,0,12,294,0,0,12,270
599,4b35706ff964a5202b2d25e3,1.0,1341765458,0,0,0,0,0,0,0,0
601,4b526ce7f964a520a67c27e3,1.0,1351047190,0,0,0,0,0,0,0,0
601,4c78a007df08a1cddf47d85d,1.0,1352199795,0,0,0,0,0,0,0,0
602,4b88c6bbf964a520000d32e3,1.0,1342162399,0,0,0,0,0,0,0,0
605,4b7520b8f964a520b6fe2de3,1.0,1335435123,1,20,287,4389,1,20,285,4370
605,4e910f436d8615aa713956d3,1.0,1336389974,1,20,287,4389,1,20,285,4370
607,4b63eb4ff964a52015972ae3,1.0,1353231071,0,0,14,319,0,0,12,297
607,4b6f9ee6f964a5202af82ce3,1.0,1351416530,0,0,14,319,0,0,12,297
61,4b35706ff964a5202b2d25e3,1.0,1353404613,2,38,384,5031,2,25,298,3343
61,4b52730af964a520da7d27e3,1.0,1353129605,2,34,359,4466,2,25,298,3343
61,4b5bad9cf964a520820f29e3,1.0,1341122933,1,27,385,6607,1,20,298,4432
61,4b5beeb7f964a520d61d29e3,1.0,1351491668,1,32,392,6784,1,20,298,4432
61,4b5c0fe0f964a520d62229e3,1.0,1353751596,0,20,117,2798,0,8,65,1437
61,4b6170d8f964a520a7132ae3,1.0,1344588015,2,35,390,5155,2,25,298,3343
61,4b6c9fc7f964a5206b472ce3,1.0,1342445616,0,4,27,699,0,2,14,365
611,4b58051ef964a520c54828e3,1.0,1334454491,0,0,1,5,0,0,1,4
611,4b65817ef964a520bdf22ae3,1.0,1336208224,0,0,1,5,0,0,1,4
612,4b6929aaf964a520ad9a2be3,1.0,1336812631,1,17,203,2579,1,17,203,2565
612,4bd0416e9854d13a5252f74d,1.0,1336813548,1,17,203,2579,1,17,203,2565
614,4b7e29e5f964a520ebe42fe3,1.0,1341819522,0,0,0,0,0,0,0,0
615,4b5542c8f964a52027e027e3,1.0,1334052963,0,0,16,407,0,0,16,405
615,4bb596022ea1952114a4aa2f,1.0,1334308640,0,0,16,407,0,0,16,405
618,4dc5dfb4d164eb9c9ffb73ec,1.0,1339473820,0,0,0,0,0,0,0,0
62,4b5bb41df964a520111129e3,1.0,1337143992,2,48,662,10893,2,37,555,8245
62,4b6a851bf964a52093d72be3,1.0,1350018587,2,47,654,10720,2,37,555,8245
62,4b7af3d1f964a520e3472fe3,1.0,1340002250,0,15,120,3386,0,11,80,2241
62,4e910f436d8615aa713956d3,1.0,1333526197,2,40,648,10351,2,37,555,8245
621,4b90ffe3f964a520729e33e3,1.0,1338097895,0,0,0,0,0,0,0,0
622,4b5bb41df964a520111129e3,1.0,1339902352,0,1,3,84,0,1,3,77
622,4b5be175f964a5206c1b29e3,1.0,1336879156,0,1,3,84,0,1,3,77
63,4b6c9fc7f964a5206b472ce3,1.0,1334382998,0,0,10,216,0,0,9,196
63,4dd3951cd22dc96be80944d4,1.0,1341394673,0,0,10,216,0,0,9,196
630,4b5542c8f964a52027e027e3,1.0,1350467742,1,26,507,10552,1,26,505,10461
630,4b62da14f964a5208c552ae3,1.0,1351666998,1,26,507,10552,1,26,505,10461
631,4d44f7491ed56dcb0c3bb654,1.0,1351403422,0,0,1,2,0,0,1,2
631,4d87295c40a7a35d82fc41be,1.0,1351251644,0,0,1,2,0,0,1,2
635,4b88c6bbf964a520000d32e3,1.0,1345459677,0,0,0,0,0,0,0,0
637,4b7f9ce7f964a520b33630e3,1.0,1337409962,0,0,0,0,0,0,0,0
64,4b35a0aaf964a5204a2e25e3,1.0,1353041136,0,0,1,30,0,0,1,29
64,4b5be59df964a520331c29e3,1.0,1336896941,0,0,1,30,0,0,1,29
642,4b5c0fe0f964a520d62229e3,1.0,1339394682,0,0,0,0,0,0,0,0
643,4b5c0be8f964a520562229e3,1.0,1334988017,0,0,0,0,0,0,0,0
644,4b5c0fe0f964a520d62229e3,1.0,1334570565,0,0,0,0,0,0,0,0
645,4b526ce7f964a520a67c27e3,1.0,1335414294,1,15,168,1896,1,15,164,1794
645,4b6170d8f964a520a7132ae3,1.0,1337668947,1,15,168,1896,1,15,164,1794
65,4b690990f964a52098972be3,1.0,1336195797,0,0,0,0,0,0,0,0
651,4b526ce7f964a520a67c27e3,1.0,1339324468,0,2,43,1101,0,2,34,777
651,4b5aa058f964a52068ce28e3,1.0,1341730106,2,52,1060,22190,2,46,993,20337
651,4bd962602e6f0f4780610a08,1.0,1336192809,2,46,1032,21527,2,46,993,20337
651,4d526ef4e02754816d6eb4b6,1.0,1336194892,2,48,1043,21858,2,46,993,20337
652,4b5aa58bf964a52048cf28e3,1.0,1335937585,1,15,219,2885,1,14,209,2641
652,4b6929aaf964a520ad9a2be3,1.0,1338798902,1,14,220,2895,1,14,209,2641
652,4b6c9fc7f964a5206b472ce3,1.0,1336175596,0,1,11,254,0,1,9,199
652,4dc5dfb4d164eb9c9ffb73ec,1.0,1334301758,0,0,0,0,0,0,0,0
668,4b5c0fe0f964a520d62229e3,1.0,1334200742,0,0,0,0,0,0,0,0
672,4b5beeb7f964a520d61d29e3,1.0,1337152620,0,0,0,12,0,0,0,6
672,4b600f20f964a52087d429e3,1.0,1334919466,0,0,0,12,0,0,0,6
679,4b5c0fe0f964a520d62229e3,1.0,1353242034,0,0,0,0,0,0,0,0
680,4b5beeb7f964a520d61d29e3,1.0,1334982654,0,0,0,0,0,0,0,0
685,4b7af3d1f964a520e3472fe3,1.0,1344575964,0,0,0,0,0,0,0,0
686,4b35a0aaf964a5204a2e25e3,1.0,1343641620,0,0,0,0,0,0,0,0
691,4b5beeb7f964a520d61d29e3,1.0,1339219512,0,0,0,0,0,0,0,0
692,4b7af3d1f964a520e3472fe3,1.0,1344660003,0,0,0,0,0,0,0,0
693,4b5bad9cf964a520820f29e3,1.0,1336115361,0,3,35,806,0,3,31,697
693,4b5c0fe0f964a520d62229e3,1.0,1353400749,0,3,35,806,0,3,31,697
695,4b6c9fc7f964a5206b472ce3,1.0,1339921840,0,0,0,0,0,0,0,0
698,4b6c9fc7f964a5206b472ce3,1.0,1339069544,0,0,0,0,0,0,0,0
699,4b5aa058f964a52068ce28e3,1.0,1353647368,2,62,1084,22934,2,53,999,20396
699,4b7af3d1f964a520e3472fe3,1.0,1338085775,2,66,1098,23255,2,53,999,20396
699,4b7e29e5f964a520ebe42fe3,1.0,1347765368,2,62,1082,22847,2,53,999,20396
70,4b5e654bf964a520fa8c29e3,1.0,1337232704,0,0,0,0,0,0,0,0
700,4c14b3e5a5eb76b0a924c2b7,1.0,1336610810,0,0,0,0,0,0,0,0
701,4b91b2e9f964a520c9d033e3,1.0,1353391187,0,0,0,0,0,0,0,0
707,4b5bf603f964a520171f29e3,1.0,1353740252,0,0,0,4,0,0,0,4
707,4b68f365f964a5208a942be3,1.0,1335944457,0,0,0,4,0,0,0,4
708,4be7e5c588ed2d7faf2dcb1d,1.0,1336807705,0,0,0,0,0,0,0,0
709,4b5e654bf964a520fa8c29e3,1.0,1336534080,0,0,0,0,0,0,0,0
711,4b7af3d1f964a520e3472fe3,1.0,1337415363,1,33,550,11644,1,33,539,11091
711,4b7e29e5f964a520ebe42fe3,1.0,1339213064,1,33,550,11644,1,33,539,11091
712,4bb596022ea1952114a4aa2f,1.0,1341564921,0,0,0,0,0,0,0,0
713,4b6036e1f964a5204dda29e3,1.0,1338196007,0,0,0,0,0,0,0,0
718,4b35706ff964a5202b2d25e3,1.0,1353668543,3,40,496,5550,3,36,426,4560
718,4b6036e1f964a5204dda29e3,1.0,1344686345,3,39,475,5246,3,36,426,4560
718,4b6170d8f964a520a7132ae3,1.0,1342958077,3,41,492,5521,3,36,426,4560
718,4e4cfe4718388d49816f02a9,1.0,1339509183,3,36,467,5171,3,36,426,4560
725,4b651198f964a5208ee22ae3,1.0,1336881103,0,0,0,0,0,0,0,0
728,4b88c6bbf964a520000d32e3,1.0,1337841827,0,0,0,0,0,0,0,0
731,4b68f365f964a5208a942be3,1.0,1347688767,0,0,0,0,0,0,0,0
732,4d526ef4e02754816d6eb4b6,1.0,1342259677,0,0,0,0,0,0,0,0
733,4b35a0aaf964a5204a2e25e3,1.0,1333854233,4,82,1216,19227,4,64,1003,14279
733,4b5aa058f964a52068ce28e3,1.0,1339908528,0,14,198,5102,0,11,148,3483
733,4b5beeb7f964a520d61d29e3,1.0,1353823188,4,81,1198,18966,4,64,1003,14279
733,4b6a851bf964a52093d72be3,1.0,1339302885,4,84,1216,19300,4,64,1003,14279
733,4b91b2e9f964a520c9d033e3,1.0,1336198690,4,70,1142,17585,4,64,1003,14279
733,4dd3951cd22dc96be80944d4,1.0,1338548544,4,71,1246,19494,4,64,1003,14279
74,4b697a2ef964a520d6a32be3,1.0,1340097799,0,0,0,0,0,0,0,0
742,4b5855d5f964a5204b5328e3,1.0,1344932459,1,6,23,317,1,4,11,142
742,4b5aa058f964a52068ce28e3,1.0,1351153259,1,31,546,11562,1,29,528,10935
742,4b5abaa5f964a52056d228e3,1.0,1351072635,1,4,23,262,1,4,11,163
742,4b7e29e5f964a520ebe42fe3,1.0,1351149327,1,29,544,11603,1,29,528,10935
744,4b6036e1f964a5204dda29e3,1.0,1336182521,0,0,0,0,0,0,0,0
747,4b5aa058f964a52068ce28e3,1.0,1342262197,0,2,38,944,0,2,38,919
747,4b5bad9cf964a520820f29e3,1.0,1335073060,0,2,38,944,0,2,38,919
748,4e13d537b61c18a826fcd777,1.0,1343446453,0,0,0,0,0,0,0,0
75,4b6036e1f964a5204dda29e3,1.0,1336814745,1,14,166,1833,1,14,164,1794
75,4b6170d8f964a520a7132ae3,1.0,1336192238,1,14,166,1833,1,14,164,1794
755,4b7af3d1f964a520e3472fe3,1.0,1341468934,0,0,0,0,0,0,0,0
756,4b63ca9ef964a520c5912ae3,1.0,1342435624,0,0,0,0,0,0,0,0
758,4b5855d5f964a5204b5328e3,1.0,1341644132,0,0,7,180,0,0,6,142
758,4d526ef4e02754816d6eb4b6,1.0,1336699151,0,0,7,180,0,0,6,142
760,4b49a6bef964a5202b7226e3,1.0,1352615126,0,5,102,3052,0,5,81,2241
760,4b58051ef964a520c54828e3,1.0,1339223136,0,0,13,348,0,0,6,129
760,4b5bad9cf964a520820f29e3,1.0,1339305841,4,78,1182,18459,4,64,986,14138
760,4b5bb41df964a520111129e3,1.0,1338100921,4,83,1242,19540,4,64,986,14138
760,4b6154f1f964a52056102ae3,1.0,1353741148,4,68,1162,17968,4,64,986,14138
760,4b7520b8f964a520b6fe2de3,1.0,1337416755,4,74,1173,18153,4,64,986,14138
760,4dd3951cd22dc96be80944d4,1.0,1339311798,4,82,1214,18908,4,64,986,14138
762,4b5aa058f964a52068ce28e3,1.0,1334214884,0,1,10,350,0,1,9,335
762,4b5aa58bf964a52048cf28e3,1.0,1352612107,0,1,9,348,0,1,9,335
762,4c25bf82f1272d7f026185c5,1.0,1344593625,0,0,1,2,0,0,1,2
766,4b7e29e5f964a520ebe42fe3,1.0,1341638199,0,0,0,0,0,0,0,0
767,4c4bff47bad7a5939ee1a0ac,1.0,1333544529,0,0,0,0,0,0,0,0
777,4dd3951cd22dc96be80944d4,1.0,1334030073,0,0,0,0,0,0,0,0
778,4b5a839df964a5201fc928e3,1.0,1341980532,0,0,0,0,0,0,0,0
778,4b62f3ddf964a5207f5a2ae3,1.0,1334995798,0,0,0,0,0,0,0,0
78,4b526ce7f964a520a67c27e3,1.0,1333852913,0,3,14,275,0,3,7,169
78,4b5a905df964a52084cb28e3,1.0,1336188910,1,16,215,2776,1,16,205,2597
78,4b5aa58bf964a52048cf28e3,1.0,1336193160,1,19,211,2729,1,16,205,2597
780,4c09d81c6071a593e6bade32,1.0,1343618739,0,0,0,0,0,0,0,0
784,4ef564018231c11154cb0744,1.0,1341111606,0,0,0,0,0,0,0,0
785,4b5c0fe0f964a520d62229e3,1.0,1338980763,1,20,218,2832,1,20,212,2641
785,4b6929aaf964a520ad9a2be3,1.0,1338979149,1,20,218,2832,1,20,212,2641
786,4b5542c8f964a52027e027e3,1.0,1341640088,1,24,561,11977,1,23,529,10935
786,4b57041cf964a520e82228e3,1.0,1339227697,0,0,0,0,0,0,0,0
786,4b582d82f964a520084d28e3,1.0,1353123612,0,2,61,1529,0,2,52,1326
786,4b5aa058f964a52068ce28e3,1.0,1341640867,1,24,578,12276,1,23,529,10935
787,4b63f798f964a52028992ae3,1.0,1334979451,0,0,4,82,0,0,4,81
787,4b6929aaf964a520ad9a2be3,1.0,1335578597,0,0,4,82,0,0,4,81
789,4b35706ff964a5202b2d25e3,1.0,1333619378,2,41,451,6563,2,26,311,3406
789,4b49a6bef964a5202b7226e3,1.0,1336897366,1,29,675,15175,1,25,556,10797
789,4b526ce7f964a520a67c27e3,1.0,1338543224,2,35,413,5529,2,26,311,3406
789,4b57171cf964a520052628e3,1.0,1344927975,0,4,30,677,0,3,15,391
789,4b5aa058f964a52068ce28e3,1.0,1344666755,1,42,737,16628,1,25,556,10797
789,4b5aa58bf964a52048cf28e3,1.0,1338023117,0,6,85,2301,0,3,44,1202
789,4b5bad9cf964a520820f29e3,1.0,1335596319,2,49,713,12131,2,35,556,8508
789,4b5bb41df964a520111129e3,1.0,1335591822,2,57,764,13571,2,35,556,8508
789,4b5be175f964a5206c1b29e3,1.0,1345267172,0,1,7,216,0,1,3,90
789,4b5beeb7f964a520d61d29e3,1.0,1335596870,2,53,748,12972,2,35,556,8508
789,4b6170d8f964a520a7132ae3,1.0,1333531537,2,40,448,6572,2,26,311,3406
789,4b651b5df964a52079e42ae3,1.0,1344151727,0,5,45,1187,0,3,30,704
79,4b63eb4ff964a52015972ae3,1.0,1336199739,1,23,498,10443,1,23,486,10104
79,4b88c6bbf964a520000d32e3,1.0,1336199466,1,23,499,10470,1,23,486,10104
79,4bc04e402a89ef3bd45cf088,1.0,1351402424,0,0,25,703,0,0,25,681
791,4b526ce7f964a520a67c27e3,1.0,1335421204,0,0,0,0,0,0,0,0
795,4c1b527463750f475aa2b467,1.0,1351303777,0,0,0,0,0,0,0,0
797,4b58051ef964a520c54828e3,1.0,1337994988,0,0,0,0,0,0,0,0
798,4b5aa58bf964a52048cf28e3,1.0,1352610495,0,0,0,0,0,0,0,0
800,4b697a2ef964a520d6a32be3,1.0,1335068705,0,0,0,0,0,0,0,0
801,4b35a0aaf964a5204a2e25e3,1.0,1353924793,1,19,301,4637,1,19,293,4455
801,4e910f436d8615aa713956d3,1.0,1339911555,1,19,301,4637,1,19,293,4455
804,4b5bfd03f964a520462029e3,1.0,1334838576,0,0,6,136,0,0,6,136
804,4be81b324485d13ad40294ee,1.0,1339488914,0,0,6,136,0,0,6,136
805,4b6f9ee6f964a5202af82ce3,1.0,1333502594,0,0,0,0,0,0,0,0
807,4b5abaa5f964a52056d228e3,1.0,1340785426,1,5,10,54,1,4,10,30
807,4b5c0fe0f964a520d62229e3,1.0,1338870169,0,1,1,37,0,1,1,30
807,4b652cfff964a5209ee72ae3,1.0,1339298104,1,4,11,27,1,4,10,23
808,4b35a0aaf964a5204a2e25e3,1.0,1338103576,1,21,344,5625,1,19,302,4552
808,4b5bb41df964a520111129e3,1.0,1343446926,1,23,345,5692,1,19,302,4552
808,4b6170d8f964a520a7132ae3,1.0,1351317576,0,7,80,1541,0,4,38,808
808,4b68f365f964a5208a942be3,1.0,1351327763,0,5,47,710,0,3,38,530
81,4b5be59df964a520331c29e3,1.0,1341721603,0,0,0,0,0,0,0,0
812,4b57171cf964a520052628e3,1.0,1335408497,1,4,2,10,1,4,2,10
812,4b5a9d21f964a520c6cd28e3,1.0,1335418142,1,4,2,10,1,4,2,10
814,4b90ffe3f964a520729e33e3,1.0,1336187177,0,0,0,0,0,0,0,0
815,4b5c0fe0f964a520d62229e3,1.0,1341383159,0,0,0,0,0,0,0,0
818,4b5c0fe0f964a520d62229e3,1.0,1338885038,0,0,0,0,0,0,0,0
819,4b58051ef964a520c54828e3,1.0,1343553611,0,0,0,0,0,0,0,0
820,4bb596022ea1952114a4aa2f,1.0,1337164602,0,0,0,0,0,0,0,0
822,4b5bf603f964a520171f29e3,1.0,1336539502,1,5,5,15,1,5,5,9
822,4b651198f964a5208ee22ae3,1.0,1336538181,1,5,5,19,1,5,5,9
822,4ba61ca4f964a5207c3439e3,1.0,1345262877,0,0,0,10,0,0,0,9
822,4bb6ddd61344b71328309e04,1.0,1334215149,1,1,0,0,1,1,0,0
822,4c52e2429426c9286b97ee75,1.0,1341741255,1,1,0,0,1,1,0,0
824,4b63eb4ff964a52015972ae3,1.0,1341572118,0,0,0,0,0,0,0,0
825,4b5c0fe0f964a520d62229e3,1.0,1353666654,0,0,0,0,0,0,0,0
828,4b49a6bef964a5202b7226e3,1.0,1353664153,0,0,0,0,0,0,0,0
83,4b5c0fe0f964a520d62229e3,1.0,1342262977,0,0,0,0,0,0,0,0
833,4b5c0be8f964a520562229e3,1.0,1339908883,0,0,0,0,0,0,0,0
834,4b63ca9ef964a520c5912ae3,1.0,1338540105,1,27,562,11896,1,27,539,11091
834,4b6929aaf964a520ad9a2be3,1.0,1341473435,0,4,29,870,0,3,23,686
834,4b701193f964a520c9052de3,1.0,1335281759,0,1,1,35,0,1,1,34
834,4b7af3d1f964a520e3472fe3,1.0,1338539880,1,30,568,12071,1,27,539,11091
835,4b5e654bf964a520fa8c29e3,1.0,1336908979,0,1,4,31,0,1,3,26
835,4b63f798f964a52028992ae3,1.0,1335268777,0,1,3,30,0,1,3,26
835,4c456aeff0bdd13aa2e5cacc,1.0,1352627820,0,0,1,9,0,0,1,8
836,4b5c0fe0f964a520d62229e3,1.0,1339669891,1,20,220,2881,1,20,212,2641
836,4b6929aaf964a520ad9a2be3,1.0,1335079829,1,22,218,2833,1,20,212,2641
836,4b6d2fe6f964a520976a2ce3,1.0,1334224124,0,1,1,21,0,1,1,21
836,4b701193f964a520c9052de3,1.0,1341758543,0,1,1,35,0,1,1,34
837,4b7af3d1f964a520e3472fe3,1.0,1340789964,0,0,0,0,0,0,0,0
838,4b5aa58bf964a52048cf28e3,1.0,1353743171,0,0,0,0,0,0,0,0
84,4b6a851bf964a52093d72be3,1.0,1353401300,0,0,0,0,0,0,0,0
843,4b5bb41df964a520111129e3,1.0,1342250044,0,6,35,932,0,6,31,748
843,4b5c0fe0f964a520d62229e3,1.0,1353805951,0,6,35,932,0,6,31,748
844,4b63f798f964a52028992ae3,1.0,1341737843,0,0,0,0,0,0,0,0
847,4b5c0be8f964a520562229e3,1.0,1335589892,0,3,37,1005,0,3,29,589
847,4b62da14f964a5208c552ae3,1.0,1339921924,1,26,562,11785,1,25,532,10930
847,4b7af3d1f964a520e3472fe3,1.0,1335426491,1,28,567,11931,1,25,532,10930
847,4b7f9ce7f964a520b33630e3,1.0,1334824445,0,0,0,0,0,0,0,0
847,4bd91f570115c9b63b8b7680,1.0,1337594123,0,1,8,147,0,1,5,131
849,4b49a6bef964a5202b7226e3,1.0,1337339509,4,98,2102,44148,4,88,1876,37780
849,4b5542c8f964a52027e027e3,1.0,1344762152,4,108,2125,44717,4,88,1876,37780
849,4b5c0fe0f964a520d62229e3,1.0,1336206242,1,41,426,8342,1,20,213,2723
849,4b5e654bf964a520fa8c29e3,1.0,1336882852,0,2,9,314,0,1,5,150
849,4b62da14f964a5208c552ae3,1.0,1335585204,4,98,2082,43549,4,88,1876,37780
849,4b6c9fc7f964a5206b472ce3,1.0,1344585281,0,3,18,561,0,2,12,365
849,4b7af3d1f964a520e3472fe3,1.0,1337339462,4,110,2242,47455,4,88,1876,37780
849,4bc04e402a89ef3bd45cf088,1.0,1337245079,0,5,101,2445,0,3,58,1437
849,4bd0416e9854d13a5252f74d,1.0,1350126934,1,22,276,4179,1,20,213,2723
849,4bd962602e6f0f4780610a08,1.0,1335697697,4,91,2087,43512,4,88,1876,37780
850,4b5aa058f964a52068ce28e3,1.0,1350033089,0,0,0,0,0,0,0,0
851,4b62da14f964a5208c552ae3,1.0,1336984586,0,0,0,0,0,0,0,0
852,4b0587b8f964a52012a122e3,1.0,1341812419,2,33,635,10464,2,32,555,8508
852,4b35706ff964a5202b2d25e3,1.0,1345270485,1,22,247,3981,1,18,194,2564
852,4b52730af964a520da7d27e3,1.0,1338361170,1,18,212,3100,1,18,194,2564
852,4b5aa058f964a52068ce28e3,1.0,1341736108,1,37,673,14624,1,26,555,10738
852,4b5beeb7f964a520d61d29e3,1.0,1342230708,2,44,678,11471,2,32,555,8508
852,4b6154f1f964a52056102ae3,1.0,1342252663,2,34,633,10374,2,32,555,8508
852,4d526ef4e02754816d6eb4b6,1.0,1341727434,1,28,624,13742,1,26,555,10738
854,4b5542c8f964a52027e027e3,1.0,1335523125,0,5,41,1148,0,5,36,993
854,4b5c0fe0f964a520d62229e3,1.0,1336120644,0,5,41,1148,0,5,36,993
857,4b35a0aaf964a5204a2e25e3,1.0,1341718828,0,0,0,0,0,0,0,0
86,4b5aa67af964a52072cf28e3,1.0,1344757405,0,0,0,0,0,0,0,0
861,4b35a0aaf964a5204a2e25e3,1.0,1344593894,0,0,0,0,0,0,0,0
863,4b5aa058f964a52068ce28e3,1.0,1336193149,0,0,0,0,0,0,0,0
865,4b5bb41df964a520111129e3,1.0,1340775284,0,0,0,0,0,0,0,0
866,4b5542c8f964a52027e027e3,1.0,1338888733,0,4,15,422,0,3,11,283
866,4b5e654bf964a520fa8c29e3,1.0,1344930712,0,1,4,138,0,1,4,135
866,4b6f9ee6f964a5202af82ce3,1.0,1337238571,0,3,11,310,0,3,11,283
870,4b5855d5f964a5204b5328e3,1.0,1343541662,0,0,0,4,0,0,0,4
870,4b7bc5d9f964a520996d2fe3,1.0,1343464536,0,0,0,4,0,0,0,4
875,4b5d6871f964a5201d5c29e3,1.0,1335071855,0,0,0,0,0,0,0,0
878,4b5bad9cf964a520820f29e3,1.0,1351407701,0,1,11,290,0,1,11,282
878,4b6929aaf964a520ad9a2be3,1.0,1338103675,0,1,11,290,0,1,11,282
879,4b5bb41df964a520111129e3,1.0,1342247292,0,7,41,1245,0,7,38,1084
879,4b7af3d1f964a520e3472fe3,1.0,1340616713,0,7,41,1245,0,7,38,1084
880,4b624c63f964a52003412ae3,1.0,1352114983,0,0,0,0,0,0,0,0
882,4b5c0fe0f964a520d62229e3,1.0,1344664133,0,0,16,226,0,0,16,213
882,4b63e2c1f964a520c0952ae3,1.0,1342160013,0,0,16,226,0,0,16,213
884,4b5beeb7f964a520d61d29e3,1.0,1335585872,0,0,0,0,0,0,0,0
888,4fab91a3e4b05cb20097aa45,1.0,1351419184,0,0,0,0,0,0,0,0
889,4f7f9ceae4b023c637e055ec,1.0,1335680770,0,0,0,0,0,0,0,0
890,4b5bf603f964a520171f29e3,1.0,1337833539,0,0,0,0,0,0,0,0
897,4b7e29e5f964a520ebe42fe3,1.0,1349684595,0,0,0,0,0,0,0,0
898,4b5855d5f964a5204b5328e3,1.0,1338109865,0,0,0,0,0,0,0,0
90,4b5a905df964a52084cb28e3,1.0,1337339985,0,0,4,85,0,0,4,85
90,4f081a44e4b06fab19031bcb,1.0,1333851510,0,0,4,85,0,0,4,85
901,4b5d6871f964a5201d5c29e3,1.0,1337075925,0,0,0,0,0,0,0,0
902,4b5aa5eff964a5205ccf28e3,1.0,1342339930,1,1,0,1,1,1,0,1
902,4b5aa67af964a52072cf28e3,1.0,1342342093,1,1,0,1,1,1,0,1
909,4b5bfd03f964a520462029e3,1.0,1334834438,0,0,9,261,0,0,9,260
909,4bd0416e9854d13a5252f74d,1.0,1341655714,0,0,9,261,0,0,9,260
92,4b0587b8f964a52012a122e3,1.0,1351135865,0,2,32,647,0,2,31,625
92,4b5c0fe0f964a520d62229e3,1.0,1340789874,0,2,32,647,0,2,31,625
921,4b5542c8f964a52027e027e3,1.0,1333617965,2,53,1029,21494,2,44,980,20112
921,4b6f9ee6f964a5202af82ce3,1.0,1337942427,0,4,32,835,0,3,12,314
921,4b7e29e5f964a520ebe42fe3,1.0,1353059272,2,51,1040,21742,2,44,980,20112
921,4fab974be4b05cb200996955,1.0,1344245014,2,44,1011,20933,2,44,980,20112
927,4b5aa058f964a52068ce28e3,1.0,1349692677,1,26,526,11044,1,26,518,10738
927,4d526ef4e02754816d6eb4b6,1.0,1337160891,1,26,526,11044,1,26,518,10738
928,4b600f20f964a52087d429e3,1.0,1333882499,1,1,0,1,1,1,0,1
928,4b7a66d4f964a520dd2b2fe3,1.0,1333867097,1,1,0,1,1,1,0,1
93,4b5bb41df964a520111129e3,1.0,1339655701,0,0,0,0,0,0,0,0
931,4b35a0aaf964a5204a2e25e3,1.0,1347682794,0,0,7,145,0,0,6,122
931,4b58051ef964a520c54828e3,1.0,1334988477,0,0,7,145,0,0,6,122
935,4b0587b8f964a52012a122e3,1.0,1341982572,2,33,557,8588,2,33,537,8046
935,4b5e654bf964a520fa8c29e3,1.0,1344755034,0,0,6,158,0,0,6,150
935,4b6a851bf964a52093d72be3,1.0,1344940510,2,36,571,8807,2,33,537,8046
935,4b91b2e9f964a520c9d033e3,1.0,1344940428,2,35,546,8371,2,33,537,8046
942,4b5d6871f964a5201d5c29e3,1.0,1335088464,0,0,0,0,0,0,0,0
943,4b5bb41df964a520111129e3,1.0,1334120681,1,21,331,5499,1,21,298,4505
943,4b5beeb7f964a520d61d29e3,1.0,1344576146,1,21,330,5479,1,21,298,4505
943,4ff147c5e4b05cede0ddeddc,1.0,1344932780,0,0,43,1242,0,0,39,1122
944,4b5aa58bf964a52048cf28e3,1.0,1336187221,2,39,425,5420,2,30,383,4659
944,4b5c0fe0f964a520d62229e3,1.0,1341742755,2,43,433,5517,2,30,383,4659
944,4bd0416e9854d13a5252f74d,1.0,1340792955,2,34,430,5441,2,30,383,4659
948,4b697a2ef964a520d6a32be3,1.0,1336529748,0,0,0,0,0,0,0,0
949,4b6c9fc7f964a5206b472ce3,1.0,1344650365,0,0,0,0,0,0,0,0
95,4b5542c8f964a52027e027e3,1.0,1341729018,1,23,521,10870,1,23,513,10638
95,4d526ef4e02754816d6eb4b6,1.0,1336986534,1,23,521,10870,1,23,513,10638
951,4b7af3d1f964a520e3472fe3,1.0,1337399250,1,28,552,11582,1,27,532,10930
951,4b88c6bbf964a520000d32e3,1.0,1337397922,1,27,546,11378,1,27,532,10930
951,4be81b324485d13ad40294ee,1.0,1335084185,0,1,11,318,0,1,9,272
951,4d577b04e319a1cdeb420534,1.0,1335269917,0,2,21,572,0,1,19,440
953,4b7520b8f964a520b6fe2de3,1.0,1342342238,1,20,295,4733,1,20,285,4370
953,4bd962602e6f0f4780610a08,1.0,1335681479,0,0,20,784,0,0,17,719
953,4e910f436d8615aa713956d3,1.0,1341653204,1,20,299,4829,1,20,285,4370
954,4b6f9ee6f964a5202af82ce3,1.0,1338267171,0,0,0,0,0,0,0,0
955,4b6929aaf964a520ad9a2be3,1.0,1336889905,0,0,0,0,0,0,0,0
956,4b36cbc0f964a5209d3c25e3,1.0,1339223141,0,0,1,3,0,0,1,3
956,4b6f9ee6f964a5202af82ce3,1.0,1334210507,0,0,1,3,0,0,1,3
958,4d3a7f9317312c0fc7e629f2,1.0,1341645893,0,0,0,0,0,0,0,0
96,4b52730af964a520da7d27e3,1.0,1336556489,0,1,1,6,0,1,1,5
96,4b600f20f964a52087d429e3,1.0,1336552920,0,1,1,6,0,1,1,5
962,4b76624df964a520594a2ee3,1.0,1336816697,0,0,0,0,0,0,0,0
963,4b5bad9cf964a520820f29e3,1.0,1350467248,1,18,296,4565,1,18,290,4425
963,4e910f436d8615aa713956d3,1.0,1342088833,1,18,296,4565,1,18,290,4425
964,4b5be59df964a520331c29e3,1.0,1338007660,0,0,0,0,0,0,0,0
965,4b7bc5d9f964a520996d2fe3,1.0,1343455857,0,0,0,0,0,0,0,0
968,4b5aa058f964a52068ce28e3,1.0,1333614401,0,0,0,0,0,0,0,0
970,4bc04e402a89ef3bd45cf088,1.0,1334382982,0,0,0,0,0,0,0,0
972,4b35a0aaf964a5204a2e25e3,1.0,1333524812,3,52,903,13865,3,49,778,11361
972,4b582d82f964a520084d28e3,1.0,1337241731,3,54,875,13433,3,49,778,11361
972,4b7520b8f964a520b6fe2de3,1.0,1334914513,3,56,871,13325,3,49,778,11361
972,4dd3951cd22dc96be80944d4,1.0,1334994200,3,60,897,13749,3,49,778,11361
974,4b5beeb7f964a520d61d29e3,1.0,1344151091,0,1,14,178,0,1,14,170
974,4c1b527463750f475aa2b467,1.0,1339659706,0,1,14,178,0,1,14,170
977,4b582d82f964a520084d28e3,1.0,1335241922,0,0,0,0,0,0,0,0
979,4b58051ef964a520c54828e3,1.0,1352598561,0,1,2,96,0,1,2,58
979,4b5c0fe0f964a520d62229e3,1.0,1351249462,0,1,2,96,0,1,2,58
98,4bd962602e6f0f4780610a08,1.0,1337163318,0,0,0,0,0,0,0,0
990,4b63f798f964a52028992ae3,1.0,1339049362,0,1,0,1,0,1,0,1
990,4b690d8ef964a520ff972be3,1.0,1339061406,0,1,0,1,0,1,0,1
991,4b0587b8f964a52012a122e3,1.0,1351316742,1,18,290,4464,1,18,289,4404
991,4b35a0aaf964a5204a2e25e3,1.0,1351317704,1,18,290,4464,1,18,289,4404
992,4b58051ef964a520c54828e3,1.0,1344941074,1,2,2,14,1,2,1,8
992,4b67d1a8f964a520795e2be3,1.0,1341634874,1,3,2,14,1,2,1,8
992,4b90ffe3f964a520729e33e3,1.0,1335438813,0,1,2,16,0,1,1,8
994,4b6f9ee6f964a5202af82ce3,1.0,1337421746,0,0,0,0,0,0,0,0
997,4ba5cae4f964a520962239e3,1.0,1353046134,0,0,6,132,0,0,5,110
997,4f6bd465e4b0600330d4066c,1.0,1334914678,0,0,6,132,0,0,5,110
